[01:36:31] [main/INFO] (cpw.mods.modlauncher.Launcher) ModLauncher running: args [--launchTarget, forge_userdev_client, --version, MOD_DEV, --assetIndex, 1.20.4-12, --assetsDir, C:\Users\13475\.gradle\caches\fabric-loom\assets, --gameDir, ., -mixin.config, depression.mixins.json, --mixin.config, depression.mixins.json]
[01:36:31] [main/INFO] (cpw.mods.modlauncher.Launcher) JVM identified as Oracle Corporation Java HotSpot(TM) 64-Bit Server VM 17.0.8+9-LTS-211
[01:36:31] [main/INFO] (cpw.mods.modlauncher.Launcher) ModLauncher 10.1.2 starting: java version 17.0.8 by Oracle Corporation; OS Windows 11 arch amd64 version 10.0
[01:36:31] [main/DEBUG] (cpw.mods.modlauncher.LaunchServiceHandler) Found launch services [forge_userdev_client,forge_dev_data,minecraft,forge_userdev_server_gametest,forge_dev_client,forge_userdev_data,forge_dev_server_gametest,testharness,forge_userdev_server,forge_client,forge_dev_server,forge_server]
[01:36:31] [main/DEBUG] (cpw.mods.modlauncher.NameMappingServiceHandler) Found naming services : [srgtoyarn]
[01:36:31] [main/DEBUG] (cpw.mods.modlauncher.LaunchPluginHandler) Found launch plugins: [mixin,eventbus,slf4jfixer,object_holder_definalize,runtime_enum_extender,unprotect,capability_token_subclass,accesstransformer,runtimedistcleaner]
[01:36:31] [main/DEBUG] (cpw.mods.modlauncher.TransformationServicesHandler) Discovering transformation services
[01:36:31] [main/DEBUG] (net.minecraftforge.fml.loading.FMLPaths) Path GAMEDIR is D:\MinecraftModProject\Depression1.20.4\forge\run
[01:36:31] [main/DEBUG] (net.minecraftforge.fml.loading.FMLPaths) Path MODSDIR is D:\MinecraftModProject\Depression1.20.4\forge\run\mods
[01:36:31] [main/DEBUG] (net.minecraftforge.fml.loading.FMLPaths) Path CONFIGDIR is D:\MinecraftModProject\Depression1.20.4\forge\run\config
[01:36:31] [main/DEBUG] (net.minecraftforge.fml.loading.FMLPaths) Path FMLCONFIG is D:\MinecraftModProject\Depression1.20.4\forge\run\config\fml.toml
[01:36:31] [main/INFO] (net.minecraftforge.fml.loading.ImmediateWindowHandler) Loading ImmediateWindowProvider fmlearlywindow
[01:36:31] [main/INFO] (EARLYDISPLAY) Trying GL version 4.6
[01:36:32] [main/INFO] (EARLYDISPLAY) Requested GL version 4.6 got version 4.6
[01:36:32] [main/DEBUG] (cpw.mods.modlauncher.TransformationServicesHandler) Found transformer service: fml: /
[01:36:32] [main/DEBUG] (cpw.mods.modlauncher.TransformationServicesHandler) Found transformer service: ArchitecturyMixinRemapperInjector: /
[01:36:32] [main/DEBUG] (cpw.mods.modlauncher.TransformationServicesHandler) Found transformer service: mixin: /
[01:36:32] [main/DEBUG] (cpw.mods.modlauncher.TransformationServicesHandler) Transformation services loading
[01:36:32] [main/DEBUG] (cpw.mods.modlauncher.TransformationServiceDecorator) Loading service mixin
[01:36:32] [main/DEBUG] (cpw.mods.modlauncher.TransformationServiceDecorator) Loaded service mixin
[01:36:32] [main/DEBUG] (cpw.mods.modlauncher.TransformationServiceDecorator) Loading service fml
[01:36:32] [main/DEBUG] (net.minecraftforge.fml.loading.FMLLoader) Detected version data : VersionInfo[forgeVersion=49.1.2, mcVersion=1.20.4, mcpVersion=20231207.112700, forgeGroup=net.minecraftforge]
[01:36:32] [main/DEBUG] (net.minecraftforge.fml.loading.LauncherVersion) Found FMLLauncher version 49.1.2
[01:36:32] [main/DEBUG] (net.minecraftforge.fml.loading.FMLLoader) FML 49.1.2 loading
[01:36:32] [main/DEBUG] (net.minecraftforge.fml.loading.FMLLoader) Found ModLauncher version: 10.1.2
[01:36:32] [main/DEBUG] (net.minecraftforge.fml.loading.FMLLoader) Found AccessTransformer version: 8.1.1
[01:36:32] [main/DEBUG] (net.minecraftforge.fml.loading.FMLLoader) Found EventBus version: 6.2.0
[01:36:32] [main/DEBUG] (net.minecraftforge.fml.loading.FMLLoader) Found RuntimeDistCleaner version: 49.1.2
[01:36:32] [main/DEBUG] (net.minecraftforge.fml.loading.FMLLoader) FML found CoreMod version : 5.1.0
[01:36:32] [main/DEBUG] (net.minecraftforge.fml.loading.FMLLoader) Found ForgeSPI version: 7.1.3
[01:36:32] [main/DEBUG] (cpw.mods.modlauncher.TransformationServiceDecorator) Loaded service fml
[01:36:32] [main/DEBUG] (cpw.mods.modlauncher.TransformationServiceDecorator) Loading service ArchitecturyMixinRemapperInjector
[01:36:32] [main/DEBUG] (cpw.mods.modlauncher.TransformationServiceDecorator) Loaded service ArchitecturyMixinRemapperInjector
[01:36:32] [main/DEBUG] (cpw.mods.modlauncher.TransformationServicesHandler) Configuring option handling for services
[01:36:32] [main/DEBUG] (cpw.mods.modlauncher.TransformationServicesHandler) Transformation services initializing
[01:36:32] [main/DEBUG] (cpw.mods.modlauncher.TransformationServiceDecorator) Initializing transformation service mixin
[01:36:32] [main/DEBUG] (mixin) MixinService [ModLauncher] was successfully booted in SecureModuleClassLoader[SECURE-BOOTSTRAP]@196052901
[01:36:32] [main/INFO] (mixin) SpongePowered MIXIN Subsystem Version=0.8.5 Source=jar:file:///C:/Users/13475/.gradle/caches/modules-2/files-2.1/dev.architectury/mixin-patched/0.8.5.11/dd886ad7af30604cbd9aa0f1eb9fb95b079013ca/mixin-patched-0.8.5.11.jar!/ Service=ModLauncher Env=CLIENT
[01:36:32] [main/DEBUG] (mixin) Initialising Mixin Platform Manager
[01:36:32] [main/DEBUG] (mixin) Adding mixin platform agents for container ModLauncher Root Container(ModLauncher:4f56a0a2)
[01:36:32] [main/DEBUG] (mixin) Instancing new MixinPlatformAgentMinecraftForge for ModLauncher Root Container(ModLauncher:4f56a0a2)
[01:36:32] [main/DEBUG] (mixin) MixinPlatformAgentMinecraftForge rejected container ModLauncher Root Container(ModLauncher:4f56a0a2)
[01:36:32] [main/DEBUG] (mixin) Instancing new MixinPlatformAgentDefault for ModLauncher Root Container(ModLauncher:4f56a0a2)
[01:36:32] [main/DEBUG] (mixin) MixinPlatformAgentDefault accepted container ModLauncher Root Container(ModLauncher:4f56a0a2)
[01:36:32] [main/DEBUG] (cpw.mods.modlauncher.TransformationServiceDecorator) Initialized transformation service mixin
[01:36:32] [main/DEBUG] (cpw.mods.modlauncher.TransformationServiceDecorator) Initializing transformation service fml
[01:36:32] [main/DEBUG] (net.minecraftforge.fml.loading.FMLServiceProvider) Setting up basic FML game directories
[01:36:32] [main/DEBUG] (net.minecraftforge.fml.loading.FMLPaths) Path GAMEDIR is D:\MinecraftModProject\Depression1.20.4\forge\run
[01:36:32] [main/DEBUG] (net.minecraftforge.fml.loading.FMLPaths) Path MODSDIR is D:\MinecraftModProject\Depression1.20.4\forge\run\mods
[01:36:32] [main/DEBUG] (net.minecraftforge.fml.loading.FMLPaths) Path CONFIGDIR is D:\MinecraftModProject\Depression1.20.4\forge\run\config
[01:36:32] [main/DEBUG] (net.minecraftforge.fml.loading.FMLPaths) Path FMLCONFIG is D:\MinecraftModProject\Depression1.20.4\forge\run\config\fml.toml
[01:36:32] [main/DEBUG] (net.minecraftforge.fml.loading.FMLServiceProvider) Loading configuration
[01:36:32] [main/DEBUG] (net.minecraftforge.fml.loading.FMLServiceProvider) Preparing ModFile
[01:36:32] [main/DEBUG] (net.minecraftforge.fml.loading.FMLServiceProvider) Preparing launch handler
[01:36:32] [main/DEBUG] (net.minecraftforge.fml.loading.FMLLoader) Using forge_userdev_client as launch service
[01:36:32] [main/DEBUG] (AXFORM) Set name handler Service NameHandler from mcp to srg
[01:36:32] [main/DEBUG] (net.minecraftforge.fml.loading.RuntimeDistCleaner) Configuring for Dist CLIENT
[01:36:32] [main/DEBUG] (cpw.mods.modlauncher.TransformationServiceDecorator) Initialized transformation service fml
[01:36:32] [main/DEBUG] (cpw.mods.modlauncher.TransformationServiceDecorator) Initializing transformation service ArchitecturyMixinRemapperInjector
[01:36:32] [main/DEBUG] (cpw.mods.modlauncher.TransformationServiceDecorator) Initialized transformation service ArchitecturyMixinRemapperInjector
[01:36:32] [main/DEBUG] (cpw.mods.modlauncher.NameMappingServiceHandler) Current naming domain is 'mcp'
[01:36:32] [main/DEBUG] (cpw.mods.modlauncher.NameMappingServiceHandler) Identified name mapping providers {srg=dev.architectury.namingservice.ArchitecturyNamingService@3644d12a}
[01:36:32] [main/DEBUG] (cpw.mods.modlauncher.TransformationServicesHandler) Transformation services begin scanning
[01:36:32] [main/DEBUG] (cpw.mods.modlauncher.TransformationServiceDecorator) Beginning scan trigger - transformation service mixin
[01:36:32] [main/DEBUG] (cpw.mods.modlauncher.TransformationServiceDecorator) End scan trigger - transformation service mixin
[01:36:32] [main/DEBUG] (cpw.mods.modlauncher.TransformationServiceDecorator) Beginning scan trigger - transformation service fml
[01:36:32] [main/DEBUG] (net.minecraftforge.fml.loading.FMLServiceProvider) Initiating mod scan
[01:36:32] [main/DEBUG] (net.minecraftforge.fml.loading.FMLLoader) Scanning for Mod Locators
[01:36:32] [main/DEBUG] (net.minecraftforge.fml.loading.moddiscovery.ModDiscoverer) Found Mod Locators : (mods folder:null),(minecraft:null),(classpath:null),(forge_dev_locator:null),(forge_userdev_locator:null)
[01:36:32] [main/DEBUG] (net.minecraftforge.fml.loading.moddiscovery.ModDiscoverer) Found Dependency Locators : (JarInJar:null)
[01:36:32] [main/DEBUG] (net.minecraftforge.fml.loading.moddiscovery.ModDiscoverer) Scanning for mods and other resources to load. We know 5 ways to find mods
[01:36:32] [main/DEBUG] (net.minecraftforge.fml.loading.moddiscovery.ModDiscoverer) Trying locator {mods folder locator at D:\MinecraftModProject\Depression1.20.4\forge\run\mods}
[01:36:32] [main/DEBUG] (net.minecraftforge.fml.loading.moddiscovery.ModsFolderLocator) Scanning mods dir D:\MinecraftModProject\Depression1.20.4\forge\run\mods for mods
[01:36:32] [main/DEBUG] (net.minecraftforge.fml.loading.moddiscovery.ModDiscoverer) Locator {mods folder locator at D:\MinecraftModProject\Depression1.20.4\forge\run\mods} found 0 candidates or errors
[01:36:32] [main/DEBUG] (net.minecraftforge.fml.loading.moddiscovery.ModDiscoverer) Locator {mods folder locator at D:\MinecraftModProject\Depression1.20.4\forge\run\mods} found 0 valid mod files
[01:36:32] [main/DEBUG] (net.minecraftforge.fml.loading.moddiscovery.ModDiscoverer) Trying locator net.minecraftforge.fml.loading.moddiscovery.MinecraftLocator@2265a052
[01:36:32] [EarlyDisplay/INFO] (EARLYDISPLAY) GL info: AMD Radeon RX 6750 XT GL version 4.6.0 Core Profile Context 24.10.27.01.240827, ATI Technologies Inc.
[01:36:32] [main/DEBUG] (net.minecraftforge.fml.loading.moddiscovery.ModFileInfo) Found valid mod file  with {minecraft} mods - versions {1.20.4}
[01:36:32] [main/DEBUG] (net.minecraftforge.fml.loading.moddiscovery.ModDiscoverer) Locator net.minecraftforge.fml.loading.moddiscovery.MinecraftLocator@2265a052 found 1 candidates or errors
[01:36:32] [main/DEBUG] (net.minecraftforge.fml.loading.moddiscovery.ModDiscoverer) Locator net.minecraftforge.fml.loading.moddiscovery.MinecraftLocator@2265a052 found 1 valid mod files
[01:36:32] [main/INFO] (net.minecraftforge.fml.loading.moddiscovery.ModDiscoverer) Found mod file  of type MOD with provider net.minecraftforge.fml.loading.moddiscovery.MinecraftLocator@2265a052
[01:36:32] [main/DEBUG] (net.minecraftforge.fml.loading.moddiscovery.ModDiscoverer) Trying locator net.minecraftforge.fml.loading.moddiscovery.ClasspathLocator@3bd466bd
[01:36:32] [main/DEBUG] (net.minecraftforge.fml.loading.moddiscovery.ClasspathLocator) Scanning Classloader: SecureModuleClassLoader[SECURE-BOOTSTRAP]@196052901 for META-INF/mods.toml
[01:36:32] [main/DEBUG] (net.minecraftforge.fml.loading.moddiscovery.ClasspathLocator) 	jar:file:/C:/Users/13475/.gradle/caches/fabric-loom/minecraftMaven/net/minecraft/forge-1.20.4-49.1.2-minecraft-merged/1.20.4-loom.mappings.1_20_4.layered+hash.40359-v2-forge-1.20.4-49.1.2/forge-1.20.4-49.1.2-minecraft-merged-1.20.4-loom.mappings.1_20_4.layered+hash.40359-v2-forge-1.20.4-49.1.2.jar!/META-INF/mods.toml
[01:36:32] [main/DEBUG] (net.minecraftforge.fml.loading.moddiscovery.ClasspathLocator) 	jar:file:/C:/Users/13475/.gradle/caches/fabric-loom/minecraftMaven/net/minecraft/forge-1.20.4-49.1.2-minecraft-merged/1.20.4-loom.mappings.1_20_4.layered+hash.40359-v2-forge-1.20.4-49.1.2/forge-1.20.4-49.1.2-minecraft-merged-1.20.4-loom.mappings.1_20_4.layered+hash.40359-v2-forge-1.20.4-49.1.2.jar!/META-INF/mods.toml
[01:36:32] [main/DEBUG] (net.minecraftforge.fml.loading.moddiscovery.ClasspathLocator) 	jar:file:/C:/Users/13475/.gradle/caches/modules-2/files-2.1/io.github.llamalad7/mixinextras-forge/0.2.0/2710309a309a9d66cbdda36887751201662ceebe/mixinextras-forge-0.2.0.jar!/META-INF/mods.toml
[01:36:32] [main/DEBUG] (net.minecraftforge.fml.loading.moddiscovery.ClasspathLocator) 	jar:file:/C:/Users/13475/.gradle/caches/modules-2/files-2.1/io.github.llamalad7/mixinextras-forge/0.2.0/2710309a309a9d66cbdda36887751201662ceebe/mixinextras-forge-0.2.0.jar!/META-INF/mods.toml
[01:36:32] [main/DEBUG] (net.minecraftforge.fml.loading.moddiscovery.ClasspathLocator) 	jar:file:/C:/Users/13475/AppData/Local/Temp/672133497952165386.jar!/META-INF/mods.toml
[01:36:32] [main/DEBUG] (net.minecraftforge.fml.loading.moddiscovery.ClasspathLocator) 	jar:file:/C:/Users/13475/AppData/Local/Temp/672133497952165386.jar!/META-INF/mods.toml
[01:36:32] [main/DEBUG] (net.minecraftforge.fml.loading.moddiscovery.ClasspathLocator) 	jar:file:/D:/MinecraftModProject/Depression1.20.4/.gradle/loom-cache/remapped_mods/loom_mappings_1_20_4_layered_hash_40359_v2_forge_1_20_4_49_1_2_forge/dev/architectury/architectury-forge/11.1.17/architectury-forge-11.1.17.jar!/META-INF/mods.toml
[01:36:32] [main/DEBUG] (net.minecraftforge.fml.loading.moddiscovery.ClasspathLocator) 	jar:file:/D:/MinecraftModProject/Depression1.20.4/.gradle/loom-cache/remapped_mods/loom_mappings_1_20_4_layered_hash_40359_v2_forge_1_20_4_49_1_2_forge/dev/architectury/architectury-forge/11.1.17/architectury-forge-11.1.17.jar!/META-INF/mods.toml
[01:36:32] [main/DEBUG] (net.minecraftforge.fml.loading.moddiscovery.ClasspathLocator) 	union:/D:/MinecraftModProject/Depression1.20.4/forge/build/classes/java/main/%230!/META-INF/mods.toml
[01:36:32] [main/DEBUG] (net.minecraftforge.fml.loading.moddiscovery.ClasspathLocator) 	union:/D:/MinecraftModProject/Depression1.20.4/forge/build/classes/java/main/%230!/META-INF/mods.toml
[01:36:32] [main/DEBUG] (net.minecraftforge.fml.loading.moddiscovery.ClasspathLocator) Scanning Classloader: SecureModuleClassLoader[SECURE-BOOTSTRAP]@196052901 for META-INF/MANIFEST.MF
[01:36:32] [main/DEBUG] (net.minecraftforge.fml.loading.moddiscovery.ClasspathLocator) 	jar:file:///C:/Users/13475/.gradle/caches/fabric-loom/forge/transformed-dependencies-v1/net/minecraftforge/79c945ce3beaffceb2e3adf3636a1524c75c6fac3e608039d36b55b1cedd0035/fmlloader/1.20.4-49.1.2/fmlloader-1.20.4-49.1.2.jar!/META-INF/MANIFEST.MF
[01:36:32] [main/DEBUG] (net.minecraftforge.fml.loading.moddiscovery.ClasspathLocator) 	jar:file:///C:/Users/13475/.gradle/caches/modules-2/files-2.1/com.electronwill.night-config/core/3.6.7/39bbc8694e2f1dc5eab92f01bc3248606ecd0ebd/core-3.6.7.jar!/META-INF/MANIFEST.MF
[01:36:32] [main/DEBUG] (net.minecraftforge.fml.loading.moddiscovery.ClasspathLocator) 	jar:file:///C:/Users/13475/.gradle/caches/modules-2/files-2.1/com.electronwill.night-config/toml/3.6.7/ae2870aef9c31e5e392ffd662ea2d8a4e98a31bd/toml-3.6.7.jar!/META-INF/MANIFEST.MF
[01:36:32] [main/DEBUG] (net.minecraftforge.fml.loading.moddiscovery.ClasspathLocator) 	jar:file:///C:/Users/13475/.gradle/caches/modules-2/files-2.1/com.github.oshi/oshi-core/6.4.5/943ba26de047eb6b28fff47f5ee939a34eb5fc8e/oshi-core-6.4.5.jar!/META-INF/MANIFEST.MF
[01:36:32] [main/DEBUG] (net.minecraftforge.fml.loading.moddiscovery.ClasspathLocator) 	jar:file:///C:/Users/13475/.gradle/caches/modules-2/files-2.1/com.google.code.findbugs/jsr305/3.0.2/25ea2e8b0c338a877313bd4672d3fe056ea78f0d/jsr305-3.0.2.jar!/META-INF/MANIFEST.MF
[01:36:32] [main/DEBUG] (net.minecraftforge.fml.loading.moddiscovery.ClasspathLocator) 	jar:file:///C:/Users/13475/.gradle/caches/modules-2/files-2.1/com.google.code.gson/gson/2.10.1/b3add478d4382b78ea20b1671390a858002feb6c/gson-2.10.1.jar!/META-INF/MANIFEST.MF
[01:36:32] [main/DEBUG] (net.minecraftforge.fml.loading.moddiscovery.ClasspathLocator) 	jar:file:///C:/Users/13475/.gradle/caches/modules-2/files-2.1/com.google.errorprone/error_prone_annotations/2.18.0/89b684257096f548fa39a7df9fdaa409d4d4df91/error_prone_annotations-2.18.0.jar!/META-INF/MANIFEST.MF
[01:36:32] [main/DEBUG] (net.minecraftforge.fml.loading.moddiscovery.ClasspathLocator) 	jar:file:///C:/Users/13475/.gradle/caches/modules-2/files-2.1/com.google.guava/failureaccess/1.0.1/1dcf1de382a0bf95a3d8b0849546c88bac1292c9/failureaccess-1.0.1.jar!/META-INF/MANIFEST.MF
[01:36:32] [main/DEBUG] (net.minecraftforge.fml.loading.moddiscovery.ClasspathLocator) 	jar:file:///C:/Users/13475/.gradle/caches/modules-2/files-2.1/com.google.guava/guava/32.1.2-jre/5e64ec7e056456bef3a4bc4c6fdaef71e8ab6318/guava-32.1.2-jre.jar!/META-INF/MANIFEST.MF
[01:36:32] [main/DEBUG] (net.minecraftforge.fml.loading.moddiscovery.ClasspathLocator) 	jar:file:///C:/Users/13475/.gradle/caches/modules-2/files-2.1/com.google.guava/listenablefuture/9999.0-empty-to-avoid-conflict-with-guava/b421526c5f297295adef1c886e5246c39d4ac629/listenablefuture-9999.0-empty-to-avoid-conflict-with-guava.jar!/META-INF/MANIFEST.MF
[01:36:32] [main/DEBUG] (net.minecraftforge.fml.loading.moddiscovery.ClasspathLocator) 	jar:file:///C:/Users/13475/.gradle/caches/modules-2/files-2.1/com.google.j2objc/j2objc-annotations/2.8/c85270e307e7b822f1086b93689124b89768e273/j2objc-annotations-2.8.jar!/META-INF/MANIFEST.MF
[01:36:32] [main/DEBUG] (net.minecraftforge.fml.loading.moddiscovery.ClasspathLocator) 	jar:file:///C:/Users/13475/.gradle/caches/modules-2/files-2.1/com.google.jimfs/jimfs/1.3.0/93096472c3654a761c40c8e5d4ad82a7c1a0fd54/jimfs-1.3.0.jar!/META-INF/MANIFEST.MF
[01:36:32] [main/DEBUG] (net.minecraftforge.fml.loading.moddiscovery.ClasspathLocator) 	jar:file:///C:/Users/13475/.gradle/caches/modules-2/files-2.1/com.ibm.icu/icu4j/73.2/61ad4ef7f9131fcf6d25c34b817f90d6da06c9e9/icu4j-73.2.jar!/META-INF/MANIFEST.MF
[01:36:32] [main/DEBUG] (net.minecraftforge.fml.loading.moddiscovery.ClasspathLocator) 	jar:file:///C:/Users/13475/.gradle/caches/modules-2/files-2.1/com.machinezoo.noexception/noexception/1.7.1/b65330c98e38a1f915fa54a6e5eca496505e3f0a/noexception-1.7.1.jar!/META-INF/MANIFEST.MF
[01:36:32] [main/DEBUG] (net.minecraftforge.fml.loading.moddiscovery.ClasspathLocator) 	jar:file:///C:/Users/13475/.gradle/caches/modules-2/files-2.1/com.mojang/authlib/6.0.52/65085e2eb921c4a3ebdde3d248637f1776e6d80d/authlib-6.0.52.jar!/META-INF/MANIFEST.MF
[01:36:32] [main/DEBUG] (net.minecraftforge.fml.loading.moddiscovery.ClasspathLocator) 	jar:file:///C:/Users/13475/.gradle/caches/modules-2/files-2.1/com.mojang/blocklist/1.0.10/5c685c5ffa94c4cd39496c7184c1d122e515ecef/blocklist-1.0.10.jar!/META-INF/MANIFEST.MF
[01:36:32] [main/DEBUG] (net.minecraftforge.fml.loading.moddiscovery.ClasspathLocator) 	jar:file:///C:/Users/13475/.gradle/caches/modules-2/files-2.1/com.mojang/brigadier/1.2.9/73e324f2ee541493a5179abf367237faa782ed21/brigadier-1.2.9.jar!/META-INF/MANIFEST.MF
[01:36:32] [main/DEBUG] (net.minecraftforge.fml.loading.moddiscovery.ClasspathLocator) 	jar:file:///C:/Users/13475/.gradle/caches/modules-2/files-2.1/com.mojang/datafixerupper/6.0.8/3ba4a30557a9b057760af4011f909ba619fc5125/datafixerupper-6.0.8.jar!/META-INF/MANIFEST.MF
[01:36:32] [main/DEBUG] (net.minecraftforge.fml.loading.moddiscovery.ClasspathLocator) 	jar:file:///C:/Users/13475/.gradle/caches/modules-2/files-2.1/com.mojang/logging/1.1.1/832b8e6674a9b325a5175a3a6267dfaf34c85139/logging-1.1.1.jar!/META-INF/MANIFEST.MF
[01:36:32] [main/DEBUG] (net.minecraftforge.fml.loading.moddiscovery.ClasspathLocator) 	jar:file:///C:/Users/13475/.gradle/caches/modules-2/files-2.1/com.mojang/patchy/2.2.10/da05971b07cbb379d002cf7eaec6a2048211fefc/patchy-2.2.10.jar!/META-INF/MANIFEST.MF
[01:36:32] [main/DEBUG] (net.minecraftforge.fml.loading.moddiscovery.ClasspathLocator) 	jar:file:///C:/Users/13475/.gradle/caches/modules-2/files-2.1/com.mojang/text2speech/1.17.9/3cad216e3a7f0c19b4b394388bc9ffc446f13b14/text2speech-1.17.9.jar!/META-INF/MANIFEST.MF
[01:36:32] [main/DEBUG] (net.minecraftforge.fml.loading.moddiscovery.ClasspathLocator) 	jar:file:///C:/Users/13475/.gradle/caches/modules-2/files-2.1/commons-codec/commons-codec/1.16.0/4e3eb3d79888d76b54e28b350915b5dc3919c9de/commons-codec-1.16.0.jar!/META-INF/MANIFEST.MF
[01:36:32] [main/DEBUG] (net.minecraftforge.fml.loading.moddiscovery.ClasspathLocator) 	jar:file:///C:/Users/13475/.gradle/caches/modules-2/files-2.1/commons-io/commons-io/2.13.0/8bb2bc9b4df17e2411533a0708a69f983bf5e83b/commons-io-2.13.0.jar!/META-INF/MANIFEST.MF
[01:36:32] [main/DEBUG] (net.minecraftforge.fml.loading.moddiscovery.ClasspathLocator) 	jar:file:///C:/Users/13475/.gradle/caches/modules-2/files-2.1/commons-logging/commons-logging/1.2/4bfc12adfe4842bf07b657f0369c4cb522955686/commons-logging-1.2.jar!/META-INF/MANIFEST.MF
[01:36:32] [main/DEBUG] (net.minecraftforge.fml.loading.moddiscovery.ClasspathLocator) 	jar:file:///C:/Users/13475/.gradle/caches/modules-2/files-2.1/dev.architectury/architectury-mixin-remapper-service/2.0.9/eede5ef35349f2b295fe1f3e7579382d26784b24/architectury-mixin-remapper-service-2.0.9.jar!/META-INF/MANIFEST.MF
[01:36:32] [main/DEBUG] (net.minecraftforge.fml.loading.moddiscovery.ClasspathLocator) 	jar:file:///C:/Users/13475/.gradle/caches/modules-2/files-2.1/dev.architectury/architectury-naming-service/2.0.9/c4c4732b3a00b67523c3028b49af402402be7883/architectury-naming-service-2.0.9.jar!/META-INF/MANIFEST.MF
[01:36:32] [main/DEBUG] (net.minecraftforge.fml.loading.moddiscovery.ClasspathLocator) 	jar:file:///C:/Users/13475/.gradle/caches/modules-2/files-2.1/dev.architectury/architectury-transformer/5.2.87/980814ce433a3396de4495194f027dfecc94bb3a/architectury-transformer-5.2.87-runtime.jar!/META-INF/MANIFEST.MF
[01:36:32] [main/DEBUG] (net.minecraftforge.fml.loading.moddiscovery.ClasspathLocator) 	jar:file:///C:/Users/13475/.gradle/caches/modules-2/files-2.1/dev.architectury/architectury-transformer/5.2.87/c81d58e13fbd902ba5d909126733b9e3771c4395/architectury-transformer-5.2.87-agent.jar!/META-INF/MANIFEST.MF
[01:36:32] [main/DEBUG] (net.minecraftforge.fml.loading.moddiscovery.ClasspathLocator) 	jar:file:///C:/Users/13475/.gradle/caches/modules-2/files-2.1/dev.architectury/mcp-annotations/2.0.9/84f3d1e27805912592af0289d6fce0be53ee689a/mcp-annotations-2.0.9.jar!/META-INF/MANIFEST.MF
[01:36:32] [main/DEBUG] (net.minecraftforge.fml.loading.moddiscovery.ClasspathLocator) 	jar:file:///C:/Users/13475/.gradle/caches/modules-2/files-2.1/dev.architectury/mixin-patched/0.8.5.11/dd886ad7af30604cbd9aa0f1eb9fb95b079013ca/mixin-patched-0.8.5.11.jar!/META-INF/MANIFEST.MF
[01:36:32] [main/DEBUG] (net.minecraftforge.fml.loading.moddiscovery.ClasspathLocator) 	jar:file:///C:/Users/13475/.gradle/caches/modules-2/files-2.1/io.github.juuxel/unprotect/1.2.0/49cc229a0469f28fae41593a9537743ac6a951dc/unprotect-1.2.0.jar!/META-INF/MANIFEST.MF
[01:36:32] [main/DEBUG] (net.minecraftforge.fml.loading.moddiscovery.ClasspathLocator) 	jar:file:///C:/Users/13475/.gradle/caches/modules-2/files-2.1/io.github.llamalad7/mixinextras-common/0.2.0/3f26dd587b7c6d803647a4ad3b66ce5cea1835e6/mixinextras-common-0.2.0.jar!/META-INF/MANIFEST.MF
[01:36:32] [main/DEBUG] (net.minecraftforge.fml.loading.moddiscovery.ClasspathLocator) 	jar:file:///C:/Users/13475/.gradle/caches/modules-2/files-2.1/io.netty/netty-buffer/4.1.97.Final/f8f3d8644afa5e6e1a40a3a6aeb9d9aa970ecb4f/netty-buffer-4.1.97.Final.jar!/META-INF/MANIFEST.MF
[01:36:32] [main/DEBUG] (net.minecraftforge.fml.loading.moddiscovery.ClasspathLocator) 	jar:file:///C:/Users/13475/.gradle/caches/modules-2/files-2.1/io.netty/netty-codec/4.1.97.Final/384ba4d75670befbedb45c4d3b497a93639c206d/netty-codec-4.1.97.Final.jar!/META-INF/MANIFEST.MF
[01:36:32] [main/DEBUG] (net.minecraftforge.fml.loading.moddiscovery.ClasspathLocator) 	jar:file:///C:/Users/13475/.gradle/caches/modules-2/files-2.1/io.netty/netty-common/4.1.97.Final/7cceacaf11df8dc63f23d0fb58e9d4640fc88404/netty-common-4.1.97.Final.jar!/META-INF/MANIFEST.MF
[01:36:32] [main/DEBUG] (net.minecraftforge.fml.loading.moddiscovery.ClasspathLocator) 	jar:file:///C:/Users/13475/.gradle/caches/modules-2/files-2.1/io.netty/netty-handler/4.1.97.Final/abb86c6906bf512bf2b797a41cd7d2e8d3cd7c36/netty-handler-4.1.97.Final.jar!/META-INF/MANIFEST.MF
[01:36:32] [main/DEBUG] (net.minecraftforge.fml.loading.moddiscovery.ClasspathLocator) 	jar:file:///C:/Users/13475/.gradle/caches/modules-2/files-2.1/io.netty/netty-resolver/4.1.97.Final/cec8348108dc76c47cf87c669d514be52c922144/netty-resolver-4.1.97.Final.jar!/META-INF/MANIFEST.MF
[01:36:32] [main/DEBUG] (net.minecraftforge.fml.loading.moddiscovery.ClasspathLocator) 	jar:file:///C:/Users/13475/.gradle/caches/modules-2/files-2.1/io.netty/netty-transport-classes-epoll/4.1.97.Final/795da37ded759e862457a82d9d92c4d39ce8ecee/netty-transport-classes-epoll-4.1.97.Final.jar!/META-INF/MANIFEST.MF
[01:36:32] [main/DEBUG] (net.minecraftforge.fml.loading.moddiscovery.ClasspathLocator) 	jar:file:///C:/Users/13475/.gradle/caches/modules-2/files-2.1/io.netty/netty-transport-native-epoll/4.1.97.Final/54188f271e388e7f313aea995e82f58ce2cdb809/netty-transport-native-epoll-4.1.97.Final-linux-x86_64.jar!/META-INF/MANIFEST.MF
[01:36:32] [main/DEBUG] (net.minecraftforge.fml.loading.moddiscovery.ClasspathLocator) 	jar:file:///C:/Users/13475/.gradle/caches/modules-2/files-2.1/io.netty/netty-transport-native-epoll/4.1.97.Final/5514744c588190ffda076b35a9b8c9f24946a960/netty-transport-native-epoll-4.1.97.Final-linux-aarch_64.jar!/META-INF/MANIFEST.MF
[01:36:32] [main/DEBUG] (net.minecraftforge.fml.loading.moddiscovery.ClasspathLocator) 	jar:file:///C:/Users/13475/.gradle/caches/modules-2/files-2.1/io.netty/netty-transport-native-unix-common/4.1.97.Final/d469d84265ab70095b01b40886cabdd433b6e664/netty-transport-native-unix-common-4.1.97.Final.jar!/META-INF/MANIFEST.MF
[01:36:32] [main/DEBUG] (net.minecraftforge.fml.loading.moddiscovery.ClasspathLocator) 	jar:file:///C:/Users/13475/.gradle/caches/modules-2/files-2.1/io.netty/netty-transport/4.1.97.Final/f37380d23c9bb079bc702910833b2fd532c9abd0/netty-transport-4.1.97.Final.jar!/META-INF/MANIFEST.MF
[01:36:32] [main/DEBUG] (net.minecraftforge.fml.loading.moddiscovery.ClasspathLocator) 	jar:file:///C:/Users/13475/.gradle/caches/modules-2/files-2.1/it.unimi.dsi/fastutil/8.5.12/c24946d46824bd528054bface3231d2ecb7e95e8/fastutil-8.5.12.jar!/META-INF/MANIFEST.MF
[01:36:32] [main/DEBUG] (net.minecraftforge.fml.loading.moddiscovery.ClasspathLocator) 	jar:file:///C:/Users/13475/.gradle/caches/modules-2/files-2.1/net.fabricmc/dev-launch-injector/0.2.1+build.8/da8bef7e6e2f952da707f282bdb46882a0fce5e3/dev-launch-injector-0.2.1+build.8.jar!/META-INF/MANIFEST.MF
[01:36:32] [main/DEBUG] (net.minecraftforge.fml.loading.moddiscovery.ClasspathLocator) 	jar:file:///C:/Users/13475/.gradle/caches/modules-2/files-2.1/net.java.dev.jna/jna-platform/5.13.0/88e9a306715e9379f3122415ef4ae759a352640d/jna-platform-5.13.0.jar!/META-INF/MANIFEST.MF
[01:36:32] [main/DEBUG] (net.minecraftforge.fml.loading.moddiscovery.ClasspathLocator) 	jar:file:///C:/Users/13475/.gradle/caches/modules-2/files-2.1/net.java.dev.jna/jna/5.13.0/1200e7ebeedbe0d10062093f32925a912020e747/jna-5.13.0.jar!/META-INF/MANIFEST.MF
[01:36:32] [main/DEBUG] (net.minecraftforge.fml.loading.moddiscovery.ClasspathLocator) 	jar:file:///C:/Users/13475/.gradle/caches/modules-2/files-2.1/net.jodah/typetools/0.6.3/a01aaa6ddaea9ec07ec4f209487b7a46a526283a/typetools-0.6.3.jar!/META-INF/MANIFEST.MF
[01:36:32] [main/DEBUG] (net.minecraftforge.fml.loading.moddiscovery.ClasspathLocator) 	jar:file:///C:/Users/13475/.gradle/caches/modules-2/files-2.1/net.minecraftforge/JarJarFileSystems/0.3.26/4b48cd32749b87a18afee96f33b825305feea289/JarJarFileSystems-0.3.26.jar!/META-INF/MANIFEST.MF
[01:36:32] [main/DEBUG] (net.minecraftforge.fml.loading.moddiscovery.ClasspathLocator) 	jar:file:///C:/Users/13475/.gradle/caches/modules-2/files-2.1/net.minecraftforge/JarJarMetadata/0.3.26/6db967d6cce100e4abdeed0abfd594b9f42e0d10/JarJarMetadata-0.3.26.jar!/META-INF/MANIFEST.MF
[01:36:32] [main/DEBUG] (net.minecraftforge.fml.loading.moddiscovery.ClasspathLocator) 	jar:file:///C:/Users/13475/.gradle/caches/modules-2/files-2.1/net.minecraftforge/JarJarSelector/0.3.26/1e032096a4d07e5bbb7b2f3b2beee8d5e02879e9/JarJarSelector-0.3.26.jar!/META-INF/MANIFEST.MF
[01:36:32] [main/DEBUG] (net.minecraftforge.fml.loading.moddiscovery.ClasspathLocator) 	jar:file:///C:/Users/13475/.gradle/caches/modules-2/files-2.1/net.minecraftforge/accesstransformers/8.1.1/55b3a0604fec2b22c183a3e49b6f3da4e7aaaf27/accesstransformers-8.1.1.jar!/META-INF/MANIFEST.MF
[01:36:32] [main/DEBUG] (net.minecraftforge.fml.loading.moddiscovery.ClasspathLocator) 	jar:file:///C:/Users/13475/.gradle/caches/modules-2/files-2.1/net.minecraftforge/bootstrap-dev/2.1.0/f79e58bbbed96ff1db2b35eb1765c4395169e2ca/bootstrap-dev-2.1.0.jar!/META-INF/MANIFEST.MF
[01:36:32] [main/DEBUG] (net.minecraftforge.fml.loading.moddiscovery.ClasspathLocator) 	jar:file:///C:/Users/13475/.gradle/caches/modules-2/files-2.1/net.minecraftforge/coremods/5.1.0/51c71425f6b216763c7a452b31d51ffa20de8804/coremods-5.1.0.jar!/META-INF/MANIFEST.MF
[01:36:32] [main/DEBUG] (net.minecraftforge.fml.loading.moddiscovery.ClasspathLocator) 	jar:file:///C:/Users/13475/.gradle/caches/modules-2/files-2.1/net.minecraftforge/eventbus/6.2.0/861291db776b4817a800758311a88c9a42a55e9/eventbus-6.2.0.jar!/META-INF/MANIFEST.MF
[01:36:32] [main/DEBUG] (net.minecraftforge.fml.loading.moddiscovery.ClasspathLocator) 	jar:file:///C:/Users/13475/.gradle/caches/modules-2/files-2.1/net.minecraftforge/fmlearlydisplay/1.20.4-49.1.2/107dbec6e5fda6cc6d75070adac72076217d7657/fmlearlydisplay-1.20.4-49.1.2.jar!/META-INF/MANIFEST.MF
[01:36:32] [main/DEBUG] (net.minecraftforge.fml.loading.moddiscovery.ClasspathLocator) 	jar:file:///C:/Users/13475/.gradle/caches/modules-2/files-2.1/net.minecraftforge/forgespi/7.1.3/a70210a2f27f3a8fa83b6c1d1abf7acfd4ec05da/forgespi-7.1.3.jar!/META-INF/MANIFEST.MF
[01:36:32] [main/DEBUG] (net.minecraftforge.fml.loading.moddiscovery.ClasspathLocator) 	jar:file:///C:/Users/13475/.gradle/caches/modules-2/files-2.1/net.minecraftforge/mergetool-api/1.0/589fac8080d2eb657bb37f464151abcd25524d64/mergetool-api-1.0.jar!/META-INF/MANIFEST.MF
[01:36:32] [main/DEBUG] (net.minecraftforge.fml.loading.moddiscovery.ClasspathLocator) 	jar:file:///C:/Users/13475/.gradle/caches/modules-2/files-2.1/net.minecraftforge/modlauncher/10.1.2/58d8bf1f2b5f892bdcbc852098eccb687dcb55fb/modlauncher-10.1.2.jar!/META-INF/MANIFEST.MF
[01:36:32] [main/DEBUG] (net.minecraftforge.fml.loading.moddiscovery.ClasspathLocator) 	jar:file:///C:/Users/13475/.gradle/caches/modules-2/files-2.1/net.minecrell/terminalconsoleappender/1.3.0/b562e9bb61235c9520e26282cdee71f8f802d1fc/terminalconsoleappender-1.3.0.jar!/META-INF/MANIFEST.MF
[01:36:32] [main/DEBUG] (net.minecraftforge.fml.loading.moddiscovery.ClasspathLocator) 	jar:file:///C:/Users/13475/.gradle/caches/modules-2/files-2.1/net.sf.jopt-simple/jopt-simple/5.0.4/4fdac2fbe92dfad86aa6e9301736f6b4342a3f5c/jopt-simple-5.0.4.jar!/META-INF/MANIFEST.MF
[01:36:32] [main/DEBUG] (net.minecraftforge.fml.loading.moddiscovery.ClasspathLocator) 	jar:file:///C:/Users/13475/.gradle/caches/modules-2/files-2.1/org.abego.treelayout/org.abego.treelayout.core/1.0.3/457216e8e6578099ae63667bb1e4439235892028/org.abego.treelayout.core-1.0.3.jar!/META-INF/MANIFEST.MF
[01:36:32] [main/DEBUG] (net.minecraftforge.fml.loading.moddiscovery.ClasspathLocator) 	jar:file:///C:/Users/13475/.gradle/caches/modules-2/files-2.1/org.antlr/ST4/4.3/92f2c1ad8d84abcbeead6cf7f2c53a04166293c2/ST4-4.3.jar!/META-INF/MANIFEST.MF
[01:36:32] [main/DEBUG] (net.minecraftforge.fml.loading.moddiscovery.ClasspathLocator) 	jar:file:///C:/Users/13475/.gradle/caches/modules-2/files-2.1/org.antlr/antlr-runtime/3.5.2/cd9cd41361c155f3af0f653009dcecb08d8b4afd/antlr-runtime-3.5.2.jar!/META-INF/MANIFEST.MF
[01:36:32] [main/DEBUG] (net.minecraftforge.fml.loading.moddiscovery.ClasspathLocator) 	jar:file:///C:/Users/13475/.gradle/caches/modules-2/files-2.1/org.antlr/antlr4-runtime/4.9.1/428664f05d2b7f7b7610204b5aa7c1763f62011a/antlr4-runtime-4.9.1.jar!/META-INF/MANIFEST.MF
[01:36:32] [main/DEBUG] (net.minecraftforge.fml.loading.moddiscovery.ClasspathLocator) 	jar:file:///C:/Users/13475/.gradle/caches/modules-2/files-2.1/org.antlr/antlr4/4.9.1/e92af8ab33e428461927b484e90bb155a4f3a052/antlr4-4.9.1.jar!/META-INF/MANIFEST.MF
[01:36:32] [main/DEBUG] (net.minecraftforge.fml.loading.moddiscovery.ClasspathLocator) 	jar:file:///C:/Users/13475/.gradle/caches/modules-2/files-2.1/org.apache.commons/commons-compress/1.22/691a8b4e6cf4248c3bc72c8b719337d5cb7359fa/commons-compress-1.22.jar!/META-INF/MANIFEST.MF
[01:36:32] [main/DEBUG] (net.minecraftforge.fml.loading.moddiscovery.ClasspathLocator) 	jar:file:///C:/Users/13475/.gradle/caches/modules-2/files-2.1/org.apache.commons/commons-lang3/3.13.0/b7263237aa89c1f99b327197c41d0669707a462e/commons-lang3-3.13.0.jar!/META-INF/MANIFEST.MF
[01:36:32] [main/DEBUG] (net.minecraftforge.fml.loading.moddiscovery.ClasspathLocator) 	jar:file:///C:/Users/13475/.gradle/caches/modules-2/files-2.1/org.apache.httpcomponents/httpclient/4.5.13/e5f6cae5ca7ecaac1ec2827a9e2d65ae2869cada/httpclient-4.5.13.jar!/META-INF/MANIFEST.MF
[01:36:32] [main/DEBUG] (net.minecraftforge.fml.loading.moddiscovery.ClasspathLocator) 	jar:file:///C:/Users/13475/.gradle/caches/modules-2/files-2.1/org.apache.httpcomponents/httpcore/4.4.16/51cf043c87253c9f58b539c9f7e44c8894223850/httpcore-4.4.16.jar!/META-INF/MANIFEST.MF
[01:36:32] [main/DEBUG] (net.minecraftforge.fml.loading.moddiscovery.ClasspathLocator) 	jar:file:///C:/Users/13475/.gradle/caches/modules-2/files-2.1/org.apache.logging.log4j/log4j-api/2.19.0/ea1b37f38c327596b216542bc636cfdc0b8036fa/log4j-api-2.19.0.jar!/META-INF/MANIFEST.MF
[01:36:32] [main/DEBUG] (net.minecraftforge.fml.loading.moddiscovery.ClasspathLocator) 	jar:file:///C:/Users/13475/.gradle/caches/modules-2/files-2.1/org.apache.logging.log4j/log4j-core/2.19.0/3b6eeb4de4c49c0fe38a4ee27188ff5fee44d0bb/log4j-core-2.19.0.jar!/META-INF/MANIFEST.MF
[01:36:32] [main/DEBUG] (net.minecraftforge.fml.loading.moddiscovery.ClasspathLocator) 	jar:file:///C:/Users/13475/.gradle/caches/modules-2/files-2.1/org.apache.logging.log4j/log4j-slf4j2-impl/2.19.0/5c04bfdd63ce9dceb2e284b81e96b6a70010ee10/log4j-slf4j2-impl-2.19.0.jar!/META-INF/MANIFEST.MF
[01:36:32] [main/DEBUG] (net.minecraftforge.fml.loading.moddiscovery.ClasspathLocator) 	jar:file:///C:/Users/13475/.gradle/caches/modules-2/files-2.1/org.apache.maven/maven-artifact/3.8.5/4433f50c07debefaed0553bd0068f4f48d449313/maven-artifact-3.8.5.jar!/META-INF/MANIFEST.MF
[01:36:32] [main/DEBUG] (net.minecraftforge.fml.loading.moddiscovery.ClasspathLocator) 	jar:file:///C:/Users/13475/.gradle/caches/modules-2/files-2.1/org.checkerframework/checker-qual/3.33.0/de2b60b62da487644fc11f734e73c8b0b431238f/checker-qual-3.33.0.jar!/META-INF/MANIFEST.MF
[01:36:32] [main/DEBUG] (net.minecraftforge.fml.loading.moddiscovery.ClasspathLocator) 	jar:file:///C:/Users/13475/.gradle/caches/modules-2/files-2.1/org.codehaus.plexus/plexus-utils/3.3.0/cf43b5391de623b36fe066a21127baef82c64022/plexus-utils-3.3.0.jar!/META-INF/MANIFEST.MF
[01:36:32] [main/DEBUG] (net.minecraftforge.fml.loading.moddiscovery.ClasspathLocator) 	jar:file:///C:/Users/13475/.gradle/caches/modules-2/files-2.1/org.glassfish/javax.json/1.0.4/3178f73569fd7a1e5ffc464e680f7a8cc784b85a/javax.json-1.0.4.jar!/META-INF/MANIFEST.MF
[01:36:32] [main/DEBUG] (net.minecraftforge.fml.loading.moddiscovery.ClasspathLocator) 	jar:file:///C:/Users/13475/.gradle/caches/modules-2/files-2.1/org.jline/jline-reader/3.20.0/8f15415b022a25b473e8e16c28ae913186ffb9c4/jline-reader-3.20.0.jar!/META-INF/MANIFEST.MF
[01:36:32] [main/DEBUG] (net.minecraftforge.fml.loading.moddiscovery.ClasspathLocator) 	jar:file:///C:/Users/13475/.gradle/caches/modules-2/files-2.1/org.jline/jline-terminal-jna/3.12.1/b0646629dc09c4a49c5e8baa65c5aba3066a7dee/jline-terminal-jna-3.12.1.jar!/META-INF/MANIFEST.MF
[01:36:32] [main/DEBUG] (net.minecraftforge.fml.loading.moddiscovery.ClasspathLocator) 	jar:file:///C:/Users/13475/.gradle/caches/modules-2/files-2.1/org.jline/jline-terminal/3.20.0/d0ddcc708ddf527a3454c941b7b9225cc83a15ff/jline-terminal-3.20.0.jar!/META-INF/MANIFEST.MF
[01:36:32] [main/DEBUG] (net.minecraftforge.fml.loading.moddiscovery.ClasspathLocator) 	jar:file:///C:/Users/13475/.gradle/caches/modules-2/files-2.1/org.joml/joml/1.10.5/22566d58af70ad3d72308bab63b8339906deb649/joml-1.10.5.jar!/META-INF/MANIFEST.MF
[01:36:32] [main/DEBUG] (net.minecraftforge.fml.loading.moddiscovery.ClasspathLocator) 	jar:file:///C:/Users/13475/.gradle/caches/modules-2/files-2.1/org.lwjgl/lwjgl-glfw/3.3.2/1251e3cb7e5d6159334cfb9244f789ce992f03b/lwjgl-glfw-3.3.2-natives-windows.jar!/META-INF/MANIFEST.MF
[01:36:32] [main/DEBUG] (net.minecraftforge.fml.loading.moddiscovery.ClasspathLocator) 	jar:file:///C:/Users/13475/.gradle/caches/modules-2/files-2.1/org.lwjgl/lwjgl-glfw/3.3.2/757920418805fb90bfebb3d46b1d9e7669fca2eb/lwjgl-glfw-3.3.2.jar!/META-INF/MANIFEST.MF
[01:36:32] [main/DEBUG] (net.minecraftforge.fml.loading.moddiscovery.ClasspathLocator) 	jar:file:///C:/Users/13475/.gradle/caches/modules-2/files-2.1/org.lwjgl/lwjgl-jemalloc/3.3.2/877e17e39ebcd58a9c956dc3b5b777813de0873a/lwjgl-jemalloc-3.3.2.jar!/META-INF/MANIFEST.MF
[01:36:32] [main/DEBUG] (net.minecraftforge.fml.loading.moddiscovery.ClasspathLocator) 	jar:file:///C:/Users/13475/.gradle/caches/modules-2/files-2.1/org.lwjgl/lwjgl-jemalloc/3.3.2/db886c1f9e313c3fa2a25543b99ccd250d3f9fb5/lwjgl-jemalloc-3.3.2-natives-windows.jar!/META-INF/MANIFEST.MF
[01:36:32] [main/DEBUG] (net.minecraftforge.fml.loading.moddiscovery.ClasspathLocator) 	jar:file:///C:/Users/13475/.gradle/caches/modules-2/files-2.1/org.lwjgl/lwjgl-openal/3.3.2/ae5357ed6d934546d3533993ea84c0cfb75eed95/lwjgl-openal-3.3.2.jar!/META-INF/MANIFEST.MF
[01:36:32] [main/DEBUG] (net.minecraftforge.fml.loading.moddiscovery.ClasspathLocator) 	jar:file:///C:/Users/13475/.gradle/caches/modules-2/files-2.1/org.lwjgl/lwjgl-openal/3.3.2/e74f299a602192faaf14b917632e4cbbb493c940/lwjgl-openal-3.3.2-natives-windows.jar!/META-INF/MANIFEST.MF
[01:36:32] [main/DEBUG] (net.minecraftforge.fml.loading.moddiscovery.ClasspathLocator) 	jar:file:///C:/Users/13475/.gradle/caches/modules-2/files-2.1/org.lwjgl/lwjgl-opengl/3.3.2/83cd34469d4e0bc335bf74c7f62206530a9480bf/lwjgl-opengl-3.3.2-natives-windows.jar!/META-INF/MANIFEST.MF
[01:36:32] [main/DEBUG] (net.minecraftforge.fml.loading.moddiscovery.ClasspathLocator) 	jar:file:///C:/Users/13475/.gradle/caches/modules-2/files-2.1/org.lwjgl/lwjgl-opengl/3.3.2/ee8e95be0b438602038bc1f02dc5e3d011b1b216/lwjgl-opengl-3.3.2.jar!/META-INF/MANIFEST.MF
[01:36:32] [main/DEBUG] (net.minecraftforge.fml.loading.moddiscovery.ClasspathLocator) 	jar:file:///C:/Users/13475/.gradle/caches/modules-2/files-2.1/org.lwjgl/lwjgl-stb/3.3.2/1c4f4b8353bdb78c5264ab921436f03fc9aa1ba5/lwjgl-stb-3.3.2-natives-windows.jar!/META-INF/MANIFEST.MF
[01:36:32] [main/DEBUG] (net.minecraftforge.fml.loading.moddiscovery.ClasspathLocator) 	jar:file:///C:/Users/13475/.gradle/caches/modules-2/files-2.1/org.lwjgl/lwjgl-stb/3.3.2/a2550795014d622b686e9caac50b14baa87d2c70/lwjgl-stb-3.3.2.jar!/META-INF/MANIFEST.MF
[01:36:32] [main/DEBUG] (net.minecraftforge.fml.loading.moddiscovery.ClasspathLocator) 	jar:file:///C:/Users/13475/.gradle/caches/modules-2/files-2.1/org.lwjgl/lwjgl-tinyfd/3.3.2/54a93ed247d20007a6f579355263fdc2c030753a/lwjgl-tinyfd-3.3.2-natives-windows.jar!/META-INF/MANIFEST.MF
[01:36:32] [main/DEBUG] (net.minecraftforge.fml.loading.moddiscovery.ClasspathLocator) 	jar:file:///C:/Users/13475/.gradle/caches/modules-2/files-2.1/org.lwjgl/lwjgl-tinyfd/3.3.2/9f65c248dd77934105274fcf8351abb75b34327c/lwjgl-tinyfd-3.3.2.jar!/META-INF/MANIFEST.MF
[01:36:32] [main/DEBUG] (net.minecraftforge.fml.loading.moddiscovery.ClasspathLocator) 	jar:file:///C:/Users/13475/.gradle/caches/modules-2/files-2.1/org.lwjgl/lwjgl/3.3.2/4421d94af68e35dcaa31737a6fc59136a1e61b94/lwjgl-3.3.2.jar!/META-INF/MANIFEST.MF
[01:36:32] [main/DEBUG] (net.minecraftforge.fml.loading.moddiscovery.ClasspathLocator) 	jar:file:///C:/Users/13475/.gradle/caches/modules-2/files-2.1/org.lwjgl/lwjgl/3.3.2/a55169ced70ffcd15f2162daf4a9c968578f6cd5/lwjgl-3.3.2-natives-windows.jar!/META-INF/MANIFEST.MF
[01:36:32] [main/DEBUG] (net.minecraftforge.fml.loading.moddiscovery.ClasspathLocator) 	jar:file:///C:/Users/13475/.gradle/caches/modules-2/files-2.1/org.openjdk.nashorn/nashorn-core/15.3/43977e804697048fc8d81d333a36c17d07a5b3dd/nashorn-core-15.3.jar!/META-INF/MANIFEST.MF
[01:36:32] [main/DEBUG] (net.minecraftforge.fml.loading.moddiscovery.ClasspathLocator) 	jar:file:///C:/Users/13475/.gradle/caches/modules-2/files-2.1/org.ow2.asm/asm-analysis/9.6/9ce6c7b174bd997fc2552dff47964546bd7a5ec3/asm-analysis-9.6.jar!/META-INF/MANIFEST.MF
[01:36:32] [main/DEBUG] (net.minecraftforge.fml.loading.moddiscovery.ClasspathLocator) 	jar:file:///C:/Users/13475/.gradle/caches/modules-2/files-2.1/org.ow2.asm/asm-commons/9.6/f1a9e5508eff490744144565c47326c8648be309/asm-commons-9.6.jar!/META-INF/MANIFEST.MF
[01:36:32] [main/DEBUG] (net.minecraftforge.fml.loading.moddiscovery.ClasspathLocator) 	jar:file:///C:/Users/13475/.gradle/caches/modules-2/files-2.1/org.ow2.asm/asm-util/9.6/f77caf84eb93786a749b2baa40865b9613e3eaee/asm-util-9.6.jar!/META-INF/MANIFEST.MF
[01:36:32] [main/DEBUG] (net.minecraftforge.fml.loading.moddiscovery.ClasspathLocator) 	jar:file:///C:/Users/13475/.gradle/caches/modules-2/files-2.1/org.slf4j/slf4j-api/2.0.7/41eb7184ea9d556f23e18b5cb99cad1f8581fc00/slf4j-api-2.0.7.jar!/META-INF/MANIFEST.MF
[01:36:32] [main/DEBUG] (net.minecraftforge.fml.loading.moddiscovery.ClasspathLocator) 	jar:file:///C:/Users/13475/.gradle/caches/modules-2/files-2.1/org.slf4j/slf4j-simple/1.7.30/e606eac955f55ecf1d8edcccba04eb8ac98088dd/slf4j-simple-1.7.30.jar!/META-INF/MANIFEST.MF
[01:36:32] [main/DEBUG] (net.minecraftforge.fml.loading.moddiscovery.ClasspathLocator) 	jar:file:///D:/MinecraftModProject/Depression1.20.4/common/build/devlibs/depression-common-0.1.2-dev.jar!/META-INF/MANIFEST.MF
[01:36:32] [main/DEBUG] (net.minecraftforge.fml.loading.moddiscovery.ClasspathLocator) 	jar:file:/C:/Users/13475/.gradle/caches/fabric-loom/forge/transformed-dependencies-v1/net/minecraftforge/79c945ce3beaffceb2e3adf3636a1524c75c6fac3e608039d36b55b1cedd0035/fmlloader/1.20.4-49.1.2/fmlloader-1.20.4-49.1.2.jar!/META-INF/MANIFEST.MF
[01:36:32] [main/DEBUG] (net.minecraftforge.fml.loading.moddiscovery.ClasspathLocator) 	jar:file:/C:/Users/13475/.gradle/caches/fabric-loom/forge/transformed-dependencies-v1/net/minecraftforge/79c945ce3beaffceb2e3adf3636a1524c75c6fac3e608039d36b55b1cedd0035/fmlloader/1.20.4-49.1.2/fmlloader-1.20.4-49.1.2.jar!/META-INF/MANIFEST.MF
[01:36:32] [main/DEBUG] (net.minecraftforge.fml.loading.moddiscovery.ClasspathLocator) 	jar:file:/C:/Users/13475/.gradle/caches/fabric-loom/minecraftMaven/net/minecraft/forge-1.20.4-49.1.2-minecraft-merged/1.20.4-loom.mappings.1_20_4.layered+hash.40359-v2-forge-1.20.4-49.1.2/forge-1.20.4-49.1.2-minecraft-merged-1.20.4-loom.mappings.1_20_4.layered+hash.40359-v2-forge-1.20.4-49.1.2.jar!/META-INF/MANIFEST.MF
[01:36:32] [main/DEBUG] (net.minecraftforge.fml.loading.moddiscovery.ClasspathLocator) 	jar:file:/C:/Users/13475/.gradle/caches/fabric-loom/minecraftMaven/net/minecraft/forge-1.20.4-49.1.2-minecraft-merged/1.20.4-loom.mappings.1_20_4.layered+hash.40359-v2-forge-1.20.4-49.1.2/forge-1.20.4-49.1.2-minecraft-merged-1.20.4-loom.mappings.1_20_4.layered+hash.40359-v2-forge-1.20.4-49.1.2.jar!/META-INF/MANIFEST.MF
[01:36:32] [main/DEBUG] (net.minecraftforge.fml.loading.moddiscovery.ClasspathLocator) 	jar:file:/C:/Users/13475/.gradle/caches/modules-2/files-2.1/com.electronwill.night-config/core/3.6.7/39bbc8694e2f1dc5eab92f01bc3248606ecd0ebd/core-3.6.7.jar!/META-INF/MANIFEST.MF
[01:36:32] [main/DEBUG] (net.minecraftforge.fml.loading.moddiscovery.ClasspathLocator) 	jar:file:/C:/Users/13475/.gradle/caches/modules-2/files-2.1/com.electronwill.night-config/core/3.6.7/39bbc8694e2f1dc5eab92f01bc3248606ecd0ebd/core-3.6.7.jar!/META-INF/MANIFEST.MF
[01:36:32] [main/DEBUG] (net.minecraftforge.fml.loading.moddiscovery.ClasspathLocator) 	jar:file:/C:/Users/13475/.gradle/caches/modules-2/files-2.1/com.electronwill.night-config/toml/3.6.7/ae2870aef9c31e5e392ffd662ea2d8a4e98a31bd/toml-3.6.7.jar!/META-INF/MANIFEST.MF
[01:36:32] [main/DEBUG] (net.minecraftforge.fml.loading.moddiscovery.ClasspathLocator) 	jar:file:/C:/Users/13475/.gradle/caches/modules-2/files-2.1/com.electronwill.night-config/toml/3.6.7/ae2870aef9c31e5e392ffd662ea2d8a4e98a31bd/toml-3.6.7.jar!/META-INF/MANIFEST.MF
[01:36:32] [main/DEBUG] (net.minecraftforge.fml.loading.moddiscovery.ClasspathLocator) 	jar:file:/C:/Users/13475/.gradle/caches/modules-2/files-2.1/com.github.oshi/oshi-core/6.4.5/943ba26de047eb6b28fff47f5ee939a34eb5fc8e/oshi-core-6.4.5.jar!/META-INF/MANIFEST.MF
[01:36:32] [main/DEBUG] (net.minecraftforge.fml.loading.moddiscovery.ClasspathLocator) 	jar:file:/C:/Users/13475/.gradle/caches/modules-2/files-2.1/com.github.oshi/oshi-core/6.4.5/943ba26de047eb6b28fff47f5ee939a34eb5fc8e/oshi-core-6.4.5.jar!/META-INF/MANIFEST.MF
[01:36:32] [main/DEBUG] (net.minecraftforge.fml.loading.moddiscovery.ClasspathLocator) 	jar:file:/C:/Users/13475/.gradle/caches/modules-2/files-2.1/com.google.code.findbugs/jsr305/3.0.2/25ea2e8b0c338a877313bd4672d3fe056ea78f0d/jsr305-3.0.2.jar!/META-INF/MANIFEST.MF
[01:36:32] [main/DEBUG] (net.minecraftforge.fml.loading.moddiscovery.ClasspathLocator) 	jar:file:/C:/Users/13475/.gradle/caches/modules-2/files-2.1/com.google.code.findbugs/jsr305/3.0.2/25ea2e8b0c338a877313bd4672d3fe056ea78f0d/jsr305-3.0.2.jar!/META-INF/MANIFEST.MF
[01:36:32] [main/DEBUG] (net.minecraftforge.fml.loading.moddiscovery.ClasspathLocator) 	jar:file:/C:/Users/13475/.gradle/caches/modules-2/files-2.1/com.google.code.gson/gson/2.10.1/b3add478d4382b78ea20b1671390a858002feb6c/gson-2.10.1.jar!/META-INF/MANIFEST.MF
[01:36:32] [main/DEBUG] (net.minecraftforge.fml.loading.moddiscovery.ClasspathLocator) 	jar:file:/C:/Users/13475/.gradle/caches/modules-2/files-2.1/com.google.code.gson/gson/2.10.1/b3add478d4382b78ea20b1671390a858002feb6c/gson-2.10.1.jar!/META-INF/MANIFEST.MF
[01:36:32] [main/DEBUG] (net.minecraftforge.fml.loading.moddiscovery.ClasspathLocator) 	jar:file:/C:/Users/13475/.gradle/caches/modules-2/files-2.1/com.google.errorprone/error_prone_annotations/2.18.0/89b684257096f548fa39a7df9fdaa409d4d4df91/error_prone_annotations-2.18.0.jar!/META-INF/MANIFEST.MF
[01:36:32] [main/DEBUG] (net.minecraftforge.fml.loading.moddiscovery.ClasspathLocator) 	jar:file:/C:/Users/13475/.gradle/caches/modules-2/files-2.1/com.google.errorprone/error_prone_annotations/2.18.0/89b684257096f548fa39a7df9fdaa409d4d4df91/error_prone_annotations-2.18.0.jar!/META-INF/MANIFEST.MF
[01:36:32] [main/DEBUG] (net.minecraftforge.fml.loading.moddiscovery.ClasspathLocator) 	jar:file:/C:/Users/13475/.gradle/caches/modules-2/files-2.1/com.google.guava/failureaccess/1.0.1/1dcf1de382a0bf95a3d8b0849546c88bac1292c9/failureaccess-1.0.1.jar!/META-INF/MANIFEST.MF
[01:36:32] [main/DEBUG] (net.minecraftforge.fml.loading.moddiscovery.ClasspathLocator) 	jar:file:/C:/Users/13475/.gradle/caches/modules-2/files-2.1/com.google.guava/failureaccess/1.0.1/1dcf1de382a0bf95a3d8b0849546c88bac1292c9/failureaccess-1.0.1.jar!/META-INF/MANIFEST.MF
[01:36:32] [main/DEBUG] (net.minecraftforge.fml.loading.moddiscovery.ClasspathLocator) 	jar:file:/C:/Users/13475/.gradle/caches/modules-2/files-2.1/com.google.guava/guava/32.1.2-jre/5e64ec7e056456bef3a4bc4c6fdaef71e8ab6318/guava-32.1.2-jre.jar!/META-INF/MANIFEST.MF
[01:36:32] [main/DEBUG] (net.minecraftforge.fml.loading.moddiscovery.ClasspathLocator) 	jar:file:/C:/Users/13475/.gradle/caches/modules-2/files-2.1/com.google.guava/guava/32.1.2-jre/5e64ec7e056456bef3a4bc4c6fdaef71e8ab6318/guava-32.1.2-jre.jar!/META-INF/MANIFEST.MF
[01:36:32] [main/DEBUG] (net.minecraftforge.fml.loading.moddiscovery.ClasspathLocator) 	jar:file:/C:/Users/13475/.gradle/caches/modules-2/files-2.1/com.google.guava/listenablefuture/9999.0-empty-to-avoid-conflict-with-guava/b421526c5f297295adef1c886e5246c39d4ac629/listenablefuture-9999.0-empty-to-avoid-conflict-with-guava.jar!/META-INF/MANIFEST.MF
[01:36:32] [main/DEBUG] (net.minecraftforge.fml.loading.moddiscovery.ClasspathLocator) 	jar:file:/C:/Users/13475/.gradle/caches/modules-2/files-2.1/com.google.guava/listenablefuture/9999.0-empty-to-avoid-conflict-with-guava/b421526c5f297295adef1c886e5246c39d4ac629/listenablefuture-9999.0-empty-to-avoid-conflict-with-guava.jar!/META-INF/MANIFEST.MF
[01:36:32] [main/DEBUG] (net.minecraftforge.fml.loading.moddiscovery.ClasspathLocator) 	jar:file:/C:/Users/13475/.gradle/caches/modules-2/files-2.1/com.google.j2objc/j2objc-annotations/2.8/c85270e307e7b822f1086b93689124b89768e273/j2objc-annotations-2.8.jar!/META-INF/MANIFEST.MF
[01:36:32] [main/DEBUG] (net.minecraftforge.fml.loading.moddiscovery.ClasspathLocator) 	jar:file:/C:/Users/13475/.gradle/caches/modules-2/files-2.1/com.google.j2objc/j2objc-annotations/2.8/c85270e307e7b822f1086b93689124b89768e273/j2objc-annotations-2.8.jar!/META-INF/MANIFEST.MF
[01:36:32] [main/DEBUG] (net.minecraftforge.fml.loading.moddiscovery.ClasspathLocator) 	jar:file:/C:/Users/13475/.gradle/caches/modules-2/files-2.1/com.google.jimfs/jimfs/1.3.0/93096472c3654a761c40c8e5d4ad82a7c1a0fd54/jimfs-1.3.0.jar!/META-INF/MANIFEST.MF
[01:36:32] [main/DEBUG] (net.minecraftforge.fml.loading.moddiscovery.ClasspathLocator) 	jar:file:/C:/Users/13475/.gradle/caches/modules-2/files-2.1/com.google.jimfs/jimfs/1.3.0/93096472c3654a761c40c8e5d4ad82a7c1a0fd54/jimfs-1.3.0.jar!/META-INF/MANIFEST.MF
[01:36:32] [main/DEBUG] (net.minecraftforge.fml.loading.moddiscovery.ClasspathLocator) 	jar:file:/C:/Users/13475/.gradle/caches/modules-2/files-2.1/com.ibm.icu/icu4j/73.2/61ad4ef7f9131fcf6d25c34b817f90d6da06c9e9/icu4j-73.2.jar!/META-INF/MANIFEST.MF
[01:36:32] [main/DEBUG] (net.minecraftforge.fml.loading.moddiscovery.ClasspathLocator) 	jar:file:/C:/Users/13475/.gradle/caches/modules-2/files-2.1/com.ibm.icu/icu4j/73.2/61ad4ef7f9131fcf6d25c34b817f90d6da06c9e9/icu4j-73.2.jar!/META-INF/MANIFEST.MF
[01:36:32] [main/DEBUG] (net.minecraftforge.fml.loading.moddiscovery.ClasspathLocator) 	jar:file:/C:/Users/13475/.gradle/caches/modules-2/files-2.1/com.machinezoo.noexception/noexception/1.7.1/b65330c98e38a1f915fa54a6e5eca496505e3f0a/noexception-1.7.1.jar!/META-INF/MANIFEST.MF
[01:36:32] [main/DEBUG] (net.minecraftforge.fml.loading.moddiscovery.ClasspathLocator) 	jar:file:/C:/Users/13475/.gradle/caches/modules-2/files-2.1/com.machinezoo.noexception/noexception/1.7.1/b65330c98e38a1f915fa54a6e5eca496505e3f0a/noexception-1.7.1.jar!/META-INF/MANIFEST.MF
[01:36:32] [main/DEBUG] (net.minecraftforge.fml.loading.moddiscovery.ClasspathLocator) 	jar:file:/C:/Users/13475/.gradle/caches/modules-2/files-2.1/com.mojang/authlib/6.0.52/65085e2eb921c4a3ebdde3d248637f1776e6d80d/authlib-6.0.52.jar!/META-INF/MANIFEST.MF
[01:36:32] [main/DEBUG] (net.minecraftforge.fml.loading.moddiscovery.ClasspathLocator) 	jar:file:/C:/Users/13475/.gradle/caches/modules-2/files-2.1/com.mojang/authlib/6.0.52/65085e2eb921c4a3ebdde3d248637f1776e6d80d/authlib-6.0.52.jar!/META-INF/MANIFEST.MF
[01:36:32] [main/DEBUG] (net.minecraftforge.fml.loading.moddiscovery.ClasspathLocator) 	jar:file:/C:/Users/13475/.gradle/caches/modules-2/files-2.1/com.mojang/blocklist/1.0.10/5c685c5ffa94c4cd39496c7184c1d122e515ecef/blocklist-1.0.10.jar!/META-INF/MANIFEST.MF
[01:36:32] [main/DEBUG] (net.minecraftforge.fml.loading.moddiscovery.ClasspathLocator) 	jar:file:/C:/Users/13475/.gradle/caches/modules-2/files-2.1/com.mojang/blocklist/1.0.10/5c685c5ffa94c4cd39496c7184c1d122e515ecef/blocklist-1.0.10.jar!/META-INF/MANIFEST.MF
[01:36:32] [main/DEBUG] (net.minecraftforge.fml.loading.moddiscovery.ClasspathLocator) 	jar:file:/C:/Users/13475/.gradle/caches/modules-2/files-2.1/com.mojang/brigadier/1.2.9/73e324f2ee541493a5179abf367237faa782ed21/brigadier-1.2.9.jar!/META-INF/MANIFEST.MF
[01:36:32] [main/DEBUG] (net.minecraftforge.fml.loading.moddiscovery.ClasspathLocator) 	jar:file:/C:/Users/13475/.gradle/caches/modules-2/files-2.1/com.mojang/brigadier/1.2.9/73e324f2ee541493a5179abf367237faa782ed21/brigadier-1.2.9.jar!/META-INF/MANIFEST.MF
[01:36:32] [main/DEBUG] (net.minecraftforge.fml.loading.moddiscovery.ClasspathLocator) 	jar:file:/C:/Users/13475/.gradle/caches/modules-2/files-2.1/com.mojang/datafixerupper/6.0.8/3ba4a30557a9b057760af4011f909ba619fc5125/datafixerupper-6.0.8.jar!/META-INF/MANIFEST.MF
[01:36:32] [main/DEBUG] (net.minecraftforge.fml.loading.moddiscovery.ClasspathLocator) 	jar:file:/C:/Users/13475/.gradle/caches/modules-2/files-2.1/com.mojang/datafixerupper/6.0.8/3ba4a30557a9b057760af4011f909ba619fc5125/datafixerupper-6.0.8.jar!/META-INF/MANIFEST.MF
[01:36:32] [main/DEBUG] (net.minecraftforge.fml.loading.moddiscovery.ClasspathLocator) 	jar:file:/C:/Users/13475/.gradle/caches/modules-2/files-2.1/com.mojang/logging/1.1.1/832b8e6674a9b325a5175a3a6267dfaf34c85139/logging-1.1.1.jar!/META-INF/MANIFEST.MF
[01:36:32] [main/DEBUG] (net.minecraftforge.fml.loading.moddiscovery.ClasspathLocator) 	jar:file:/C:/Users/13475/.gradle/caches/modules-2/files-2.1/com.mojang/logging/1.1.1/832b8e6674a9b325a5175a3a6267dfaf34c85139/logging-1.1.1.jar!/META-INF/MANIFEST.MF
[01:36:32] [main/DEBUG] (net.minecraftforge.fml.loading.moddiscovery.ClasspathLocator) 	jar:file:/C:/Users/13475/.gradle/caches/modules-2/files-2.1/com.mojang/patchy/2.2.10/da05971b07cbb379d002cf7eaec6a2048211fefc/patchy-2.2.10.jar!/META-INF/MANIFEST.MF
[01:36:32] [main/DEBUG] (net.minecraftforge.fml.loading.moddiscovery.ClasspathLocator) 	jar:file:/C:/Users/13475/.gradle/caches/modules-2/files-2.1/com.mojang/patchy/2.2.10/da05971b07cbb379d002cf7eaec6a2048211fefc/patchy-2.2.10.jar!/META-INF/MANIFEST.MF
[01:36:32] [main/DEBUG] (net.minecraftforge.fml.loading.moddiscovery.ClasspathLocator) 	jar:file:/C:/Users/13475/.gradle/caches/modules-2/files-2.1/com.mojang/text2speech/1.17.9/3cad216e3a7f0c19b4b394388bc9ffc446f13b14/text2speech-1.17.9.jar!/META-INF/MANIFEST.MF
[01:36:32] [main/DEBUG] (net.minecraftforge.fml.loading.moddiscovery.ClasspathLocator) 	jar:file:/C:/Users/13475/.gradle/caches/modules-2/files-2.1/com.mojang/text2speech/1.17.9/3cad216e3a7f0c19b4b394388bc9ffc446f13b14/text2speech-1.17.9.jar!/META-INF/MANIFEST.MF
[01:36:32] [main/DEBUG] (net.minecraftforge.fml.loading.moddiscovery.ClasspathLocator) 	jar:file:/C:/Users/13475/.gradle/caches/modules-2/files-2.1/commons-codec/commons-codec/1.16.0/4e3eb3d79888d76b54e28b350915b5dc3919c9de/commons-codec-1.16.0.jar!/META-INF/MANIFEST.MF
[01:36:32] [main/DEBUG] (net.minecraftforge.fml.loading.moddiscovery.ClasspathLocator) 	jar:file:/C:/Users/13475/.gradle/caches/modules-2/files-2.1/commons-codec/commons-codec/1.16.0/4e3eb3d79888d76b54e28b350915b5dc3919c9de/commons-codec-1.16.0.jar!/META-INF/MANIFEST.MF
[01:36:32] [main/DEBUG] (net.minecraftforge.fml.loading.moddiscovery.ClasspathLocator) 	jar:file:/C:/Users/13475/.gradle/caches/modules-2/files-2.1/commons-io/commons-io/2.13.0/8bb2bc9b4df17e2411533a0708a69f983bf5e83b/commons-io-2.13.0.jar!/META-INF/MANIFEST.MF
[01:36:32] [main/DEBUG] (net.minecraftforge.fml.loading.moddiscovery.ClasspathLocator) 	jar:file:/C:/Users/13475/.gradle/caches/modules-2/files-2.1/commons-io/commons-io/2.13.0/8bb2bc9b4df17e2411533a0708a69f983bf5e83b/commons-io-2.13.0.jar!/META-INF/MANIFEST.MF
[01:36:32] [main/DEBUG] (net.minecraftforge.fml.loading.moddiscovery.ClasspathLocator) 	jar:file:/C:/Users/13475/.gradle/caches/modules-2/files-2.1/commons-logging/commons-logging/1.2/4bfc12adfe4842bf07b657f0369c4cb522955686/commons-logging-1.2.jar!/META-INF/MANIFEST.MF
[01:36:32] [main/DEBUG] (net.minecraftforge.fml.loading.moddiscovery.ClasspathLocator) 	jar:file:/C:/Users/13475/.gradle/caches/modules-2/files-2.1/commons-logging/commons-logging/1.2/4bfc12adfe4842bf07b657f0369c4cb522955686/commons-logging-1.2.jar!/META-INF/MANIFEST.MF
[01:36:32] [main/DEBUG] (net.minecraftforge.fml.loading.moddiscovery.ClasspathLocator) 	jar:file:/C:/Users/13475/.gradle/caches/modules-2/files-2.1/dev.architectury/architectury-mixin-remapper-service/2.0.9/eede5ef35349f2b295fe1f3e7579382d26784b24/architectury-mixin-remapper-service-2.0.9.jar!/META-INF/MANIFEST.MF
[01:36:32] [main/DEBUG] (net.minecraftforge.fml.loading.moddiscovery.ClasspathLocator) 	jar:file:/C:/Users/13475/.gradle/caches/modules-2/files-2.1/dev.architectury/architectury-mixin-remapper-service/2.0.9/eede5ef35349f2b295fe1f3e7579382d26784b24/architectury-mixin-remapper-service-2.0.9.jar!/META-INF/MANIFEST.MF
[01:36:32] [main/DEBUG] (net.minecraftforge.fml.loading.moddiscovery.ClasspathLocator) 	jar:file:/C:/Users/13475/.gradle/caches/modules-2/files-2.1/dev.architectury/architectury-naming-service/2.0.9/c4c4732b3a00b67523c3028b49af402402be7883/architectury-naming-service-2.0.9.jar!/META-INF/MANIFEST.MF
[01:36:32] [main/DEBUG] (net.minecraftforge.fml.loading.moddiscovery.ClasspathLocator) 	jar:file:/C:/Users/13475/.gradle/caches/modules-2/files-2.1/dev.architectury/architectury-naming-service/2.0.9/c4c4732b3a00b67523c3028b49af402402be7883/architectury-naming-service-2.0.9.jar!/META-INF/MANIFEST.MF
[01:36:32] [main/DEBUG] (net.minecraftforge.fml.loading.moddiscovery.ClasspathLocator) 	jar:file:/C:/Users/13475/.gradle/caches/modules-2/files-2.1/dev.architectury/architectury-transformer/5.2.87/980814ce433a3396de4495194f027dfecc94bb3a/architectury-transformer-5.2.87-runtime.jar!/META-INF/MANIFEST.MF
[01:36:32] [main/DEBUG] (net.minecraftforge.fml.loading.moddiscovery.ClasspathLocator) 	jar:file:/C:/Users/13475/.gradle/caches/modules-2/files-2.1/dev.architectury/architectury-transformer/5.2.87/980814ce433a3396de4495194f027dfecc94bb3a/architectury-transformer-5.2.87-runtime.jar!/META-INF/MANIFEST.MF
[01:36:32] [main/DEBUG] (net.minecraftforge.fml.loading.moddiscovery.ClasspathLocator) 	jar:file:/C:/Users/13475/.gradle/caches/modules-2/files-2.1/dev.architectury/architectury-transformer/5.2.87/c81d58e13fbd902ba5d909126733b9e3771c4395/architectury-transformer-5.2.87-agent.jar!/META-INF/MANIFEST.MF
[01:36:32] [main/DEBUG] (net.minecraftforge.fml.loading.moddiscovery.ClasspathLocator) 	jar:file:/C:/Users/13475/.gradle/caches/modules-2/files-2.1/dev.architectury/architectury-transformer/5.2.87/c81d58e13fbd902ba5d909126733b9e3771c4395/architectury-transformer-5.2.87-agent.jar!/META-INF/MANIFEST.MF
[01:36:32] [main/DEBUG] (net.minecraftforge.fml.loading.moddiscovery.ClasspathLocator) 	jar:file:/C:/Users/13475/.gradle/caches/modules-2/files-2.1/dev.architectury/mcp-annotations/2.0.9/84f3d1e27805912592af0289d6fce0be53ee689a/mcp-annotations-2.0.9.jar!/META-INF/MANIFEST.MF
[01:36:32] [main/DEBUG] (net.minecraftforge.fml.loading.moddiscovery.ClasspathLocator) 	jar:file:/C:/Users/13475/.gradle/caches/modules-2/files-2.1/dev.architectury/mcp-annotations/2.0.9/84f3d1e27805912592af0289d6fce0be53ee689a/mcp-annotations-2.0.9.jar!/META-INF/MANIFEST.MF
[01:36:32] [main/DEBUG] (net.minecraftforge.fml.loading.moddiscovery.ClasspathLocator) 	jar:file:/C:/Users/13475/.gradle/caches/modules-2/files-2.1/dev.architectury/mixin-patched/0.8.5.11/dd886ad7af30604cbd9aa0f1eb9fb95b079013ca/mixin-patched-0.8.5.11.jar!/META-INF/MANIFEST.MF
[01:36:32] [main/DEBUG] (net.minecraftforge.fml.loading.moddiscovery.ClasspathLocator) 	jar:file:/C:/Users/13475/.gradle/caches/modules-2/files-2.1/dev.architectury/mixin-patched/0.8.5.11/dd886ad7af30604cbd9aa0f1eb9fb95b079013ca/mixin-patched-0.8.5.11.jar!/META-INF/MANIFEST.MF
[01:36:32] [main/DEBUG] (net.minecraftforge.fml.loading.moddiscovery.ClasspathLocator) 	jar:file:/C:/Users/13475/.gradle/caches/modules-2/files-2.1/io.github.juuxel/unprotect/1.2.0/49cc229a0469f28fae41593a9537743ac6a951dc/unprotect-1.2.0.jar!/META-INF/MANIFEST.MF
[01:36:32] [main/DEBUG] (net.minecraftforge.fml.loading.moddiscovery.ClasspathLocator) 	jar:file:/C:/Users/13475/.gradle/caches/modules-2/files-2.1/io.github.juuxel/unprotect/1.2.0/49cc229a0469f28fae41593a9537743ac6a951dc/unprotect-1.2.0.jar!/META-INF/MANIFEST.MF
[01:36:32] [main/DEBUG] (net.minecraftforge.fml.loading.moddiscovery.ClasspathLocator) 	jar:file:/C:/Users/13475/.gradle/caches/modules-2/files-2.1/io.github.llamalad7/mixinextras-common/0.2.0/3f26dd587b7c6d803647a4ad3b66ce5cea1835e6/mixinextras-common-0.2.0.jar!/META-INF/MANIFEST.MF
[01:36:32] [main/DEBUG] (net.minecraftforge.fml.loading.moddiscovery.ClasspathLocator) 	jar:file:/C:/Users/13475/.gradle/caches/modules-2/files-2.1/io.github.llamalad7/mixinextras-common/0.2.0/3f26dd587b7c6d803647a4ad3b66ce5cea1835e6/mixinextras-common-0.2.0.jar!/META-INF/MANIFEST.MF
[01:36:32] [main/DEBUG] (net.minecraftforge.fml.loading.moddiscovery.ClasspathLocator) 	jar:file:/C:/Users/13475/.gradle/caches/modules-2/files-2.1/io.github.llamalad7/mixinextras-forge/0.2.0/2710309a309a9d66cbdda36887751201662ceebe/mixinextras-forge-0.2.0.jar!/META-INF/MANIFEST.MF
[01:36:32] [main/DEBUG] (net.minecraftforge.fml.loading.moddiscovery.ClasspathLocator) 	jar:file:/C:/Users/13475/.gradle/caches/modules-2/files-2.1/io.github.llamalad7/mixinextras-forge/0.2.0/2710309a309a9d66cbdda36887751201662ceebe/mixinextras-forge-0.2.0.jar!/META-INF/MANIFEST.MF
[01:36:32] [main/DEBUG] (net.minecraftforge.fml.loading.moddiscovery.ClasspathLocator) 	jar:file:/C:/Users/13475/.gradle/caches/modules-2/files-2.1/io.netty/netty-buffer/4.1.97.Final/f8f3d8644afa5e6e1a40a3a6aeb9d9aa970ecb4f/netty-buffer-4.1.97.Final.jar!/META-INF/MANIFEST.MF
[01:36:32] [main/DEBUG] (net.minecraftforge.fml.loading.moddiscovery.ClasspathLocator) 	jar:file:/C:/Users/13475/.gradle/caches/modules-2/files-2.1/io.netty/netty-buffer/4.1.97.Final/f8f3d8644afa5e6e1a40a3a6aeb9d9aa970ecb4f/netty-buffer-4.1.97.Final.jar!/META-INF/MANIFEST.MF
[01:36:32] [main/DEBUG] (net.minecraftforge.fml.loading.moddiscovery.ClasspathLocator) 	jar:file:/C:/Users/13475/.gradle/caches/modules-2/files-2.1/io.netty/netty-codec/4.1.97.Final/384ba4d75670befbedb45c4d3b497a93639c206d/netty-codec-4.1.97.Final.jar!/META-INF/MANIFEST.MF
[01:36:32] [main/DEBUG] (net.minecraftforge.fml.loading.moddiscovery.ClasspathLocator) 	jar:file:/C:/Users/13475/.gradle/caches/modules-2/files-2.1/io.netty/netty-codec/4.1.97.Final/384ba4d75670befbedb45c4d3b497a93639c206d/netty-codec-4.1.97.Final.jar!/META-INF/MANIFEST.MF
[01:36:32] [main/DEBUG] (net.minecraftforge.fml.loading.moddiscovery.ClasspathLocator) 	jar:file:/C:/Users/13475/.gradle/caches/modules-2/files-2.1/io.netty/netty-common/4.1.97.Final/7cceacaf11df8dc63f23d0fb58e9d4640fc88404/netty-common-4.1.97.Final.jar!/META-INF/MANIFEST.MF
[01:36:32] [main/DEBUG] (net.minecraftforge.fml.loading.moddiscovery.ClasspathLocator) 	jar:file:/C:/Users/13475/.gradle/caches/modules-2/files-2.1/io.netty/netty-common/4.1.97.Final/7cceacaf11df8dc63f23d0fb58e9d4640fc88404/netty-common-4.1.97.Final.jar!/META-INF/MANIFEST.MF
[01:36:32] [main/DEBUG] (net.minecraftforge.fml.loading.moddiscovery.ClasspathLocator) 	jar:file:/C:/Users/13475/.gradle/caches/modules-2/files-2.1/io.netty/netty-handler/4.1.97.Final/abb86c6906bf512bf2b797a41cd7d2e8d3cd7c36/netty-handler-4.1.97.Final.jar!/META-INF/MANIFEST.MF
[01:36:32] [main/DEBUG] (net.minecraftforge.fml.loading.moddiscovery.ClasspathLocator) 	jar:file:/C:/Users/13475/.gradle/caches/modules-2/files-2.1/io.netty/netty-handler/4.1.97.Final/abb86c6906bf512bf2b797a41cd7d2e8d3cd7c36/netty-handler-4.1.97.Final.jar!/META-INF/MANIFEST.MF
[01:36:32] [main/DEBUG] (net.minecraftforge.fml.loading.moddiscovery.ClasspathLocator) 	jar:file:/C:/Users/13475/.gradle/caches/modules-2/files-2.1/io.netty/netty-resolver/4.1.97.Final/cec8348108dc76c47cf87c669d514be52c922144/netty-resolver-4.1.97.Final.jar!/META-INF/MANIFEST.MF
[01:36:32] [main/DEBUG] (net.minecraftforge.fml.loading.moddiscovery.ClasspathLocator) 	jar:file:/C:/Users/13475/.gradle/caches/modules-2/files-2.1/io.netty/netty-resolver/4.1.97.Final/cec8348108dc76c47cf87c669d514be52c922144/netty-resolver-4.1.97.Final.jar!/META-INF/MANIFEST.MF
[01:36:32] [main/DEBUG] (net.minecraftforge.fml.loading.moddiscovery.ClasspathLocator) 	jar:file:/C:/Users/13475/.gradle/caches/modules-2/files-2.1/io.netty/netty-transport-classes-epoll/4.1.97.Final/795da37ded759e862457a82d9d92c4d39ce8ecee/netty-transport-classes-epoll-4.1.97.Final.jar!/META-INF/MANIFEST.MF
[01:36:32] [main/DEBUG] (net.minecraftforge.fml.loading.moddiscovery.ClasspathLocator) 	jar:file:/C:/Users/13475/.gradle/caches/modules-2/files-2.1/io.netty/netty-transport-classes-epoll/4.1.97.Final/795da37ded759e862457a82d9d92c4d39ce8ecee/netty-transport-classes-epoll-4.1.97.Final.jar!/META-INF/MANIFEST.MF
[01:36:32] [main/DEBUG] (net.minecraftforge.fml.loading.moddiscovery.ClasspathLocator) 	jar:file:/C:/Users/13475/.gradle/caches/modules-2/files-2.1/io.netty/netty-transport-native-epoll/4.1.97.Final/54188f271e388e7f313aea995e82f58ce2cdb809/netty-transport-native-epoll-4.1.97.Final-linux-x86_64.jar!/META-INF/MANIFEST.MF
[01:36:32] [main/DEBUG] (net.minecraftforge.fml.loading.moddiscovery.ClasspathLocator) 	jar:file:/C:/Users/13475/.gradle/caches/modules-2/files-2.1/io.netty/netty-transport-native-epoll/4.1.97.Final/54188f271e388e7f313aea995e82f58ce2cdb809/netty-transport-native-epoll-4.1.97.Final-linux-x86_64.jar!/META-INF/MANIFEST.MF
[01:36:32] [main/DEBUG] (net.minecraftforge.fml.loading.moddiscovery.ClasspathLocator) 	jar:file:/C:/Users/13475/.gradle/caches/modules-2/files-2.1/io.netty/netty-transport-native-epoll/4.1.97.Final/5514744c588190ffda076b35a9b8c9f24946a960/netty-transport-native-epoll-4.1.97.Final-linux-aarch_64.jar!/META-INF/MANIFEST.MF
[01:36:32] [main/DEBUG] (net.minecraftforge.fml.loading.moddiscovery.ClasspathLocator) 	jar:file:/C:/Users/13475/.gradle/caches/modules-2/files-2.1/io.netty/netty-transport-native-epoll/4.1.97.Final/5514744c588190ffda076b35a9b8c9f24946a960/netty-transport-native-epoll-4.1.97.Final-linux-aarch_64.jar!/META-INF/MANIFEST.MF
[01:36:32] [main/DEBUG] (net.minecraftforge.fml.loading.moddiscovery.ClasspathLocator) 	jar:file:/C:/Users/13475/.gradle/caches/modules-2/files-2.1/io.netty/netty-transport-native-unix-common/4.1.97.Final/d469d84265ab70095b01b40886cabdd433b6e664/netty-transport-native-unix-common-4.1.97.Final.jar!/META-INF/MANIFEST.MF
[01:36:32] [main/DEBUG] (net.minecraftforge.fml.loading.moddiscovery.ClasspathLocator) 	jar:file:/C:/Users/13475/.gradle/caches/modules-2/files-2.1/io.netty/netty-transport-native-unix-common/4.1.97.Final/d469d84265ab70095b01b40886cabdd433b6e664/netty-transport-native-unix-common-4.1.97.Final.jar!/META-INF/MANIFEST.MF
[01:36:32] [main/DEBUG] (net.minecraftforge.fml.loading.moddiscovery.ClasspathLocator) 	jar:file:/C:/Users/13475/.gradle/caches/modules-2/files-2.1/io.netty/netty-transport/4.1.97.Final/f37380d23c9bb079bc702910833b2fd532c9abd0/netty-transport-4.1.97.Final.jar!/META-INF/MANIFEST.MF
[01:36:32] [main/DEBUG] (net.minecraftforge.fml.loading.moddiscovery.ClasspathLocator) 	jar:file:/C:/Users/13475/.gradle/caches/modules-2/files-2.1/io.netty/netty-transport/4.1.97.Final/f37380d23c9bb079bc702910833b2fd532c9abd0/netty-transport-4.1.97.Final.jar!/META-INF/MANIFEST.MF
[01:36:32] [main/DEBUG] (net.minecraftforge.fml.loading.moddiscovery.ClasspathLocator) 	jar:file:/C:/Users/13475/.gradle/caches/modules-2/files-2.1/it.unimi.dsi/fastutil/8.5.12/c24946d46824bd528054bface3231d2ecb7e95e8/fastutil-8.5.12.jar!/META-INF/MANIFEST.MF
[01:36:32] [main/DEBUG] (net.minecraftforge.fml.loading.moddiscovery.ClasspathLocator) 	jar:file:/C:/Users/13475/.gradle/caches/modules-2/files-2.1/it.unimi.dsi/fastutil/8.5.12/c24946d46824bd528054bface3231d2ecb7e95e8/fastutil-8.5.12.jar!/META-INF/MANIFEST.MF
[01:36:32] [main/DEBUG] (net.minecraftforge.fml.loading.moddiscovery.ClasspathLocator) 	jar:file:/C:/Users/13475/.gradle/caches/modules-2/files-2.1/net.fabricmc/dev-launch-injector/0.2.1+build.8/da8bef7e6e2f952da707f282bdb46882a0fce5e3/dev-launch-injector-0.2.1+build.8.jar!/META-INF/MANIFEST.MF
[01:36:32] [main/DEBUG] (net.minecraftforge.fml.loading.moddiscovery.ClasspathLocator) 	jar:file:/C:/Users/13475/.gradle/caches/modules-2/files-2.1/net.fabricmc/dev-launch-injector/0.2.1+build.8/da8bef7e6e2f952da707f282bdb46882a0fce5e3/dev-launch-injector-0.2.1+build.8.jar!/META-INF/MANIFEST.MF
[01:36:32] [main/DEBUG] (net.minecraftforge.fml.loading.moddiscovery.ClasspathLocator) 	jar:file:/C:/Users/13475/.gradle/caches/modules-2/files-2.1/net.java.dev.jna/jna-platform/5.13.0/88e9a306715e9379f3122415ef4ae759a352640d/jna-platform-5.13.0.jar!/META-INF/MANIFEST.MF
[01:36:32] [main/DEBUG] (net.minecraftforge.fml.loading.moddiscovery.ClasspathLocator) 	jar:file:/C:/Users/13475/.gradle/caches/modules-2/files-2.1/net.java.dev.jna/jna-platform/5.13.0/88e9a306715e9379f3122415ef4ae759a352640d/jna-platform-5.13.0.jar!/META-INF/MANIFEST.MF
[01:36:32] [main/DEBUG] (net.minecraftforge.fml.loading.moddiscovery.ClasspathLocator) 	jar:file:/C:/Users/13475/.gradle/caches/modules-2/files-2.1/net.java.dev.jna/jna/5.13.0/1200e7ebeedbe0d10062093f32925a912020e747/jna-5.13.0.jar!/META-INF/MANIFEST.MF
[01:36:32] [main/DEBUG] (net.minecraftforge.fml.loading.moddiscovery.ClasspathLocator) 	jar:file:/C:/Users/13475/.gradle/caches/modules-2/files-2.1/net.java.dev.jna/jna/5.13.0/1200e7ebeedbe0d10062093f32925a912020e747/jna-5.13.0.jar!/META-INF/MANIFEST.MF
[01:36:32] [main/DEBUG] (net.minecraftforge.fml.loading.moddiscovery.ClasspathLocator) 	jar:file:/C:/Users/13475/.gradle/caches/modules-2/files-2.1/net.jodah/typetools/0.6.3/a01aaa6ddaea9ec07ec4f209487b7a46a526283a/typetools-0.6.3.jar!/META-INF/MANIFEST.MF
[01:36:32] [main/DEBUG] (net.minecraftforge.fml.loading.moddiscovery.ClasspathLocator) 	jar:file:/C:/Users/13475/.gradle/caches/modules-2/files-2.1/net.jodah/typetools/0.6.3/a01aaa6ddaea9ec07ec4f209487b7a46a526283a/typetools-0.6.3.jar!/META-INF/MANIFEST.MF
[01:36:32] [main/DEBUG] (net.minecraftforge.fml.loading.moddiscovery.ClasspathLocator) 	jar:file:/C:/Users/13475/.gradle/caches/modules-2/files-2.1/net.minecraftforge/JarJarFileSystems/0.3.26/4b48cd32749b87a18afee96f33b825305feea289/JarJarFileSystems-0.3.26.jar!/META-INF/MANIFEST.MF
[01:36:32] [main/DEBUG] (net.minecraftforge.fml.loading.moddiscovery.ClasspathLocator) 	jar:file:/C:/Users/13475/.gradle/caches/modules-2/files-2.1/net.minecraftforge/JarJarFileSystems/0.3.26/4b48cd32749b87a18afee96f33b825305feea289/JarJarFileSystems-0.3.26.jar!/META-INF/MANIFEST.MF
[01:36:32] [main/DEBUG] (net.minecraftforge.fml.loading.moddiscovery.ClasspathLocator) 	jar:file:/C:/Users/13475/.gradle/caches/modules-2/files-2.1/net.minecraftforge/JarJarMetadata/0.3.26/6db967d6cce100e4abdeed0abfd594b9f42e0d10/JarJarMetadata-0.3.26.jar!/META-INF/MANIFEST.MF
[01:36:32] [main/DEBUG] (net.minecraftforge.fml.loading.moddiscovery.ClasspathLocator) 	jar:file:/C:/Users/13475/.gradle/caches/modules-2/files-2.1/net.minecraftforge/JarJarMetadata/0.3.26/6db967d6cce100e4abdeed0abfd594b9f42e0d10/JarJarMetadata-0.3.26.jar!/META-INF/MANIFEST.MF
[01:36:32] [main/DEBUG] (net.minecraftforge.fml.loading.moddiscovery.ClasspathLocator) 	jar:file:/C:/Users/13475/.gradle/caches/modules-2/files-2.1/net.minecraftforge/JarJarSelector/0.3.26/1e032096a4d07e5bbb7b2f3b2beee8d5e02879e9/JarJarSelector-0.3.26.jar!/META-INF/MANIFEST.MF
[01:36:32] [main/DEBUG] (net.minecraftforge.fml.loading.moddiscovery.ClasspathLocator) 	jar:file:/C:/Users/13475/.gradle/caches/modules-2/files-2.1/net.minecraftforge/JarJarSelector/0.3.26/1e032096a4d07e5bbb7b2f3b2beee8d5e02879e9/JarJarSelector-0.3.26.jar!/META-INF/MANIFEST.MF
[01:36:32] [main/DEBUG] (net.minecraftforge.fml.loading.moddiscovery.ClasspathLocator) 	jar:file:/C:/Users/13475/.gradle/caches/modules-2/files-2.1/net.minecraftforge/accesstransformers/8.1.1/55b3a0604fec2b22c183a3e49b6f3da4e7aaaf27/accesstransformers-8.1.1.jar!/META-INF/MANIFEST.MF
[01:36:32] [main/DEBUG] (net.minecraftforge.fml.loading.moddiscovery.ClasspathLocator) 	jar:file:/C:/Users/13475/.gradle/caches/modules-2/files-2.1/net.minecraftforge/accesstransformers/8.1.1/55b3a0604fec2b22c183a3e49b6f3da4e7aaaf27/accesstransformers-8.1.1.jar!/META-INF/MANIFEST.MF
[01:36:32] [main/DEBUG] (net.minecraftforge.fml.loading.moddiscovery.ClasspathLocator) 	jar:file:/C:/Users/13475/.gradle/caches/modules-2/files-2.1/net.minecraftforge/bootstrap-api/2.1.0/49b0faecc9ca2d897c71b65e06909beaeda708cc/bootstrap-api-2.1.0.jar!/META-INF/MANIFEST.MF
[01:36:32] [main/DEBUG] (net.minecraftforge.fml.loading.moddiscovery.ClasspathLocator) 	jar:file:/C:/Users/13475/.gradle/caches/modules-2/files-2.1/net.minecraftforge/bootstrap-api/2.1.0/49b0faecc9ca2d897c71b65e06909beaeda708cc/bootstrap-api-2.1.0.jar!/META-INF/MANIFEST.MF
[01:36:32] [main/DEBUG] (net.minecraftforge.fml.loading.moddiscovery.ClasspathLocator) 	jar:file:/C:/Users/13475/.gradle/caches/modules-2/files-2.1/net.minecraftforge/bootstrap-dev/2.1.0/f79e58bbbed96ff1db2b35eb1765c4395169e2ca/bootstrap-dev-2.1.0.jar!/META-INF/MANIFEST.MF
[01:36:32] [main/DEBUG] (net.minecraftforge.fml.loading.moddiscovery.ClasspathLocator) 	jar:file:/C:/Users/13475/.gradle/caches/modules-2/files-2.1/net.minecraftforge/bootstrap-dev/2.1.0/f79e58bbbed96ff1db2b35eb1765c4395169e2ca/bootstrap-dev-2.1.0.jar!/META-INF/MANIFEST.MF
[01:36:32] [main/DEBUG] (net.minecraftforge.fml.loading.moddiscovery.ClasspathLocator) 	jar:file:/C:/Users/13475/.gradle/caches/modules-2/files-2.1/net.minecraftforge/bootstrap/2.1.0/4d19e0c52311ed395cc2e0e4c398b40ff4065d34/bootstrap-2.1.0.jar!/META-INF/MANIFEST.MF
[01:36:32] [main/DEBUG] (net.minecraftforge.fml.loading.moddiscovery.ClasspathLocator) 	jar:file:/C:/Users/13475/.gradle/caches/modules-2/files-2.1/net.minecraftforge/bootstrap/2.1.0/4d19e0c52311ed395cc2e0e4c398b40ff4065d34/bootstrap-2.1.0.jar!/META-INF/MANIFEST.MF
[01:36:32] [main/DEBUG] (net.minecraftforge.fml.loading.moddiscovery.ClasspathLocator) 	jar:file:/C:/Users/13475/.gradle/caches/modules-2/files-2.1/net.minecraftforge/coremods/5.1.0/51c71425f6b216763c7a452b31d51ffa20de8804/coremods-5.1.0.jar!/META-INF/MANIFEST.MF
[01:36:32] [main/DEBUG] (net.minecraftforge.fml.loading.moddiscovery.ClasspathLocator) 	jar:file:/C:/Users/13475/.gradle/caches/modules-2/files-2.1/net.minecraftforge/coremods/5.1.0/51c71425f6b216763c7a452b31d51ffa20de8804/coremods-5.1.0.jar!/META-INF/MANIFEST.MF
[01:36:32] [main/DEBUG] (net.minecraftforge.fml.loading.moddiscovery.ClasspathLocator) 	jar:file:/C:/Users/13475/.gradle/caches/modules-2/files-2.1/net.minecraftforge/eventbus/6.2.0/861291db776b4817a800758311a88c9a42a55e9/eventbus-6.2.0.jar!/META-INF/MANIFEST.MF
[01:36:32] [main/DEBUG] (net.minecraftforge.fml.loading.moddiscovery.ClasspathLocator) 	jar:file:/C:/Users/13475/.gradle/caches/modules-2/files-2.1/net.minecraftforge/eventbus/6.2.0/861291db776b4817a800758311a88c9a42a55e9/eventbus-6.2.0.jar!/META-INF/MANIFEST.MF
[01:36:32] [main/DEBUG] (net.minecraftforge.fml.loading.moddiscovery.ClasspathLocator) 	jar:file:/C:/Users/13475/.gradle/caches/modules-2/files-2.1/net.minecraftforge/fmlcore/1.20.4-49.1.2/a5e8277ebc5bd8c44a22a93fc0c7c076e97202fb/fmlcore-1.20.4-49.1.2.jar!/META-INF/MANIFEST.MF
[01:36:32] [main/DEBUG] (net.minecraftforge.fml.loading.moddiscovery.ClasspathLocator) 	jar:file:/C:/Users/13475/.gradle/caches/modules-2/files-2.1/net.minecraftforge/fmlcore/1.20.4-49.1.2/a5e8277ebc5bd8c44a22a93fc0c7c076e97202fb/fmlcore-1.20.4-49.1.2.jar!/META-INF/MANIFEST.MF
[01:36:32] [main/DEBUG] (net.minecraftforge.fml.loading.moddiscovery.ClasspathLocator) 	jar:file:/C:/Users/13475/.gradle/caches/modules-2/files-2.1/net.minecraftforge/fmlearlydisplay/1.20.4-49.1.2/107dbec6e5fda6cc6d75070adac72076217d7657/fmlearlydisplay-1.20.4-49.1.2.jar!/META-INF/MANIFEST.MF
[01:36:32] [main/DEBUG] (net.minecraftforge.fml.loading.moddiscovery.ClasspathLocator) 	jar:file:/C:/Users/13475/.gradle/caches/modules-2/files-2.1/net.minecraftforge/fmlearlydisplay/1.20.4-49.1.2/107dbec6e5fda6cc6d75070adac72076217d7657/fmlearlydisplay-1.20.4-49.1.2.jar!/META-INF/MANIFEST.MF
[01:36:32] [main/DEBUG] (net.minecraftforge.fml.loading.moddiscovery.ClasspathLocator) 	jar:file:/C:/Users/13475/.gradle/caches/modules-2/files-2.1/net.minecraftforge/forgespi/7.1.3/a70210a2f27f3a8fa83b6c1d1abf7acfd4ec05da/forgespi-7.1.3.jar!/META-INF/MANIFEST.MF
[01:36:32] [main/DEBUG] (net.minecraftforge.fml.loading.moddiscovery.ClasspathLocator) 	jar:file:/C:/Users/13475/.gradle/caches/modules-2/files-2.1/net.minecraftforge/forgespi/7.1.3/a70210a2f27f3a8fa83b6c1d1abf7acfd4ec05da/forgespi-7.1.3.jar!/META-INF/MANIFEST.MF
[01:36:32] [main/DEBUG] (net.minecraftforge.fml.loading.moddiscovery.ClasspathLocator) 	jar:file:/C:/Users/13475/.gradle/caches/modules-2/files-2.1/net.minecraftforge/javafmllanguage/1.20.4-49.1.2/d13adf10c6aeca35810c9cbb66f16115b8af8cdf/javafmllanguage-1.20.4-49.1.2.jar!/META-INF/MANIFEST.MF
[01:36:32] [main/DEBUG] (net.minecraftforge.fml.loading.moddiscovery.ClasspathLocator) 	jar:file:/C:/Users/13475/.gradle/caches/modules-2/files-2.1/net.minecraftforge/javafmllanguage/1.20.4-49.1.2/d13adf10c6aeca35810c9cbb66f16115b8af8cdf/javafmllanguage-1.20.4-49.1.2.jar!/META-INF/MANIFEST.MF
[01:36:32] [main/DEBUG] (net.minecraftforge.fml.loading.moddiscovery.ClasspathLocator) 	jar:file:/C:/Users/13475/.gradle/caches/modules-2/files-2.1/net.minecraftforge/lowcodelanguage/1.20.4-49.1.2/2beb147067e29bfb693210fa1d0e52735aa6faf1/lowcodelanguage-1.20.4-49.1.2.jar!/META-INF/MANIFEST.MF
[01:36:32] [main/DEBUG] (net.minecraftforge.fml.loading.moddiscovery.ClasspathLocator) 	jar:file:/C:/Users/13475/.gradle/caches/modules-2/files-2.1/net.minecraftforge/lowcodelanguage/1.20.4-49.1.2/2beb147067e29bfb693210fa1d0e52735aa6faf1/lowcodelanguage-1.20.4-49.1.2.jar!/META-INF/MANIFEST.MF
[01:36:32] [main/DEBUG] (net.minecraftforge.fml.loading.moddiscovery.ClasspathLocator) 	jar:file:/C:/Users/13475/.gradle/caches/modules-2/files-2.1/net.minecraftforge/mclanguage/1.20.4-49.1.2/7bb7e193985f489dc78f410c56006bb4f8da778f/mclanguage-1.20.4-49.1.2.jar!/META-INF/MANIFEST.MF
[01:36:32] [main/DEBUG] (net.minecraftforge.fml.loading.moddiscovery.ClasspathLocator) 	jar:file:/C:/Users/13475/.gradle/caches/modules-2/files-2.1/net.minecraftforge/mclanguage/1.20.4-49.1.2/7bb7e193985f489dc78f410c56006bb4f8da778f/mclanguage-1.20.4-49.1.2.jar!/META-INF/MANIFEST.MF
[01:36:32] [main/DEBUG] (net.minecraftforge.fml.loading.moddiscovery.ClasspathLocator) 	jar:file:/C:/Users/13475/.gradle/caches/modules-2/files-2.1/net.minecraftforge/mergetool-api/1.0/589fac8080d2eb657bb37f464151abcd25524d64/mergetool-api-1.0.jar!/META-INF/MANIFEST.MF
[01:36:32] [main/DEBUG] (net.minecraftforge.fml.loading.moddiscovery.ClasspathLocator) 	jar:file:/C:/Users/13475/.gradle/caches/modules-2/files-2.1/net.minecraftforge/mergetool-api/1.0/589fac8080d2eb657bb37f464151abcd25524d64/mergetool-api-1.0.jar!/META-INF/MANIFEST.MF
[01:36:32] [main/DEBUG] (net.minecraftforge.fml.loading.moddiscovery.ClasspathLocator) 	jar:file:/C:/Users/13475/.gradle/caches/modules-2/files-2.1/net.minecraftforge/modlauncher/10.1.2/58d8bf1f2b5f892bdcbc852098eccb687dcb55fb/modlauncher-10.1.2.jar!/META-INF/MANIFEST.MF
[01:36:32] [main/DEBUG] (net.minecraftforge.fml.loading.moddiscovery.ClasspathLocator) 	jar:file:/C:/Users/13475/.gradle/caches/modules-2/files-2.1/net.minecraftforge/modlauncher/10.1.2/58d8bf1f2b5f892bdcbc852098eccb687dcb55fb/modlauncher-10.1.2.jar!/META-INF/MANIFEST.MF
[01:36:32] [main/DEBUG] (net.minecraftforge.fml.loading.moddiscovery.ClasspathLocator) 	jar:file:/C:/Users/13475/.gradle/caches/modules-2/files-2.1/net.minecraftforge/securemodules/2.2.10/a6f0a170072417ffed20042fdd8309aebd6e9fd0/securemodules-2.2.10.jar!/META-INF/MANIFEST.MF
[01:36:32] [main/DEBUG] (net.minecraftforge.fml.loading.moddiscovery.ClasspathLocator) 	jar:file:/C:/Users/13475/.gradle/caches/modules-2/files-2.1/net.minecraftforge/securemodules/2.2.10/a6f0a170072417ffed20042fdd8309aebd6e9fd0/securemodules-2.2.10.jar!/META-INF/MANIFEST.MF
[01:36:32] [main/DEBUG] (net.minecraftforge.fml.loading.moddiscovery.ClasspathLocator) 	jar:file:/C:/Users/13475/.gradle/caches/modules-2/files-2.1/net.minecraftforge/unsafe/0.9.2/33bad02861cabd77c54a8c9d1205e8638bbbbb4f/unsafe-0.9.2.jar!/META-INF/MANIFEST.MF
[01:36:32] [main/DEBUG] (net.minecraftforge.fml.loading.moddiscovery.ClasspathLocator) 	jar:file:/C:/Users/13475/.gradle/caches/modules-2/files-2.1/net.minecraftforge/unsafe/0.9.2/33bad02861cabd77c54a8c9d1205e8638bbbbb4f/unsafe-0.9.2.jar!/META-INF/MANIFEST.MF
[01:36:32] [main/DEBUG] (net.minecraftforge.fml.loading.moddiscovery.ClasspathLocator) 	jar:file:/C:/Users/13475/.gradle/caches/modules-2/files-2.1/net.minecrell/terminalconsoleappender/1.3.0/b562e9bb61235c9520e26282cdee71f8f802d1fc/terminalconsoleappender-1.3.0.jar!/META-INF/MANIFEST.MF
[01:36:32] [main/DEBUG] (net.minecraftforge.fml.loading.moddiscovery.ClasspathLocator) 	jar:file:/C:/Users/13475/.gradle/caches/modules-2/files-2.1/net.minecrell/terminalconsoleappender/1.3.0/b562e9bb61235c9520e26282cdee71f8f802d1fc/terminalconsoleappender-1.3.0.jar!/META-INF/MANIFEST.MF
[01:36:32] [main/DEBUG] (net.minecraftforge.fml.loading.moddiscovery.ClasspathLocator) 	jar:file:/C:/Users/13475/.gradle/caches/modules-2/files-2.1/net.sf.jopt-simple/jopt-simple/5.0.4/4fdac2fbe92dfad86aa6e9301736f6b4342a3f5c/jopt-simple-5.0.4.jar!/META-INF/MANIFEST.MF
[01:36:32] [main/DEBUG] (net.minecraftforge.fml.loading.moddiscovery.ClasspathLocator) 	jar:file:/C:/Users/13475/.gradle/caches/modules-2/files-2.1/net.sf.jopt-simple/jopt-simple/5.0.4/4fdac2fbe92dfad86aa6e9301736f6b4342a3f5c/jopt-simple-5.0.4.jar!/META-INF/MANIFEST.MF
[01:36:32] [main/DEBUG] (net.minecraftforge.fml.loading.moddiscovery.ClasspathLocator) 	jar:file:/C:/Users/13475/.gradle/caches/modules-2/files-2.1/org.abego.treelayout/org.abego.treelayout.core/1.0.3/457216e8e6578099ae63667bb1e4439235892028/org.abego.treelayout.core-1.0.3.jar!/META-INF/MANIFEST.MF
[01:36:32] [main/DEBUG] (net.minecraftforge.fml.loading.moddiscovery.ClasspathLocator) 	jar:file:/C:/Users/13475/.gradle/caches/modules-2/files-2.1/org.abego.treelayout/org.abego.treelayout.core/1.0.3/457216e8e6578099ae63667bb1e4439235892028/org.abego.treelayout.core-1.0.3.jar!/META-INF/MANIFEST.MF
[01:36:32] [main/DEBUG] (net.minecraftforge.fml.loading.moddiscovery.ClasspathLocator) 	jar:file:/C:/Users/13475/.gradle/caches/modules-2/files-2.1/org.antlr/ST4/4.3/92f2c1ad8d84abcbeead6cf7f2c53a04166293c2/ST4-4.3.jar!/META-INF/MANIFEST.MF
[01:36:32] [main/DEBUG] (net.minecraftforge.fml.loading.moddiscovery.ClasspathLocator) 	jar:file:/C:/Users/13475/.gradle/caches/modules-2/files-2.1/org.antlr/ST4/4.3/92f2c1ad8d84abcbeead6cf7f2c53a04166293c2/ST4-4.3.jar!/META-INF/MANIFEST.MF
[01:36:32] [main/DEBUG] (net.minecraftforge.fml.loading.moddiscovery.ClasspathLocator) 	jar:file:/C:/Users/13475/.gradle/caches/modules-2/files-2.1/org.antlr/antlr-runtime/3.5.2/cd9cd41361c155f3af0f653009dcecb08d8b4afd/antlr-runtime-3.5.2.jar!/META-INF/MANIFEST.MF
[01:36:32] [main/DEBUG] (net.minecraftforge.fml.loading.moddiscovery.ClasspathLocator) 	jar:file:/C:/Users/13475/.gradle/caches/modules-2/files-2.1/org.antlr/antlr-runtime/3.5.2/cd9cd41361c155f3af0f653009dcecb08d8b4afd/antlr-runtime-3.5.2.jar!/META-INF/MANIFEST.MF
[01:36:32] [main/DEBUG] (net.minecraftforge.fml.loading.moddiscovery.ClasspathLocator) 	jar:file:/C:/Users/13475/.gradle/caches/modules-2/files-2.1/org.antlr/antlr4-runtime/4.9.1/428664f05d2b7f7b7610204b5aa7c1763f62011a/antlr4-runtime-4.9.1.jar!/META-INF/MANIFEST.MF
[01:36:32] [main/DEBUG] (net.minecraftforge.fml.loading.moddiscovery.ClasspathLocator) 	jar:file:/C:/Users/13475/.gradle/caches/modules-2/files-2.1/org.antlr/antlr4-runtime/4.9.1/428664f05d2b7f7b7610204b5aa7c1763f62011a/antlr4-runtime-4.9.1.jar!/META-INF/MANIFEST.MF
[01:36:32] [main/DEBUG] (net.minecraftforge.fml.loading.moddiscovery.ClasspathLocator) 	jar:file:/C:/Users/13475/.gradle/caches/modules-2/files-2.1/org.antlr/antlr4/4.9.1/e92af8ab33e428461927b484e90bb155a4f3a052/antlr4-4.9.1.jar!/META-INF/MANIFEST.MF
[01:36:32] [main/DEBUG] (net.minecraftforge.fml.loading.moddiscovery.ClasspathLocator) 	jar:file:/C:/Users/13475/.gradle/caches/modules-2/files-2.1/org.antlr/antlr4/4.9.1/e92af8ab33e428461927b484e90bb155a4f3a052/antlr4-4.9.1.jar!/META-INF/MANIFEST.MF
[01:36:32] [main/DEBUG] (net.minecraftforge.fml.loading.moddiscovery.ClasspathLocator) 	jar:file:/C:/Users/13475/.gradle/caches/modules-2/files-2.1/org.apache.commons/commons-compress/1.22/691a8b4e6cf4248c3bc72c8b719337d5cb7359fa/commons-compress-1.22.jar!/META-INF/MANIFEST.MF
[01:36:32] [main/DEBUG] (net.minecraftforge.fml.loading.moddiscovery.ClasspathLocator) 	jar:file:/C:/Users/13475/.gradle/caches/modules-2/files-2.1/org.apache.commons/commons-compress/1.22/691a8b4e6cf4248c3bc72c8b719337d5cb7359fa/commons-compress-1.22.jar!/META-INF/MANIFEST.MF
[01:36:32] [main/DEBUG] (net.minecraftforge.fml.loading.moddiscovery.ClasspathLocator) 	jar:file:/C:/Users/13475/.gradle/caches/modules-2/files-2.1/org.apache.commons/commons-lang3/3.13.0/b7263237aa89c1f99b327197c41d0669707a462e/commons-lang3-3.13.0.jar!/META-INF/MANIFEST.MF
[01:36:32] [main/DEBUG] (net.minecraftforge.fml.loading.moddiscovery.ClasspathLocator) 	jar:file:/C:/Users/13475/.gradle/caches/modules-2/files-2.1/org.apache.commons/commons-lang3/3.13.0/b7263237aa89c1f99b327197c41d0669707a462e/commons-lang3-3.13.0.jar!/META-INF/MANIFEST.MF
[01:36:32] [main/DEBUG] (net.minecraftforge.fml.loading.moddiscovery.ClasspathLocator) 	jar:file:/C:/Users/13475/.gradle/caches/modules-2/files-2.1/org.apache.httpcomponents/httpclient/4.5.13/e5f6cae5ca7ecaac1ec2827a9e2d65ae2869cada/httpclient-4.5.13.jar!/META-INF/MANIFEST.MF
[01:36:32] [main/DEBUG] (net.minecraftforge.fml.loading.moddiscovery.ClasspathLocator) 	jar:file:/C:/Users/13475/.gradle/caches/modules-2/files-2.1/org.apache.httpcomponents/httpclient/4.5.13/e5f6cae5ca7ecaac1ec2827a9e2d65ae2869cada/httpclient-4.5.13.jar!/META-INF/MANIFEST.MF
[01:36:32] [main/DEBUG] (net.minecraftforge.fml.loading.moddiscovery.ClasspathLocator) 	jar:file:/C:/Users/13475/.gradle/caches/modules-2/files-2.1/org.apache.httpcomponents/httpcore/4.4.16/51cf043c87253c9f58b539c9f7e44c8894223850/httpcore-4.4.16.jar!/META-INF/MANIFEST.MF
[01:36:32] [main/DEBUG] (net.minecraftforge.fml.loading.moddiscovery.ClasspathLocator) 	jar:file:/C:/Users/13475/.gradle/caches/modules-2/files-2.1/org.apache.httpcomponents/httpcore/4.4.16/51cf043c87253c9f58b539c9f7e44c8894223850/httpcore-4.4.16.jar!/META-INF/MANIFEST.MF
[01:36:32] [main/DEBUG] (net.minecraftforge.fml.loading.moddiscovery.ClasspathLocator) 	jar:file:/C:/Users/13475/.gradle/caches/modules-2/files-2.1/org.apache.logging.log4j/log4j-api/2.19.0/ea1b37f38c327596b216542bc636cfdc0b8036fa/log4j-api-2.19.0.jar!/META-INF/MANIFEST.MF
[01:36:32] [main/DEBUG] (net.minecraftforge.fml.loading.moddiscovery.ClasspathLocator) 	jar:file:/C:/Users/13475/.gradle/caches/modules-2/files-2.1/org.apache.logging.log4j/log4j-api/2.19.0/ea1b37f38c327596b216542bc636cfdc0b8036fa/log4j-api-2.19.0.jar!/META-INF/MANIFEST.MF
[01:36:32] [main/DEBUG] (net.minecraftforge.fml.loading.moddiscovery.ClasspathLocator) 	jar:file:/C:/Users/13475/.gradle/caches/modules-2/files-2.1/org.apache.logging.log4j/log4j-core/2.19.0/3b6eeb4de4c49c0fe38a4ee27188ff5fee44d0bb/log4j-core-2.19.0.jar!/META-INF/MANIFEST.MF
[01:36:32] [main/DEBUG] (net.minecraftforge.fml.loading.moddiscovery.ClasspathLocator) 	jar:file:/C:/Users/13475/.gradle/caches/modules-2/files-2.1/org.apache.logging.log4j/log4j-core/2.19.0/3b6eeb4de4c49c0fe38a4ee27188ff5fee44d0bb/log4j-core-2.19.0.jar!/META-INF/MANIFEST.MF
[01:36:32] [main/DEBUG] (net.minecraftforge.fml.loading.moddiscovery.ClasspathLocator) 	jar:file:/C:/Users/13475/.gradle/caches/modules-2/files-2.1/org.apache.logging.log4j/log4j-slf4j2-impl/2.19.0/5c04bfdd63ce9dceb2e284b81e96b6a70010ee10/log4j-slf4j2-impl-2.19.0.jar!/META-INF/MANIFEST.MF
[01:36:32] [main/DEBUG] (net.minecraftforge.fml.loading.moddiscovery.ClasspathLocator) 	jar:file:/C:/Users/13475/.gradle/caches/modules-2/files-2.1/org.apache.logging.log4j/log4j-slf4j2-impl/2.19.0/5c04bfdd63ce9dceb2e284b81e96b6a70010ee10/log4j-slf4j2-impl-2.19.0.jar!/META-INF/MANIFEST.MF
[01:36:32] [main/DEBUG] (net.minecraftforge.fml.loading.moddiscovery.ClasspathLocator) 	jar:file:/C:/Users/13475/.gradle/caches/modules-2/files-2.1/org.apache.maven/maven-artifact/3.8.5/4433f50c07debefaed0553bd0068f4f48d449313/maven-artifact-3.8.5.jar!/META-INF/MANIFEST.MF
[01:36:32] [main/DEBUG] (net.minecraftforge.fml.loading.moddiscovery.ClasspathLocator) 	jar:file:/C:/Users/13475/.gradle/caches/modules-2/files-2.1/org.apache.maven/maven-artifact/3.8.5/4433f50c07debefaed0553bd0068f4f48d449313/maven-artifact-3.8.5.jar!/META-INF/MANIFEST.MF
[01:36:32] [main/DEBUG] (net.minecraftforge.fml.loading.moddiscovery.ClasspathLocator) 	jar:file:/C:/Users/13475/.gradle/caches/modules-2/files-2.1/org.checkerframework/checker-qual/3.33.0/de2b60b62da487644fc11f734e73c8b0b431238f/checker-qual-3.33.0.jar!/META-INF/MANIFEST.MF
[01:36:32] [main/DEBUG] (net.minecraftforge.fml.loading.moddiscovery.ClasspathLocator) 	jar:file:/C:/Users/13475/.gradle/caches/modules-2/files-2.1/org.checkerframework/checker-qual/3.33.0/de2b60b62da487644fc11f734e73c8b0b431238f/checker-qual-3.33.0.jar!/META-INF/MANIFEST.MF
[01:36:32] [main/DEBUG] (net.minecraftforge.fml.loading.moddiscovery.ClasspathLocator) 	jar:file:/C:/Users/13475/.gradle/caches/modules-2/files-2.1/org.codehaus.plexus/plexus-utils/3.3.0/cf43b5391de623b36fe066a21127baef82c64022/plexus-utils-3.3.0.jar!/META-INF/MANIFEST.MF
[01:36:32] [main/DEBUG] (net.minecraftforge.fml.loading.moddiscovery.ClasspathLocator) 	jar:file:/C:/Users/13475/.gradle/caches/modules-2/files-2.1/org.codehaus.plexus/plexus-utils/3.3.0/cf43b5391de623b36fe066a21127baef82c64022/plexus-utils-3.3.0.jar!/META-INF/MANIFEST.MF
[01:36:32] [main/DEBUG] (net.minecraftforge.fml.loading.moddiscovery.ClasspathLocator) 	jar:file:/C:/Users/13475/.gradle/caches/modules-2/files-2.1/org.glassfish/javax.json/1.0.4/3178f73569fd7a1e5ffc464e680f7a8cc784b85a/javax.json-1.0.4.jar!/META-INF/MANIFEST.MF
[01:36:32] [main/DEBUG] (net.minecraftforge.fml.loading.moddiscovery.ClasspathLocator) 	jar:file:/C:/Users/13475/.gradle/caches/modules-2/files-2.1/org.glassfish/javax.json/1.0.4/3178f73569fd7a1e5ffc464e680f7a8cc784b85a/javax.json-1.0.4.jar!/META-INF/MANIFEST.MF
[01:36:32] [main/DEBUG] (net.minecraftforge.fml.loading.moddiscovery.ClasspathLocator) 	jar:file:/C:/Users/13475/.gradle/caches/modules-2/files-2.1/org.jline/jline-reader/3.20.0/8f15415b022a25b473e8e16c28ae913186ffb9c4/jline-reader-3.20.0.jar!/META-INF/MANIFEST.MF
[01:36:32] [main/DEBUG] (net.minecraftforge.fml.loading.moddiscovery.ClasspathLocator) 	jar:file:/C:/Users/13475/.gradle/caches/modules-2/files-2.1/org.jline/jline-reader/3.20.0/8f15415b022a25b473e8e16c28ae913186ffb9c4/jline-reader-3.20.0.jar!/META-INF/MANIFEST.MF
[01:36:32] [main/DEBUG] (net.minecraftforge.fml.loading.moddiscovery.ClasspathLocator) 	jar:file:/C:/Users/13475/.gradle/caches/modules-2/files-2.1/org.jline/jline-terminal-jna/3.12.1/b0646629dc09c4a49c5e8baa65c5aba3066a7dee/jline-terminal-jna-3.12.1.jar!/META-INF/MANIFEST.MF
[01:36:32] [main/DEBUG] (net.minecraftforge.fml.loading.moddiscovery.ClasspathLocator) 	jar:file:/C:/Users/13475/.gradle/caches/modules-2/files-2.1/org.jline/jline-terminal-jna/3.12.1/b0646629dc09c4a49c5e8baa65c5aba3066a7dee/jline-terminal-jna-3.12.1.jar!/META-INF/MANIFEST.MF
[01:36:32] [main/DEBUG] (net.minecraftforge.fml.loading.moddiscovery.ClasspathLocator) 	jar:file:/C:/Users/13475/.gradle/caches/modules-2/files-2.1/org.jline/jline-terminal/3.20.0/d0ddcc708ddf527a3454c941b7b9225cc83a15ff/jline-terminal-3.20.0.jar!/META-INF/MANIFEST.MF
[01:36:32] [main/DEBUG] (net.minecraftforge.fml.loading.moddiscovery.ClasspathLocator) 	jar:file:/C:/Users/13475/.gradle/caches/modules-2/files-2.1/org.jline/jline-terminal/3.20.0/d0ddcc708ddf527a3454c941b7b9225cc83a15ff/jline-terminal-3.20.0.jar!/META-INF/MANIFEST.MF
[01:36:32] [main/DEBUG] (net.minecraftforge.fml.loading.moddiscovery.ClasspathLocator) 	jar:file:/C:/Users/13475/.gradle/caches/modules-2/files-2.1/org.joml/joml/1.10.5/22566d58af70ad3d72308bab63b8339906deb649/joml-1.10.5.jar!/META-INF/MANIFEST.MF
[01:36:32] [main/DEBUG] (net.minecraftforge.fml.loading.moddiscovery.ClasspathLocator) 	jar:file:/C:/Users/13475/.gradle/caches/modules-2/files-2.1/org.joml/joml/1.10.5/22566d58af70ad3d72308bab63b8339906deb649/joml-1.10.5.jar!/META-INF/MANIFEST.MF
[01:36:32] [main/DEBUG] (net.minecraftforge.fml.loading.moddiscovery.ClasspathLocator) 	jar:file:/C:/Users/13475/.gradle/caches/modules-2/files-2.1/org.lwjgl/lwjgl-glfw/3.3.2/1251e3cb7e5d6159334cfb9244f789ce992f03b/lwjgl-glfw-3.3.2-natives-windows.jar!/META-INF/MANIFEST.MF
[01:36:32] [main/DEBUG] (net.minecraftforge.fml.loading.moddiscovery.ClasspathLocator) 	jar:file:/C:/Users/13475/.gradle/caches/modules-2/files-2.1/org.lwjgl/lwjgl-glfw/3.3.2/1251e3cb7e5d6159334cfb9244f789ce992f03b/lwjgl-glfw-3.3.2-natives-windows.jar!/META-INF/MANIFEST.MF
[01:36:32] [main/DEBUG] (net.minecraftforge.fml.loading.moddiscovery.ClasspathLocator) 	jar:file:/C:/Users/13475/.gradle/caches/modules-2/files-2.1/org.lwjgl/lwjgl-glfw/3.3.2/17e1f9ec031ef72c2f7825c38eeb3a79c4d8bb17/lwjgl-glfw-3.3.2-natives-windows-x86.jar!/META-INF/MANIFEST.MF
[01:36:32] [main/DEBUG] (net.minecraftforge.fml.loading.moddiscovery.ClasspathLocator) 	jar:file:/C:/Users/13475/.gradle/caches/modules-2/files-2.1/org.lwjgl/lwjgl-glfw/3.3.2/17e1f9ec031ef72c2f7825c38eeb3a79c4d8bb17/lwjgl-glfw-3.3.2-natives-windows-x86.jar!/META-INF/MANIFEST.MF
[01:36:32] [main/DEBUG] (net.minecraftforge.fml.loading.moddiscovery.ClasspathLocator) 	jar:file:/C:/Users/13475/.gradle/caches/modules-2/files-2.1/org.lwjgl/lwjgl-glfw/3.3.2/757920418805fb90bfebb3d46b1d9e7669fca2eb/lwjgl-glfw-3.3.2.jar!/META-INF/MANIFEST.MF
[01:36:32] [main/DEBUG] (net.minecraftforge.fml.loading.moddiscovery.ClasspathLocator) 	jar:file:/C:/Users/13475/.gradle/caches/modules-2/files-2.1/org.lwjgl/lwjgl-glfw/3.3.2/757920418805fb90bfebb3d46b1d9e7669fca2eb/lwjgl-glfw-3.3.2.jar!/META-INF/MANIFEST.MF
[01:36:32] [main/DEBUG] (net.minecraftforge.fml.loading.moddiscovery.ClasspathLocator) 	jar:file:/C:/Users/13475/.gradle/caches/modules-2/files-2.1/org.lwjgl/lwjgl-glfw/3.3.2/e79c4857a887bd79ba78bdf2d422a7d333028a2d/lwjgl-glfw-3.3.2-natives-windows-arm64.jar!/META-INF/MANIFEST.MF
[01:36:32] [main/DEBUG] (net.minecraftforge.fml.loading.moddiscovery.ClasspathLocator) 	jar:file:/C:/Users/13475/.gradle/caches/modules-2/files-2.1/org.lwjgl/lwjgl-glfw/3.3.2/e79c4857a887bd79ba78bdf2d422a7d333028a2d/lwjgl-glfw-3.3.2-natives-windows-arm64.jar!/META-INF/MANIFEST.MF
[01:36:32] [main/DEBUG] (net.minecraftforge.fml.loading.moddiscovery.ClasspathLocator) 	jar:file:/C:/Users/13475/.gradle/caches/modules-2/files-2.1/org.lwjgl/lwjgl-jemalloc/3.3.2/598790de603c286dbc4068b27829eacc37592786/lwjgl-jemalloc-3.3.2-natives-windows-arm64.jar!/META-INF/MANIFEST.MF
[01:36:32] [main/DEBUG] (net.minecraftforge.fml.loading.moddiscovery.ClasspathLocator) 	jar:file:/C:/Users/13475/.gradle/caches/modules-2/files-2.1/org.lwjgl/lwjgl-jemalloc/3.3.2/598790de603c286dbc4068b27829eacc37592786/lwjgl-jemalloc-3.3.2-natives-windows-arm64.jar!/META-INF/MANIFEST.MF
[01:36:32] [main/DEBUG] (net.minecraftforge.fml.loading.moddiscovery.ClasspathLocator) 	jar:file:/C:/Users/13475/.gradle/caches/modules-2/files-2.1/org.lwjgl/lwjgl-jemalloc/3.3.2/877e17e39ebcd58a9c956dc3b5b777813de0873a/lwjgl-jemalloc-3.3.2.jar!/META-INF/MANIFEST.MF
[01:36:32] [main/DEBUG] (net.minecraftforge.fml.loading.moddiscovery.ClasspathLocator) 	jar:file:/C:/Users/13475/.gradle/caches/modules-2/files-2.1/org.lwjgl/lwjgl-jemalloc/3.3.2/877e17e39ebcd58a9c956dc3b5b777813de0873a/lwjgl-jemalloc-3.3.2.jar!/META-INF/MANIFEST.MF
[01:36:32] [main/DEBUG] (net.minecraftforge.fml.loading.moddiscovery.ClasspathLocator) 	jar:file:/C:/Users/13475/.gradle/caches/modules-2/files-2.1/org.lwjgl/lwjgl-jemalloc/3.3.2/9b07558f81a5d54dfaeb861bab3ccc86bb4477c9/lwjgl-jemalloc-3.3.2-natives-windows-x86.jar!/META-INF/MANIFEST.MF
[01:36:32] [main/DEBUG] (net.minecraftforge.fml.loading.moddiscovery.ClasspathLocator) 	jar:file:/C:/Users/13475/.gradle/caches/modules-2/files-2.1/org.lwjgl/lwjgl-jemalloc/3.3.2/9b07558f81a5d54dfaeb861bab3ccc86bb4477c9/lwjgl-jemalloc-3.3.2-natives-windows-x86.jar!/META-INF/MANIFEST.MF
[01:36:32] [main/DEBUG] (net.minecraftforge.fml.loading.moddiscovery.ClasspathLocator) 	jar:file:/C:/Users/13475/.gradle/caches/modules-2/files-2.1/org.lwjgl/lwjgl-jemalloc/3.3.2/db886c1f9e313c3fa2a25543b99ccd250d3f9fb5/lwjgl-jemalloc-3.3.2-natives-windows.jar!/META-INF/MANIFEST.MF
[01:36:32] [main/DEBUG] (net.minecraftforge.fml.loading.moddiscovery.ClasspathLocator) 	jar:file:/C:/Users/13475/.gradle/caches/modules-2/files-2.1/org.lwjgl/lwjgl-jemalloc/3.3.2/db886c1f9e313c3fa2a25543b99ccd250d3f9fb5/lwjgl-jemalloc-3.3.2-natives-windows.jar!/META-INF/MANIFEST.MF
[01:36:32] [main/DEBUG] (net.minecraftforge.fml.loading.moddiscovery.ClasspathLocator) 	jar:file:/C:/Users/13475/.gradle/caches/modules-2/files-2.1/org.lwjgl/lwjgl-openal/3.3.2/21fcb44d32ccf101017ec939fc740197677557d5/lwjgl-openal-3.3.2-natives-windows-x86.jar!/META-INF/MANIFEST.MF
[01:36:32] [main/DEBUG] (net.minecraftforge.fml.loading.moddiscovery.ClasspathLocator) 	jar:file:/C:/Users/13475/.gradle/caches/modules-2/files-2.1/org.lwjgl/lwjgl-openal/3.3.2/21fcb44d32ccf101017ec939fc740197677557d5/lwjgl-openal-3.3.2-natives-windows-x86.jar!/META-INF/MANIFEST.MF
[01:36:32] [main/DEBUG] (net.minecraftforge.fml.loading.moddiscovery.ClasspathLocator) 	jar:file:/C:/Users/13475/.gradle/caches/modules-2/files-2.1/org.lwjgl/lwjgl-openal/3.3.2/545ddec7959007a78b6662d616e00dacf00e1c29/lwjgl-openal-3.3.2-natives-windows-arm64.jar!/META-INF/MANIFEST.MF
[01:36:32] [main/DEBUG] (net.minecraftforge.fml.loading.moddiscovery.ClasspathLocator) 	jar:file:/C:/Users/13475/.gradle/caches/modules-2/files-2.1/org.lwjgl/lwjgl-openal/3.3.2/545ddec7959007a78b6662d616e00dacf00e1c29/lwjgl-openal-3.3.2-natives-windows-arm64.jar!/META-INF/MANIFEST.MF
[01:36:32] [main/DEBUG] (net.minecraftforge.fml.loading.moddiscovery.ClasspathLocator) 	jar:file:/C:/Users/13475/.gradle/caches/modules-2/files-2.1/org.lwjgl/lwjgl-openal/3.3.2/ae5357ed6d934546d3533993ea84c0cfb75eed95/lwjgl-openal-3.3.2.jar!/META-INF/MANIFEST.MF
[01:36:32] [main/DEBUG] (net.minecraftforge.fml.loading.moddiscovery.ClasspathLocator) 	jar:file:/C:/Users/13475/.gradle/caches/modules-2/files-2.1/org.lwjgl/lwjgl-openal/3.3.2/ae5357ed6d934546d3533993ea84c0cfb75eed95/lwjgl-openal-3.3.2.jar!/META-INF/MANIFEST.MF
[01:36:32] [main/DEBUG] (net.minecraftforge.fml.loading.moddiscovery.ClasspathLocator) 	jar:file:/C:/Users/13475/.gradle/caches/modules-2/files-2.1/org.lwjgl/lwjgl-openal/3.3.2/e74f299a602192faaf14b917632e4cbbb493c940/lwjgl-openal-3.3.2-natives-windows.jar!/META-INF/MANIFEST.MF
[01:36:32] [main/DEBUG] (net.minecraftforge.fml.loading.moddiscovery.ClasspathLocator) 	jar:file:/C:/Users/13475/.gradle/caches/modules-2/files-2.1/org.lwjgl/lwjgl-openal/3.3.2/e74f299a602192faaf14b917632e4cbbb493c940/lwjgl-openal-3.3.2-natives-windows.jar!/META-INF/MANIFEST.MF
[01:36:32] [main/DEBUG] (net.minecraftforge.fml.loading.moddiscovery.ClasspathLocator) 	jar:file:/C:/Users/13475/.gradle/caches/modules-2/files-2.1/org.lwjgl/lwjgl-opengl/3.3.2/21df035bf03dbf5001f92291b24dc951da513481/lwjgl-opengl-3.3.2-natives-windows-arm64.jar!/META-INF/MANIFEST.MF
[01:36:32] [main/DEBUG] (net.minecraftforge.fml.loading.moddiscovery.ClasspathLocator) 	jar:file:/C:/Users/13475/.gradle/caches/modules-2/files-2.1/org.lwjgl/lwjgl-opengl/3.3.2/21df035bf03dbf5001f92291b24dc951da513481/lwjgl-opengl-3.3.2-natives-windows-arm64.jar!/META-INF/MANIFEST.MF
[01:36:32] [main/DEBUG] (net.minecraftforge.fml.loading.moddiscovery.ClasspathLocator) 	jar:file:/C:/Users/13475/.gradle/caches/modules-2/files-2.1/org.lwjgl/lwjgl-opengl/3.3.2/22fa4149159154b24f6c1bd46a342d4958a9fba1/lwjgl-opengl-3.3.2-natives-windows-x86.jar!/META-INF/MANIFEST.MF
[01:36:32] [main/DEBUG] (net.minecraftforge.fml.loading.moddiscovery.ClasspathLocator) 	jar:file:/C:/Users/13475/.gradle/caches/modules-2/files-2.1/org.lwjgl/lwjgl-opengl/3.3.2/22fa4149159154b24f6c1bd46a342d4958a9fba1/lwjgl-opengl-3.3.2-natives-windows-x86.jar!/META-INF/MANIFEST.MF
[01:36:32] [main/DEBUG] (net.minecraftforge.fml.loading.moddiscovery.ClasspathLocator) 	jar:file:/C:/Users/13475/.gradle/caches/modules-2/files-2.1/org.lwjgl/lwjgl-opengl/3.3.2/83cd34469d4e0bc335bf74c7f62206530a9480bf/lwjgl-opengl-3.3.2-natives-windows.jar!/META-INF/MANIFEST.MF
[01:36:32] [main/DEBUG] (net.minecraftforge.fml.loading.moddiscovery.ClasspathLocator) 	jar:file:/C:/Users/13475/.gradle/caches/modules-2/files-2.1/org.lwjgl/lwjgl-opengl/3.3.2/83cd34469d4e0bc335bf74c7f62206530a9480bf/lwjgl-opengl-3.3.2-natives-windows.jar!/META-INF/MANIFEST.MF
[01:36:32] [main/DEBUG] (net.minecraftforge.fml.loading.moddiscovery.ClasspathLocator) 	jar:file:/C:/Users/13475/.gradle/caches/modules-2/files-2.1/org.lwjgl/lwjgl-opengl/3.3.2/ee8e95be0b438602038bc1f02dc5e3d011b1b216/lwjgl-opengl-3.3.2.jar!/META-INF/MANIFEST.MF
[01:36:32] [main/DEBUG] (net.minecraftforge.fml.loading.moddiscovery.ClasspathLocator) 	jar:file:/C:/Users/13475/.gradle/caches/modules-2/files-2.1/org.lwjgl/lwjgl-opengl/3.3.2/ee8e95be0b438602038bc1f02dc5e3d011b1b216/lwjgl-opengl-3.3.2.jar!/META-INF/MANIFEST.MF
[01:36:32] [main/DEBUG] (net.minecraftforge.fml.loading.moddiscovery.ClasspathLocator) 	jar:file:/C:/Users/13475/.gradle/caches/modules-2/files-2.1/org.lwjgl/lwjgl-stb/3.3.2/1c4f4b8353bdb78c5264ab921436f03fc9aa1ba5/lwjgl-stb-3.3.2-natives-windows.jar!/META-INF/MANIFEST.MF
[01:36:32] [main/DEBUG] (net.minecraftforge.fml.loading.moddiscovery.ClasspathLocator) 	jar:file:/C:/Users/13475/.gradle/caches/modules-2/files-2.1/org.lwjgl/lwjgl-stb/3.3.2/1c4f4b8353bdb78c5264ab921436f03fc9aa1ba5/lwjgl-stb-3.3.2-natives-windows.jar!/META-INF/MANIFEST.MF
[01:36:32] [main/DEBUG] (net.minecraftforge.fml.loading.moddiscovery.ClasspathLocator) 	jar:file:/C:/Users/13475/.gradle/caches/modules-2/files-2.1/org.lwjgl/lwjgl-stb/3.3.2/a0de7bde6722fa68d25ba6afbd7395508c53c730/lwjgl-stb-3.3.2-natives-windows-x86.jar!/META-INF/MANIFEST.MF
[01:36:32] [main/DEBUG] (net.minecraftforge.fml.loading.moddiscovery.ClasspathLocator) 	jar:file:/C:/Users/13475/.gradle/caches/modules-2/files-2.1/org.lwjgl/lwjgl-stb/3.3.2/a0de7bde6722fa68d25ba6afbd7395508c53c730/lwjgl-stb-3.3.2-natives-windows-x86.jar!/META-INF/MANIFEST.MF
[01:36:32] [main/DEBUG] (net.minecraftforge.fml.loading.moddiscovery.ClasspathLocator) 	jar:file:/C:/Users/13475/.gradle/caches/modules-2/files-2.1/org.lwjgl/lwjgl-stb/3.3.2/a2550795014d622b686e9caac50b14baa87d2c70/lwjgl-stb-3.3.2.jar!/META-INF/MANIFEST.MF
[01:36:32] [main/DEBUG] (net.minecraftforge.fml.loading.moddiscovery.ClasspathLocator) 	jar:file:/C:/Users/13475/.gradle/caches/modules-2/files-2.1/org.lwjgl/lwjgl-stb/3.3.2/a2550795014d622b686e9caac50b14baa87d2c70/lwjgl-stb-3.3.2.jar!/META-INF/MANIFEST.MF
[01:36:32] [main/DEBUG] (net.minecraftforge.fml.loading.moddiscovery.ClasspathLocator) 	jar:file:/C:/Users/13475/.gradle/caches/modules-2/files-2.1/org.lwjgl/lwjgl-stb/3.3.2/c29df97c3cca97dc00d34e171936153764c9f78b/lwjgl-stb-3.3.2-natives-windows-arm64.jar!/META-INF/MANIFEST.MF
[01:36:32] [main/DEBUG] (net.minecraftforge.fml.loading.moddiscovery.ClasspathLocator) 	jar:file:/C:/Users/13475/.gradle/caches/modules-2/files-2.1/org.lwjgl/lwjgl-stb/3.3.2/c29df97c3cca97dc00d34e171936153764c9f78b/lwjgl-stb-3.3.2-natives-windows-arm64.jar!/META-INF/MANIFEST.MF
[01:36:32] [main/DEBUG] (net.minecraftforge.fml.loading.moddiscovery.ClasspathLocator) 	jar:file:/C:/Users/13475/.gradle/caches/modules-2/files-2.1/org.lwjgl/lwjgl-tinyfd/3.3.2/500f5daa3b731ca282d4b90aeafda94c528d3e27/lwjgl-tinyfd-3.3.2-natives-windows-arm64.jar!/META-INF/MANIFEST.MF
[01:36:32] [main/DEBUG] (net.minecraftforge.fml.loading.moddiscovery.ClasspathLocator) 	jar:file:/C:/Users/13475/.gradle/caches/modules-2/files-2.1/org.lwjgl/lwjgl-tinyfd/3.3.2/500f5daa3b731ca282d4b90aeafda94c528d3e27/lwjgl-tinyfd-3.3.2-natives-windows-arm64.jar!/META-INF/MANIFEST.MF
[01:36:32] [main/DEBUG] (net.minecraftforge.fml.loading.moddiscovery.ClasspathLocator) 	jar:file:/C:/Users/13475/.gradle/caches/modules-2/files-2.1/org.lwjgl/lwjgl-tinyfd/3.3.2/54a93ed247d20007a6f579355263fdc2c030753a/lwjgl-tinyfd-3.3.2-natives-windows.jar!/META-INF/MANIFEST.MF
[01:36:32] [main/DEBUG] (net.minecraftforge.fml.loading.moddiscovery.ClasspathLocator) 	jar:file:/C:/Users/13475/.gradle/caches/modules-2/files-2.1/org.lwjgl/lwjgl-tinyfd/3.3.2/54a93ed247d20007a6f579355263fdc2c030753a/lwjgl-tinyfd-3.3.2-natives-windows.jar!/META-INF/MANIFEST.MF
[01:36:32] [main/DEBUG] (net.minecraftforge.fml.loading.moddiscovery.ClasspathLocator) 	jar:file:/C:/Users/13475/.gradle/caches/modules-2/files-2.1/org.lwjgl/lwjgl-tinyfd/3.3.2/9f65c248dd77934105274fcf8351abb75b34327c/lwjgl-tinyfd-3.3.2.jar!/META-INF/MANIFEST.MF
[01:36:32] [main/DEBUG] (net.minecraftforge.fml.loading.moddiscovery.ClasspathLocator) 	jar:file:/C:/Users/13475/.gradle/caches/modules-2/files-2.1/org.lwjgl/lwjgl-tinyfd/3.3.2/9f65c248dd77934105274fcf8351abb75b34327c/lwjgl-tinyfd-3.3.2.jar!/META-INF/MANIFEST.MF
[01:36:32] [main/DEBUG] (net.minecraftforge.fml.loading.moddiscovery.ClasspathLocator) 	jar:file:/C:/Users/13475/.gradle/caches/modules-2/files-2.1/org.lwjgl/lwjgl-tinyfd/3.3.2/c1dfa1c438e0262453e7bf625289540e5cbffb2/lwjgl-tinyfd-3.3.2-natives-windows-x86.jar!/META-INF/MANIFEST.MF
[01:36:32] [main/DEBUG] (net.minecraftforge.fml.loading.moddiscovery.ClasspathLocator) 	jar:file:/C:/Users/13475/.gradle/caches/modules-2/files-2.1/org.lwjgl/lwjgl-tinyfd/3.3.2/c1dfa1c438e0262453e7bf625289540e5cbffb2/lwjgl-tinyfd-3.3.2-natives-windows-x86.jar!/META-INF/MANIFEST.MF
[01:36:32] [main/DEBUG] (net.minecraftforge.fml.loading.moddiscovery.ClasspathLocator) 	jar:file:/C:/Users/13475/.gradle/caches/modules-2/files-2.1/org.lwjgl/lwjgl/3.3.2/4421d94af68e35dcaa31737a6fc59136a1e61b94/lwjgl-3.3.2.jar!/META-INF/MANIFEST.MF
[01:36:32] [main/DEBUG] (net.minecraftforge.fml.loading.moddiscovery.ClasspathLocator) 	jar:file:/C:/Users/13475/.gradle/caches/modules-2/files-2.1/org.lwjgl/lwjgl/3.3.2/4421d94af68e35dcaa31737a6fc59136a1e61b94/lwjgl-3.3.2.jar!/META-INF/MANIFEST.MF
[01:36:32] [main/DEBUG] (net.minecraftforge.fml.loading.moddiscovery.ClasspathLocator) 	jar:file:/C:/Users/13475/.gradle/caches/modules-2/files-2.1/org.lwjgl/lwjgl/3.3.2/a55169ced70ffcd15f2162daf4a9c968578f6cd5/lwjgl-3.3.2-natives-windows.jar!/META-INF/MANIFEST.MF
[01:36:32] [main/DEBUG] (net.minecraftforge.fml.loading.moddiscovery.ClasspathLocator) 	jar:file:/C:/Users/13475/.gradle/caches/modules-2/files-2.1/org.lwjgl/lwjgl/3.3.2/a55169ced70ffcd15f2162daf4a9c968578f6cd5/lwjgl-3.3.2-natives-windows.jar!/META-INF/MANIFEST.MF
[01:36:32] [main/DEBUG] (net.minecraftforge.fml.loading.moddiscovery.ClasspathLocator) 	jar:file:/C:/Users/13475/.gradle/caches/modules-2/files-2.1/org.lwjgl/lwjgl/3.3.2/d900e4678449ba97ff46fa64b22e0376bf8cd00e/lwjgl-3.3.2-natives-windows-arm64.jar!/META-INF/MANIFEST.MF
[01:36:32] [main/DEBUG] (net.minecraftforge.fml.loading.moddiscovery.ClasspathLocator) 	jar:file:/C:/Users/13475/.gradle/caches/modules-2/files-2.1/org.lwjgl/lwjgl/3.3.2/d900e4678449ba97ff46fa64b22e0376bf8cd00e/lwjgl-3.3.2-natives-windows-arm64.jar!/META-INF/MANIFEST.MF
[01:36:32] [main/DEBUG] (net.minecraftforge.fml.loading.moddiscovery.ClasspathLocator) 	jar:file:/C:/Users/13475/.gradle/caches/modules-2/files-2.1/org.lwjgl/lwjgl/3.3.2/ed495259b2c8f068794da0ffedfa7ae7c130b3c5/lwjgl-3.3.2-natives-windows-x86.jar!/META-INF/MANIFEST.MF
[01:36:32] [main/DEBUG] (net.minecraftforge.fml.loading.moddiscovery.ClasspathLocator) 	jar:file:/C:/Users/13475/.gradle/caches/modules-2/files-2.1/org.lwjgl/lwjgl/3.3.2/ed495259b2c8f068794da0ffedfa7ae7c130b3c5/lwjgl-3.3.2-natives-windows-x86.jar!/META-INF/MANIFEST.MF
[01:36:32] [main/DEBUG] (net.minecraftforge.fml.loading.moddiscovery.ClasspathLocator) 	jar:file:/C:/Users/13475/.gradle/caches/modules-2/files-2.1/org.openjdk.nashorn/nashorn-core/15.3/43977e804697048fc8d81d333a36c17d07a5b3dd/nashorn-core-15.3.jar!/META-INF/MANIFEST.MF
[01:36:32] [main/DEBUG] (net.minecraftforge.fml.loading.moddiscovery.ClasspathLocator) 	jar:file:/C:/Users/13475/.gradle/caches/modules-2/files-2.1/org.openjdk.nashorn/nashorn-core/15.3/43977e804697048fc8d81d333a36c17d07a5b3dd/nashorn-core-15.3.jar!/META-INF/MANIFEST.MF
[01:36:32] [main/DEBUG] (net.minecraftforge.fml.loading.moddiscovery.ClasspathLocator) 	jar:file:/C:/Users/13475/.gradle/caches/modules-2/files-2.1/org.ow2.asm/asm-analysis/9.6/9ce6c7b174bd997fc2552dff47964546bd7a5ec3/asm-analysis-9.6.jar!/META-INF/MANIFEST.MF
[01:36:32] [main/DEBUG] (net.minecraftforge.fml.loading.moddiscovery.ClasspathLocator) 	jar:file:/C:/Users/13475/.gradle/caches/modules-2/files-2.1/org.ow2.asm/asm-analysis/9.6/9ce6c7b174bd997fc2552dff47964546bd7a5ec3/asm-analysis-9.6.jar!/META-INF/MANIFEST.MF
[01:36:32] [main/DEBUG] (net.minecraftforge.fml.loading.moddiscovery.ClasspathLocator) 	jar:file:/C:/Users/13475/.gradle/caches/modules-2/files-2.1/org.ow2.asm/asm-commons/9.6/f1a9e5508eff490744144565c47326c8648be309/asm-commons-9.6.jar!/META-INF/MANIFEST.MF
[01:36:32] [main/DEBUG] (net.minecraftforge.fml.loading.moddiscovery.ClasspathLocator) 	jar:file:/C:/Users/13475/.gradle/caches/modules-2/files-2.1/org.ow2.asm/asm-commons/9.6/f1a9e5508eff490744144565c47326c8648be309/asm-commons-9.6.jar!/META-INF/MANIFEST.MF
[01:36:32] [main/DEBUG] (net.minecraftforge.fml.loading.moddiscovery.ClasspathLocator) 	jar:file:/C:/Users/13475/.gradle/caches/modules-2/files-2.1/org.ow2.asm/asm-tree/9.6/c0cdda9d211e965d2a4448aa3fd86110f2f8c2de/asm-tree-9.6.jar!/META-INF/MANIFEST.MF
[01:36:32] [main/DEBUG] (net.minecraftforge.fml.loading.moddiscovery.ClasspathLocator) 	jar:file:/C:/Users/13475/.gradle/caches/modules-2/files-2.1/org.ow2.asm/asm-tree/9.6/c0cdda9d211e965d2a4448aa3fd86110f2f8c2de/asm-tree-9.6.jar!/META-INF/MANIFEST.MF
[01:36:32] [main/DEBUG] (net.minecraftforge.fml.loading.moddiscovery.ClasspathLocator) 	jar:file:/C:/Users/13475/.gradle/caches/modules-2/files-2.1/org.ow2.asm/asm-util/9.6/f77caf84eb93786a749b2baa40865b9613e3eaee/asm-util-9.6.jar!/META-INF/MANIFEST.MF
[01:36:32] [main/DEBUG] (net.minecraftforge.fml.loading.moddiscovery.ClasspathLocator) 	jar:file:/C:/Users/13475/.gradle/caches/modules-2/files-2.1/org.ow2.asm/asm-util/9.6/f77caf84eb93786a749b2baa40865b9613e3eaee/asm-util-9.6.jar!/META-INF/MANIFEST.MF
[01:36:32] [main/DEBUG] (net.minecraftforge.fml.loading.moddiscovery.ClasspathLocator) 	jar:file:/C:/Users/13475/.gradle/caches/modules-2/files-2.1/org.ow2.asm/asm/9.6/aa205cf0a06dbd8e04ece91c0b37c3f5d567546a/asm-9.6.jar!/META-INF/MANIFEST.MF
[01:36:32] [main/DEBUG] (net.minecraftforge.fml.loading.moddiscovery.ClasspathLocator) 	jar:file:/C:/Users/13475/.gradle/caches/modules-2/files-2.1/org.ow2.asm/asm/9.6/aa205cf0a06dbd8e04ece91c0b37c3f5d567546a/asm-9.6.jar!/META-INF/MANIFEST.MF
[01:36:32] [main/DEBUG] (net.minecraftforge.fml.loading.moddiscovery.ClasspathLocator) 	jar:file:/C:/Users/13475/.gradle/caches/modules-2/files-2.1/org.slf4j/slf4j-api/2.0.7/41eb7184ea9d556f23e18b5cb99cad1f8581fc00/slf4j-api-2.0.7.jar!/META-INF/MANIFEST.MF
[01:36:32] [main/DEBUG] (net.minecraftforge.fml.loading.moddiscovery.ClasspathLocator) 	jar:file:/C:/Users/13475/.gradle/caches/modules-2/files-2.1/org.slf4j/slf4j-api/2.0.7/41eb7184ea9d556f23e18b5cb99cad1f8581fc00/slf4j-api-2.0.7.jar!/META-INF/MANIFEST.MF
[01:36:32] [main/DEBUG] (net.minecraftforge.fml.loading.moddiscovery.ClasspathLocator) 	jar:file:/C:/Users/13475/.gradle/caches/modules-2/files-2.1/org.slf4j/slf4j-simple/1.7.30/e606eac955f55ecf1d8edcccba04eb8ac98088dd/slf4j-simple-1.7.30.jar!/META-INF/MANIFEST.MF
[01:36:32] [main/DEBUG] (net.minecraftforge.fml.loading.moddiscovery.ClasspathLocator) 	jar:file:/C:/Users/13475/.gradle/caches/modules-2/files-2.1/org.slf4j/slf4j-simple/1.7.30/e606eac955f55ecf1d8edcccba04eb8ac98088dd/slf4j-simple-1.7.30.jar!/META-INF/MANIFEST.MF
[01:36:32] [main/DEBUG] (net.minecraftforge.fml.loading.moddiscovery.ClasspathLocator) 	jar:file:/C:/Users/13475/AppData/Local/Temp/672133497952165386.jar!/META-INF/MANIFEST.MF
[01:36:32] [main/DEBUG] (net.minecraftforge.fml.loading.moddiscovery.ClasspathLocator) 	jar:file:/C:/Users/13475/AppData/Local/Temp/672133497952165386.jar!/META-INF/MANIFEST.MF
[01:36:32] [main/DEBUG] (net.minecraftforge.fml.loading.moddiscovery.ClasspathLocator) 	jar:file:/D:/MinecraftModProject/Depression1.20.4/.gradle/loom-cache/remapped_mods/loom_mappings_1_20_4_layered_hash_40359_v2_forge_1_20_4_49_1_2_forge/dev/architectury/architectury-forge/11.1.17/architectury-forge-11.1.17.jar!/META-INF/MANIFEST.MF
[01:36:32] [main/DEBUG] (net.minecraftforge.fml.loading.moddiscovery.ClasspathLocator) 	jar:file:/D:/MinecraftModProject/Depression1.20.4/.gradle/loom-cache/remapped_mods/loom_mappings_1_20_4_layered_hash_40359_v2_forge_1_20_4_49_1_2_forge/dev/architectury/architectury-forge/11.1.17/architectury-forge-11.1.17.jar!/META-INF/MANIFEST.MF
[01:36:32] [main/DEBUG] (net.minecraftforge.fml.loading.moddiscovery.ClasspathLocator) 	jar:file:/D:/MinecraftModProject/Depression1.20.4/common/build/devlibs/depression-common-0.1.2-dev.jar!/META-INF/MANIFEST.MF
[01:36:32] [main/DEBUG] (net.minecraftforge.fml.loading.moddiscovery.ClasspathLocator) 	jar:file:/D:/MinecraftModProject/Depression1.20.4/common/build/devlibs/depression-common-0.1.2-dev.jar!/META-INF/MANIFEST.MF
[01:36:32] [main/DEBUG] (net.minecraftforge.fml.loading.moddiscovery.AbstractModProvider) Found META-INF/mods.toml mod of type GAMELIBRARY: C:\Users\13475\.gradle\caches\modules-2\files-2.1\io.github.llamalad7\mixinextras-forge\0.2.0\2710309a309a9d66cbdda36887751201662ceebe\mixinextras-forge-0.2.0.jar
[01:36:32] [main/DEBUG] (net.minecraftforge.fml.loading.moddiscovery.ModFileParser) Considering mod file candidate C:\Users\13475\.gradle\caches\modules-2\files-2.1\io.github.llamalad7\mixinextras-forge\0.2.0\2710309a309a9d66cbdda36887751201662ceebe\mixinextras-forge-0.2.0.jar
[01:36:32] [main/DEBUG] (net.minecraftforge.fml.loading.moddiscovery.ModFileInfo) Found valid mod file mixinextras-forge-0.2.0.jar with {mixinextras} mods - versions {0.2.0}
[01:36:32] [main/DEBUG] (net.minecraftforge.fml.loading.moddiscovery.AbstractModProvider) Found META-INF/MANIFEST.MF mod of type LANGPROVIDER: C:\Users\13475\.gradle\caches\modules-2\files-2.1\net.minecraftforge\javafmllanguage\1.20.4-49.1.2\d13adf10c6aeca35810c9cbb66f16115b8af8cdf\javafmllanguage-1.20.4-49.1.2.jar
[01:36:32] [main/DEBUG] (net.minecraftforge.fml.loading.moddiscovery.AbstractModProvider) Found META-INF/MANIFEST.MF mod of type LANGPROVIDER: C:\Users\13475\.gradle\caches\modules-2\files-2.1\net.minecraftforge\mclanguage\1.20.4-49.1.2\7bb7e193985f489dc78f410c56006bb4f8da778f\mclanguage-1.20.4-49.1.2.jar
[01:36:32] [main/DEBUG] (net.minecraftforge.fml.loading.moddiscovery.AbstractModProvider) Found META-INF/mods.toml mod of type null: D:\MinecraftModProject\Depression1.20.4\.gradle\loom-cache\remapped_mods\loom_mappings_1_20_4_layered_hash_40359_v2_forge_1_20_4_49_1_2_forge\dev\architectury\architectury-forge\11.1.17\architectury-forge-11.1.17.jar
[01:36:32] [main/DEBUG] (net.minecraftforge.fml.loading.moddiscovery.ModFileParser) Considering mod file candidate D:\MinecraftModProject\Depression1.20.4\.gradle\loom-cache\remapped_mods\loom_mappings_1_20_4_layered_hash_40359_v2_forge_1_20_4_49_1_2_forge\dev\architectury\architectury-forge\11.1.17\architectury-forge-11.1.17.jar
[01:36:32] [main/DEBUG] (net.minecraftforge.fml.loading.moddiscovery.ModFileInfo) Found valid mod file architectury-forge-11.1.17.jar with {architectury} mods - versions {11.1.17}
[01:36:32] [main/DEBUG] (net.minecraftforge.fml.loading.moddiscovery.AbstractModProvider) Found META-INF/MANIFEST.MF mod of type LIBRARY: C:\Users\13475\.gradle\caches\modules-2\files-2.1\net.minecraftforge\fmlcore\1.20.4-49.1.2\a5e8277ebc5bd8c44a22a93fc0c7c076e97202fb\fmlcore-1.20.4-49.1.2.jar
