[04:29:28] [main/INFO] (FabricLoader/GameProvider) Loading Minecraft 1.20.4 with Fabric Loader 0.15.11
[04:29:28] [main/DEBUG] (FabricLoader/GamePatch) Found game constructor: net.minecraft.client.main.Main -> net.minecraft.client.Minecraft
[04:29:28] [main/DEBUG] (FabricLoader/GamePatch) Patching game constructor <init>(Lnet/minecraft/client/main/GameConfig;)V
[04:29:28] [main/DEBUG] (FabricLoader/GamePatch) Run directory field is thought to be net/minecraft/client/Minecraft/gameDirectory
[04:29:28] [main/DEBUG] (FabricLoader/GamePatch) Applying brand name hook to net/minecraft/client/ClientBrandRetriever::getClientModName
[04:29:28] [main/DEBUG] (FabricLoader/GamePatch) Applying brand name hook to net/minecraft/server/MinecraftServer::getServerModName
[04:29:28] [main/DEBUG] (FabricLoader/Mappings) Loading mappings took 47 ms
[04:29:28] [main/DEBUG] (FabricLoader/GamePatch) Patched 3 classs
[04:29:28] [main/DEBUG] (FabricLoader/Discovery) Mod discovery time: 30.4 ms
[04:29:28] [main/DEBUG] (FabricLoader/Resolution) Mod resolution time: 31.9 ms
[04:29:28] [main/INFO] (FabricLoader) Loading 59 mods:
	- architectury 11.1.17
	- depression 0.1.5+1.20.1
	- fabric-api 0.97.1+1.20.4
	- fabric-api-base 0.4.37+78d798af4f
	- fabric-api-lookup-api-v1 1.6.50+82b1bb3e4f
	- fabric-biome-api-v1 13.0.17+78d798af4f
	- fabric-block-api-v1 1.0.17+3e2216cb4f
	- fabric-block-view-api-v2 1.0.5+78d798af4f
	- fabric-blockrenderlayer-v1 1.1.47+78d798af4f
	- fabric-client-tags-api-v1 1.1.8+78d798af4f
	- fabric-command-api-v1 1.2.42+f71b366f4f
	- fabric-command-api-v2 2.2.21+78d798af4f
	- fabric-commands-v0 0.2.59+df3654b34f
	- fabric-containers-v0 0.1.87+df3654b34f
	- fabric-content-registries-v0 5.0.16+78d798af4f
	- fabric-convention-tags-v1 1.5.11+78d798af4f
	- fabric-crash-report-info-v1 0.2.24+78d798af4f
	- fabric-data-attachment-api-v1 1.1.5+b90db5744f
	- fabric-data-generation-api-v1 13.2.5+5c0133444f
	- fabric-dimensions-v1 2.1.63+6605d1a84f
	- fabric-entity-events-v1 1.6.2+09fc25014f
	- fabric-events-interaction-v0 0.7.2+389931eb4f
	- fabric-events-lifecycle-v0 0.2.75+df3654b34f
	- fabric-game-rule-api-v1 1.0.47+78d798af4f
	- fabric-gametest-api-v1 1.3.6+85d85a934f
	- fabric-item-api-v1 2.3.0+bcdd12964f
	- fabric-item-group-api-v1 4.0.27+ee30b13a4f
	- fabric-key-binding-api-v1 1.0.42+78d798af4f
	- fabric-keybindings-v0 0.2.40+df3654b34f
	- fabric-lifecycle-events-v1 2.3.1+a67ffb5d4f
	- fabric-loot-api-v2 2.1.10+78d798af4f
	- fabric-message-api-v1 6.0.6+78d798af4f
	- fabric-mining-level-api-v1 2.1.66+78d798af4f
	- fabric-model-loading-api-v1 1.0.9+78d798af4f
	- fabric-models-v0 0.4.8+9386d8a74f
	- fabric-networking-api-v1 3.1.8+2e5ac5484f
	- fabric-object-builder-api-v1 13.1.0+dba1195c4f
	- fabric-particles-v1 1.1.8+78d798af4f
	- fabric-recipe-api-v1 2.0.21+78d798af4f
	- fabric-registry-sync-v0 4.0.20+ee30b13a4f
	- fabric-renderer-api-v1 3.2.5+78d798af4f
	- fabric-renderer-indigo 1.5.6+d331d3144f
	- fabric-renderer-registries-v1 3.2.54+df3654b34f
	- fabric-rendering-data-attachment-v1 0.3.43+73761d2e4f
	- fabric-rendering-fluids-v1 3.1.2+e761c6694f
	- fabric-rendering-v0 1.1.57+df3654b34f
	- fabric-rendering-v1 3.2.1+6fd945a04f
	- fabric-resource-conditions-api-v1 2.3.15+78d798af4f
	- fabric-resource-loader-v0 0.11.21+ee30b13a4f
	- fabric-screen-api-v1 2.0.18+78d798af4f
	- fabric-screen-handler-api-v1 1.3.56+78d798af4f
	- fabric-sound-api-v1 1.0.18+78d798af4f
	- fabric-transfer-api-v1 4.0.12+90f2d7b14f
	- fabric-transitive-access-wideners-v1 5.0.15+78d798af4f
	- fabricloader 0.15.11
	- generated_293b3eb 1.0.0
	- java 17
	- minecraft 1.20.4
	- mixinextras 0.3.5
[04:29:28] [main/DEBUG] (FabricLoader/Knot) Adding D:\MinecraftModProject\Depression1.20.4\.gradle\loom-cache\remapped_mods\loom_mappings_1_20_4_layered_hash_40359_v2\net\fabricmc\fabric-api\fabric-biome-api-v1\13.0.17+78d798af4f\fabric-biome-api-v1-13.0.17+78d798af4f.jar to classpath.
[04:29:28] [main/DEBUG] (FabricLoader/Knot) Adding D:\MinecraftModProject\Depression1.20.4\.gradle\loom-cache\remapped_mods\loom_mappings_1_20_4_layered_hash_40359_v2\net\fabricmc\fabric-api\fabric-commands-v0\0.2.59+df3654b34f\fabric-commands-v0-0.2.59+df3654b34f.jar to classpath.
[04:29:28] [main/DEBUG] (FabricLoader/Knot) Adding D:\MinecraftModProject\Depression1.20.4\.gradle\loom-cache\remapped_mods\loom_mappings_1_20_4_layered_hash_40359_v2\net\fabricmc\fabric-api\fabric-game-rule-api-v1\1.0.47+78d798af4f\fabric-game-rule-api-v1-1.0.47+78d798af4f.jar to classpath.
[04:29:28] [main/DEBUG] (FabricLoader/Knot) Adding D:\MinecraftModProject\Depression1.20.4\.gradle\loom-cache\remapped_mods\loom_mappings_1_20_4_layered_hash_40359_v2\net\fabricmc\fabric-api\fabric-command-api-v1\1.2.42+f71b366f4f\fabric-command-api-v1-1.2.42+f71b366f4f.jar to classpath.
[04:29:28] [main/DEBUG] (FabricLoader/Knot) Adding D:\MinecraftModProject\Depression1.20.4\.gradle\loom-cache\remapped_mods\loom_mappings_1_20_4_layered_hash_40359_v2\net\fabricmc\fabric-api\fabric-data-attachment-api-v1\1.1.5+b90db5744f\fabric-data-attachment-api-v1-1.1.5+b90db5744f.jar to classpath.
[04:29:28] [main/DEBUG] (FabricLoader/Knot) Adding D:\MinecraftModProject\Depression1.20.4\.gradle\loom-cache\remapped_mods\loom_mappings_1_20_4_layered_hash_40359_v2\net\fabricmc\fabric-api\fabric-message-api-v1\6.0.6+78d798af4f\fabric-message-api-v1-6.0.6+78d798af4f.jar to classpath.
[04:29:28] [main/DEBUG] (FabricLoader/Knot) Adding C:\Users\13475\.gradle\caches\modules-2\files-2.1\io.github.llamalad7\mixinextras-fabric\0.3.5\3b577be20ea942610b3045e4f0cd909fa415a9d3\mixinextras-fabric-0.3.5.jar to classpath.
[04:29:28] [main/DEBUG] (FabricLoader/Knot) Adding D:\MinecraftModProject\Depression1.20.4\.gradle\loom-cache\remapped_mods\loom_mappings_1_20_4_layered_hash_40359_v2\net\fabricmc\fabric-api\fabric-api\0.97.1+1.20.4\fabric-api-0.97.1+1.20.4.jar to classpath.
[04:29:28] [main/DEBUG] (FabricLoader/Knot) Adding D:\MinecraftModProject\Depression1.20.4\.gradle\loom-cache\remapped_mods\loom_mappings_1_20_4_layered_hash_40359_v2\net\fabricmc\fabric-api\fabric-key-binding-api-v1\1.0.42+78d798af4f\fabric-key-binding-api-v1-1.0.42+78d798af4f.jar to classpath.
[04:29:28] [main/DEBUG] (FabricLoader/Knot) Adding D:\MinecraftModProject\Depression1.20.4\.gradle\loom-cache\remapped_mods\loom_mappings_1_20_4_layered_hash_40359_v2\net\fabricmc\fabric-api\fabric-resource-conditions-api-v1\2.3.15+78d798af4f\fabric-resource-conditions-api-v1-2.3.15+78d798af4f.jar to classpath.
[04:29:28] [main/DEBUG] (FabricLoader/Knot) Adding D:\MinecraftModProject\Depression1.20.4\.gradle\loom-cache\remapped_mods\loom_mappings_1_20_4_layered_hash_40359_v2\net\fabricmc\fabric-api\fabric-item-api-v1\2.3.0+bcdd12964f\fabric-item-api-v1-2.3.0+bcdd12964f.jar to classpath.
[04:29:28] [main/DEBUG] (FabricLoader/Knot) Adding D:\MinecraftModProject\Depression1.20.4\.gradle\loom-cache\remapped_mods\loom_mappings_1_20_4_layered_hash_40359_v2\net\fabricmc\fabric-api\fabric-command-api-v2\2.2.21+78d798af4f\fabric-command-api-v2-2.2.21+78d798af4f.jar to classpath.
[04:29:28] [main/DEBUG] (FabricLoader/Knot) Adding D:\MinecraftModProject\Depression1.20.4\.gradle\loom-cache\remapped_mods\loom_mappings_1_20_4_layered_hash_40359_v2\net\fabricmc\fabric-api\fabric-rendering-fluids-v1\3.1.2+e761c6694f\fabric-rendering-fluids-v1-3.1.2+e761c6694f.jar to classpath.
[04:29:28] [main/DEBUG] (FabricLoader/Knot) Adding D:\MinecraftModProject\Depression1.20.4\.gradle\loom-cache\remapped_mods\loom_mappings_1_20_4_layered_hash_40359_v2\net\fabricmc\fabric-api\fabric-entity-events-v1\1.6.2+09fc25014f\fabric-entity-events-v1-1.6.2+09fc25014f.jar to classpath.
[04:29:28] [main/DEBUG] (FabricLoader/Knot) Adding D:\MinecraftModProject\Depression1.20.4\.gradle\loom-cache\remapped_mods\loom_mappings_1_20_4_layered_hash_40359_v2\net\fabricmc\fabric-api\fabric-rendering-v1\3.2.1+6fd945a04f\fabric-rendering-v1-3.2.1+6fd945a04f.jar to classpath.
[04:29:28] [main/DEBUG] (FabricLoader/Knot) Adding D:\MinecraftModProject\Depression1.20.4\.gradle\loom-cache\remapped_mods\loom_mappings_1_20_4_layered_hash_40359_v2\net\fabricmc\fabric-api\fabric-renderer-api-v1\3.2.5+78d798af4f\fabric-renderer-api-v1-3.2.5+78d798af4f.jar to classpath.
[04:29:28] [main/DEBUG] (FabricLoader/Knot) Adding D:\MinecraftModProject\Depression1.20.4\.gradle\loom-cache\remapped_mods\loom_mappings_1_20_4_layered_hash_40359_v2\net\fabricmc\fabric-api\fabric-block-view-api-v2\1.0.5+78d798af4f\fabric-block-view-api-v2-1.0.5+78d798af4f.jar to classpath.
[04:29:28] [main/DEBUG] (FabricLoader/Knot) Adding D:\MinecraftModProject\Depression1.20.4\.gradle\loom-cache\remapped_mods\loom_mappings_1_20_4_layered_hash_40359_v2\net\fabricmc\fabric-api\fabric-registry-sync-v0\4.0.20+ee30b13a4f\fabric-registry-sync-v0-4.0.20+ee30b13a4f.jar to classpath.
[04:29:28] [main/DEBUG] (FabricLoader/Knot) Adding D:\MinecraftModProject\Depression1.20.4\.gradle\loom-cache\remapped_mods\loom_mappings_1_20_4_layered_hash_40359_v2\net\fabricmc\fabric-api\fabric-events-lifecycle-v0\0.2.75+df3654b34f\fabric-events-lifecycle-v0-0.2.75+df3654b34f.jar to classpath.
[04:29:28] [main/DEBUG] (FabricLoader/Knot) Adding D:\MinecraftModProject\Depression1.20.4\.gradle\loom-cache\remapped_mods\loom_mappings_1_20_4_layered_hash_40359_v2\net\fabricmc\fabric-api\fabric-rendering-v0\1.1.57+df3654b34f\fabric-rendering-v0-1.1.57+df3654b34f.jar to classpath.
[04:29:28] [main/DEBUG] (FabricLoader/Knot) Adding D:\MinecraftModProject\Depression1.20.4\.gradle\loom-cache\remapped_mods\loom_mappings_1_20_4_layered_hash_40359_v2\net\fabricmc\fabric-api\fabric-resource-loader-v0\0.11.21+ee30b13a4f\fabric-resource-loader-v0-0.11.21+ee30b13a4f.jar to classpath.
[04:29:28] [main/DEBUG] (FabricLoader/Knot) Adding D:\MinecraftModProject\Depression1.20.4\.gradle\loom-cache\remapped_mods\loom_mappings_1_20_4_layered_hash_40359_v2\net\fabricmc\fabric-api\fabric-dimensions-v1\2.1.63+6605d1a84f\fabric-dimensions-v1-2.1.63+6605d1a84f.jar to classpath.
[04:29:28] [main/DEBUG] (FabricLoader/Knot) Adding D:\MinecraftModProject\Depression1.20.4\.gradle\loom-cache\remapped_mods\loom_mappings_1_20_4_layered_hash_40359_v2\net\fabricmc\fabric-api\fabric-screen-handler-api-v1\1.3.56+78d798af4f\fabric-screen-handler-api-v1-1.3.56+78d798af4f.jar to classpath.
[04:29:28] [main/DEBUG] (FabricLoader/Knot) Adding D:\MinecraftModProject\Depression1.20.4\.gradle\loom-cache\remapped_mods\loom_mappings_1_20_4_layered_hash_40359_v2\net\fabricmc\fabric-api\fabric-lifecycle-events-v1\2.3.1+a67ffb5d4f\fabric-lifecycle-events-v1-2.3.1+a67ffb5d4f.jar to classpath.
[04:29:28] [main/DEBUG] (FabricLoader/Knot) Adding D:\MinecraftModProject\Depression1.20.4\.gradle\loom-cache\remapped_mods\loom_mappings_1_20_4_layered_hash_40359_v2\net\fabricmc\fabric-api\fabric-rendering-data-attachment-v1\0.3.43+73761d2e4f\fabric-rendering-data-attachment-v1-0.3.43+73761d2e4f.jar to classpath.
[04:29:28] [main/DEBUG] (FabricLoader/Knot) Adding D:\MinecraftModProject\Depression1.20.4\.gradle\loom-cache\remapped_mods\loom_mappings_1_20_4_layered_hash_40359_v2\net\fabricmc\fabric-api\fabric-crash-report-info-v1\0.2.24+78d798af4f\fabric-crash-report-info-v1-0.2.24+78d798af4f.jar to classpath.
[04:29:28] [main/DEBUG] (FabricLoader/Knot) Adding D:\MinecraftModProject\Depression1.20.4\.gradle\loom-cache\remapped_mods\loom_mappings_1_20_4_layered_hash_40359_v2\net\fabricmc\fabric-api\fabric-transitive-access-wideners-v1\5.0.15+78d798af4f\fabric-transitive-access-wideners-v1-5.0.15+78d798af4f.jar to classpath.
[04:29:28] [main/DEBUG] (FabricLoader/Knot) Adding D:\MinecraftModProject\Depression1.20.4\.gradle\loom-cache\remapped_mods\loom_mappings_1_20_4_layered_hash_40359_v2\net\fabricmc\fabric-api\fabric-screen-api-v1\2.0.18+78d798af4f\fabric-screen-api-v1-2.0.18+78d798af4f.jar to classpath.
[04:29:28] [main/DEBUG] (FabricLoader/Knot) Adding D:\MinecraftModProject\Depression1.20.4\.gradle\loom-cache\remapped_mods\loom_mappings_1_20_4_layered_hash_40359_v2\net\fabricmc\fabric-api\fabric-gametest-api-v1\1.3.6+85d85a934f\fabric-gametest-api-v1-1.3.6+85d85a934f.jar to classpath.
[04:29:28] [main/DEBUG] (FabricLoader/Knot) Adding D:\MinecraftModProject\Depression1.20.4\.gradle\loom-cache\remapped_mods\loom_mappings_1_20_4_layered_hash_40359_v2\net\fabricmc\fabric-api\fabric-item-group-api-v1\4.0.27+ee30b13a4f\fabric-item-group-api-v1-4.0.27+ee30b13a4f.jar to classpath.
[04:29:28] [main/DEBUG] (FabricLoader/Knot) Adding D:\MinecraftModProject\Depression1.20.4\.gradle\loom-cache\remapped_mods\loom_mappings_1_20_4_layered_hash_40359_v2\dev\architectury\architectury-fabric\11.1.17\architectury-fabric-11.1.17.jar to classpath.
[04:29:28] [main/DEBUG] (FabricLoader/Knot) Adding D:\MinecraftModProject\Depression1.20.4\.gradle\loom-cache\remapped_mods\loom_mappings_1_20_4_layered_hash_40359_v2\net\fabricmc\fabric-api\fabric-transfer-api-v1\4.0.12+90f2d7b14f\fabric-transfer-api-v1-4.0.12+90f2d7b14f.jar to classpath.
[04:29:28] [main/DEBUG] (FabricLoader/Knot) Adding D:\MinecraftModProject\Depression1.20.4\.gradle\loom-cache\remapped_mods\loom_mappings_1_20_4_layered_hash_40359_v2\net\fabricmc\fabric-api\fabric-recipe-api-v1\2.0.21+78d798af4f\fabric-recipe-api-v1-2.0.21+78d798af4f.jar to classpath.
[04:29:28] [main/DEBUG] (FabricLoader/Knot) Adding D:\MinecraftModProject\Depression1.20.4\.gradle\loom-cache\remapped_mods\loom_mappings_1_20_4_layered_hash_40359_v2\net\fabricmc\fabric-api\fabric-object-builder-api-v1\13.1.0+dba1195c4f\fabric-object-builder-api-v1-13.1.0+dba1195c4f.jar to classpath.
[04:29:28] [main/DEBUG] (FabricLoader/Knot) Adding D:\MinecraftModProject\Depression1.20.4\.gradle\loom-cache\remapped_mods\loom_mappings_1_20_4_layered_hash_40359_v2\net\fabricmc\fabric-api\fabric-api-lookup-api-v1\1.6.50+82b1bb3e4f\fabric-api-lookup-api-v1-1.6.50+82b1bb3e4f.jar to classpath.
[04:29:28] [main/DEBUG] (FabricLoader/Knot) Adding D:\MinecraftModProject\Depression1.20.4\.gradle\loom-cache\remapped_mods\loom_mappings_1_20_4_layered_hash_40359_v2\net\fabricmc\fabric-api\fabric-client-tags-api-v1\1.1.8+78d798af4f\fabric-client-tags-api-v1-1.1.8+78d798af4f.jar to classpath.
[04:29:28] [main/DEBUG] (FabricLoader/Knot) Adding D:\MinecraftModProject\Depression1.20.4\.gradle\loom-cache\remapped_mods\loom_mappings_1_20_4_layered_hash_40359_v2\net\fabricmc\fabric-api\fabric-renderer-registries-v1\3.2.54+df3654b34f\fabric-renderer-registries-v1-3.2.54+df3654b34f.jar to classpath.
[04:29:28] [main/DEBUG] (FabricLoader/Knot) Adding D:\MinecraftModProject\Depression1.20.4\.gradle\loom-cache\remapped_mods\loom_mappings_1_20_4_layered_hash_40359_v2\net\fabricmc\fabric-api\fabric-sound-api-v1\1.0.18+78d798af4f\fabric-sound-api-v1-1.0.18+78d798af4f.jar to classpath.
[04:29:28] [main/DEBUG] (FabricLoader/Knot) Adding D:\MinecraftModProject\Depression1.20.4\.gradle\loom-cache\remapped_mods\loom_mappings_1_20_4_layered_hash_40359_v2\net\fabricmc\fabric-api\fabric-api-base\0.4.37+78d798af4f\fabric-api-base-0.4.37+78d798af4f.jar to classpath.
[04:29:28] [main/DEBUG] (FabricLoader/Knot) Adding D:\MinecraftModProject\Depression1.20.4\fabric\build\resources\main to classpath.
[04:29:28] [main/DEBUG] (FabricLoader/Knot) Adding D:\MinecraftModProject\Depression1.20.4\.gradle\loom-cache\remapped_mods\loom_mappings_1_20_4_layered_hash_40359_v2\net\fabricmc\fabric-api\fabric-blockrenderlayer-v1\1.1.47+78d798af4f\fabric-blockrenderlayer-v1-1.1.47+78d798af4f.jar to classpath.
[04:29:28] [main/DEBUG] (FabricLoader/Knot) Adding C:\Users\13475\AppData\Local\Temp\1978354825894955398.jar to classpath.
[04:29:28] [main/DEBUG] (FabricLoader/Knot) Adding D:\MinecraftModProject\Depression1.20.4\.gradle\loom-cache\remapped_mods\loom_mappings_1_20_4_layered_hash_40359_v2\net\fabricmc\fabric-api\fabric-content-registries-v0\5.0.16+78d798af4f\fabric-content-registries-v0-5.0.16+78d798af4f.jar to classpath.
[04:29:28] [main/DEBUG] (FabricLoader/Knot) Adding D:\MinecraftModProject\Depression1.20.4\.gradle\loom-cache\remapped_mods\loom_mappings_1_20_4_layered_hash_40359_v2\net\fabricmc\fabric-api\fabric-keybindings-v0\0.2.40+df3654b34f\fabric-keybindings-v0-0.2.40+df3654b34f.jar to classpath.
[04:29:28] [main/DEBUG] (FabricLoader/Knot) Adding D:\MinecraftModProject\Depression1.20.4\.gradle\loom-cache\remapped_mods\loom_mappings_1_20_4_layered_hash_40359_v2\net\fabricmc\fabric-api\fabric-data-generation-api-v1\13.2.5+5c0133444f\fabric-data-generation-api-v1-13.2.5+5c0133444f.jar to classpath.
[04:29:28] [main/DEBUG] (FabricLoader/Knot) Adding D:\MinecraftModProject\Depression1.20.4\.gradle\loom-cache\remapped_mods\loom_mappings_1_20_4_layered_hash_40359_v2\net\fabricmc\fabric-api\fabric-models-v0\0.4.8+9386d8a74f\fabric-models-v0-0.4.8+9386d8a74f.jar to classpath.
[04:29:28] [main/DEBUG] (FabricLoader/Knot) Adding D:\MinecraftModProject\Depression1.20.4\.gradle\loom-cache\remapped_mods\loom_mappings_1_20_4_layered_hash_40359_v2\net\fabricmc\fabric-api\fabric-mining-level-api-v1\2.1.66+78d798af4f\fabric-mining-level-api-v1-2.1.66+78d798af4f.jar to classpath.
[04:29:28] [main/DEBUG] (FabricLoader/Knot) Adding D:\MinecraftModProject\Depression1.20.4\.gradle\loom-cache\remapped_mods\loom_mappings_1_20_4_layered_hash_40359_v2\net\fabricmc\fabric-api\fabric-containers-v0\0.1.87+df3654b34f\fabric-containers-v0-0.1.87+df3654b34f.jar to classpath.
[04:29:28] [main/DEBUG] (FabricLoader/Knot) Adding D:\MinecraftModProject\Depression1.20.4\.gradle\loom-cache\remapped_mods\loom_mappings_1_20_4_layered_hash_40359_v2\net\fabricmc\fabric-api\fabric-model-loading-api-v1\1.0.9+78d798af4f\fabric-model-loading-api-v1-1.0.9+78d798af4f.jar to classpath.
[04:29:28] [main/DEBUG] (FabricLoader/Knot) Adding D:\MinecraftModProject\Depression1.20.4\.gradle\loom-cache\remapped_mods\loom_mappings_1_20_4_layered_hash_40359_v2\net\fabricmc\fabric-api\fabric-renderer-indigo\1.5.6+d331d3144f\fabric-renderer-indigo-1.5.6+d331d3144f.jar to classpath.
[04:29:28] [main/DEBUG] (FabricLoader/Knot) Adding D:\MinecraftModProject\Depression1.20.4\.gradle\loom-cache\remapped_mods\loom_mappings_1_20_4_layered_hash_40359_v2\net\fabricmc\fabric-api\fabric-events-interaction-v0\0.7.2+389931eb4f\fabric-events-interaction-v0-0.7.2+389931eb4f.jar to classpath.
[04:29:28] [main/DEBUG] (FabricLoader/Knot) Adding D:\MinecraftModProject\Depression1.20.4\.gradle\loom-cache\remapped_mods\loom_mappings_1_20_4_layered_hash_40359_v2\net\fabricmc\fabric-api\fabric-block-api-v1\1.0.17+3e2216cb4f\fabric-block-api-v1-1.0.17+3e2216cb4f.jar to classpath.
[04:29:28] [main/DEBUG] (FabricLoader/Knot) Adding D:\MinecraftModProject\Depression1.20.4\.gradle\loom-cache\remapped_mods\loom_mappings_1_20_4_layered_hash_40359_v2\net\fabricmc\fabric-api\fabric-particles-v1\1.1.8+78d798af4f\fabric-particles-v1-1.1.8+78d798af4f.jar to classpath.
[04:29:28] [main/DEBUG] (FabricLoader/Knot) Adding D:\MinecraftModProject\Depression1.20.4\.gradle\loom-cache\remapped_mods\loom_mappings_1_20_4_layered_hash_40359_v2\net\fabricmc\fabric-api\fabric-networking-api-v1\3.1.8+2e5ac5484f\fabric-networking-api-v1-3.1.8+2e5ac5484f.jar to classpath.
[04:29:28] [main/DEBUG] (FabricLoader/Knot) Adding D:\MinecraftModProject\Depression1.20.4\.gradle\loom-cache\remapped_mods\loom_mappings_1_20_4_layered_hash_40359_v2\net\fabricmc\fabric-api\fabric-loot-api-v2\2.1.10+78d798af4f\fabric-loot-api-v2-2.1.10+78d798af4f.jar to classpath.
[04:29:28] [main/DEBUG] (FabricLoader/Knot) Adding D:\MinecraftModProject\Depression1.20.4\.gradle\loom-cache\remapped_mods\loom_mappings_1_20_4_layered_hash_40359_v2\net\fabricmc\fabric-api\fabric-convention-tags-v1\1.5.11+78d798af4f\fabric-convention-tags-v1-1.5.11+78d798af4f.jar to classpath.
[04:29:28] [main/DEBUG] (FabricLoader/Entrypoint) Registering new-style initializer net.fabricmc.fabric.impl.command.v1.LegacyHandler for mod fabric-command-api-v1 (key main)
[04:29:28] [main/DEBUG] (FabricLoader/Entrypoint) Registering new-style initializer net.fabricmc.fabric.impl.attachment.AttachmentEntrypoint for mod fabric-data-attachment-api-v1 (key main)
[04:29:28] [main/DEBUG] (FabricLoader/Entrypoint) Registering new-style initializer net.fabricmc.fabric.impl.client.registry.sync.FabricRegistryClientInit for mod fabric-registry-sync-v0 (key client)
[04:29:28] [main/DEBUG] (FabricLoader/Entrypoint) Registering new-style initializer net.fabricmc.fabric.impl.registry.sync.FabricRegistryInit for mod fabric-registry-sync-v0 (key main)
[04:29:28] [main/DEBUG] (FabricLoader/Entrypoint) Registering new-style initializer net.fabricmc.fabric.impl.event.lifecycle.v0.client.LegacyClientEventInvokers for mod fabric-events-lifecycle-v0 (key client)
[04:29:28] [main/DEBUG] (FabricLoader/Entrypoint) Registering new-style initializer net.fabricmc.fabric.impl.event.lifecycle.v0.LegacyEventInvokers for mod fabric-events-lifecycle-v0 (key main)
[04:29:28] [main/DEBUG] (FabricLoader/Entrypoint) Registering new-style initializer net.fabricmc.fabric.impl.client.rendering.v0.RenderingCallbackInvoker for mod fabric-rendering-v0 (key client)
[04:29:28] [main/DEBUG] (FabricLoader/Entrypoint) Registering new-style initializer net.fabricmc.fabric.impl.screenhandler.client.ClientNetworking for mod fabric-screen-handler-api-v1 (key client)
[04:29:28] [main/DEBUG] (FabricLoader/Entrypoint) Registering new-style initializer net.fabricmc.fabric.impl.client.event.lifecycle.ClientLifecycleEventsImpl for mod fabric-lifecycle-events-v1 (key client)
[04:29:28] [main/DEBUG] (FabricLoader/Entrypoint) Registering new-style initializer net.fabricmc.fabric.impl.event.lifecycle.LifecycleEventsImpl for mod fabric-lifecycle-events-v1 (key main)
[04:29:28] [main/DEBUG] (FabricLoader/Entrypoint) Registering new-style initializer net.fabricmc.fabric.impl.gametest.FabricGameTestModInitializer for mod fabric-gametest-api-v1 (key main)
[04:29:28] [main/DEBUG] (FabricLoader/Entrypoint) Registering new-style initializer dev.architectury.init.fabric.ArchitecturyServer::init for mod architectury (key server)
[04:29:28] [main/DEBUG] (FabricLoader/Entrypoint) Registering new-style initializer dev.architectury.compat.fabric.ModMenuCompatibility for mod architectury (key modmenu)
[04:29:28] [main/DEBUG] (FabricLoader/Entrypoint) Registering new-style initializer dev.architectury.init.fabric.ArchitecturyClient::init for mod architectury (key client)
[04:29:28] [main/DEBUG] (FabricLoader/Entrypoint) Registering new-style initializer dev.architectury.utils.fabric.GameInstanceImpl::init for mod architectury (key main)
[04:29:28] [main/DEBUG] (FabricLoader/Entrypoint) Registering new-style initializer net.fabricmc.fabric.impl.recipe.ingredient.client.CustomIngredientSyncClient for mod fabric-recipe-api-v1 (key client)
[04:29:28] [main/DEBUG] (FabricLoader/Entrypoint) Registering new-style initializer net.fabricmc.fabric.impl.recipe.ingredient.CustomIngredientInit for mod fabric-recipe-api-v1 (key main)
[04:29:28] [main/DEBUG] (FabricLoader/Entrypoint) Registering new-style initializer net.fabricmc.fabric.impl.recipe.ingredient.CustomIngredientSync for mod fabric-recipe-api-v1 (key main)
[04:29:28] [main/DEBUG] (FabricLoader/Entrypoint) Registering new-style initializer net.fabricmc.fabric.impl.lookup.ApiLookupImpl for mod fabric-api-lookup-api-v1 (key main)
[04:29:28] [main/DEBUG] (FabricLoader/Entrypoint) Registering new-style initializer net.depression.fabric.client.DepressionFabricClient for mod depression (key client)
[04:29:28] [main/DEBUG] (FabricLoader/Entrypoint) Registering new-style initializer net.depression.fabric.DepressionFabric for mod depression (key main)
[04:29:28] [main/DEBUG] (FabricLoader/Entrypoint) Registering new-style initializer net.fabricmc.fabric.impl.client.container.ScreenProviderRegistryImpl::init for mod fabric-containers-v0 (key client)
[04:29:28] [main/DEBUG] (FabricLoader/Entrypoint) Registering new-style initializer net.fabricmc.fabric.impl.client.indigo.Indigo for mod fabric-renderer-indigo (key client)
[04:29:28] [main/DEBUG] (FabricLoader/Entrypoint) Registering new-style initializer net.fabricmc.fabric.impl.event.interaction.client.InteractionEventsRouterClient for mod fabric-events-interaction-v0 (key client)
[04:29:28] [main/DEBUG] (FabricLoader/Entrypoint) Registering new-style initializer net.fabricmc.fabric.impl.event.interaction.InteractionEventsRouter for mod fabric-events-interaction-v0 (key main)
[04:29:28] [main/DEBUG] (FabricLoader/Entrypoint) Registering new-style initializer net.fabricmc.fabric.impl.networking.client.ClientNetworkingImpl::clientInit for mod fabric-networking-api-v1 (key client)
[04:29:28] [main/DEBUG] (FabricLoader/Entrypoint) Registering new-style initializer net.fabricmc.fabric.impl.networking.CommonPacketsImpl::init for mod fabric-networking-api-v1 (key main)
[04:29:28] [main/INFO] (FabricLoader/Mixin) SpongePowered MIXIN Subsystem Version=0.8.5 Source=file:/C:/Users/13475/.gradle/caches/modules-2/files-2.1/net.fabricmc/sponge-mixin/0.13.3+mixin.0.8.5/9527e6b0d2449408958fd1302594dc65ec5ade9c/sponge-mixin-0.13.3+mixin.0.8.5.jar Service=Knot/Fabric Env=CLIENT
[04:29:28] [main/DEBUG] (FabricLoader/Mixin) Error cleaning class output directory: .mixin.out
[04:29:28] [main/DEBUG] (FabricLoader/Mixin) Initialising Mixin Platform Manager
[04:29:28] [main/DEBUG] (FabricLoader/Mixin) Adding mixin platform agents for container ContainerHandleURI(file:///C:/Users/13475/.gradle/caches/modules-2/files-2.1/net.fabricmc/fabric-loader/0.15.11/9c2be53d84ec5c4fb58bb5b8d9c8a629047c9ee9/fabric-loader-0.15.11.jar)
[04:29:28] [main/DEBUG] (FabricLoader/Mixin) Instancing new MixinPlatformAgentDefault for ContainerHandleURI(file:///C:/Users/13475/.gradle/caches/modules-2/files-2.1/net.fabricmc/fabric-loader/0.15.11/9c2be53d84ec5c4fb58bb5b8d9c8a629047c9ee9/fabric-loader-0.15.11.jar)
[04:29:28] [main/DEBUG] (FabricLoader/Mixin) MixinPlatformAgentDefault accepted container ContainerHandleURI(file:///C:/Users/13475/.gradle/caches/modules-2/files-2.1/net.fabricmc/fabric-loader/0.15.11/9c2be53d84ec5c4fb58bb5b8d9c8a629047c9ee9/fabric-loader-0.15.11.jar)
[04:29:28] [main/DEBUG] (FabricLoader/Mixin) Instancing new MixinPlatformAgentDefault for ContainerHandleURI(file:///C:/Users/13475/.gradle/caches/modules-2/files-2.1/net.fabricmc/fabric-loader/0.15.11/9c2be53d84ec5c4fb58bb5b8d9c8a629047c9ee9/fabric-loader-0.15.11.jar)
[04:29:28] [main/DEBUG] (FabricLoader/Mixin) MixinPlatformAgentDefault accepted container ContainerHandleURI(file:///C:/Users/13475/.gradle/caches/modules-2/files-2.1/net.fabricmc/fabric-loader/0.15.11/9c2be53d84ec5c4fb58bb5b8d9c8a629047c9ee9/fabric-loader-0.15.11.jar)
[04:29:28] [main/DEBUG] (FabricLoader/Mixin) Processing prepare() for PlatformAgent[MixinPlatformAgentDefault:ContainerHandleURI(file:///C:/Users/13475/.gradle/caches/modules-2/files-2.1/net.fabricmc/fabric-loader/0.15.11/9c2be53d84ec5c4fb58bb5b8d9c8a629047c9ee9/fabric-loader-0.15.11.jar)]
[04:29:28] [main/DEBUG] (FabricLoader/Mixin) Processing prepare() for PlatformAgent[MixinPlatformAgentDefault:ContainerHandleURI(file:///C:/Users/13475/.gradle/caches/modules-2/files-2.1/net.fabricmc/fabric-loader/0.15.11/9c2be53d84ec5c4fb58bb5b8d9c8a629047c9ee9/fabric-loader-0.15.11.jar)]
[04:29:28] [main/INFO] (FabricLoader/Mixin) Loaded Fabric development mappings for mixin remapper!
[04:29:28] [main/DEBUG] (FabricLoader/Mixin) Compatibility level JAVA_17 specified by fabric-biome-api-v1.mixins.json is higher than the maximum level supported by this version of mixin (JAVA_13).
[04:29:28] [main/INFO] (FabricLoader/Mixin) Compatibility level set to JAVA_17
[04:29:28] [main/DEBUG] (FabricLoader/Mixin) Mixin config fabric-biome-api-v1.mixins.json does not specify "minVersion" property
[04:29:28] [main/DEBUG] (FabricLoader/Mixin) Mixin config fabric-game-rule-api-v1.mixins.json does not specify "minVersion" property
[04:29:28] [main/DEBUG] (FabricLoader/Mixin) Mixin config fabric-game-rule-api-v1.client.mixins.json does not specify "minVersion" property
[04:29:28] [main/DEBUG] (FabricLoader/Mixin) Mixin config fabric-data-attachment-api-v1.mixins.json does not specify "minVersion" property
[04:29:28] [main/DEBUG] (FabricLoader/Mixin) Mixin config fabric-data-attachment-api-v1.client.mixins.json does not specify "minVersion" property
[04:29:28] [main/DEBUG] (FabricLoader/Mixin) Mixin config fabric-message-api-v1.mixins.json does not specify "minVersion" property
[04:29:28] [main/DEBUG] (FabricLoader/Mixin) Mixin config fabric-message-api-v1.client.mixins.json does not specify "minVersion" property
[04:29:28] [main/DEBUG] (FabricLoader/Mixin) Mixin config fabric-key-binding-api-v1.mixins.json does not specify "minVersion" property
[04:29:28] [main/DEBUG] (FabricLoader/Mixin) Mixin config fabric-resource-conditions-api-v1.mixins.json does not specify "minVersion" property
[04:29:28] [main/DEBUG] (FabricLoader/Mixin) Mixin config fabric-item-api-v1.mixins.json does not specify "minVersion" property
[04:29:28] [main/DEBUG] (FabricLoader/Mixin) Mixin config fabric-item-api-v1.client.mixins.json does not specify "minVersion" property
[04:29:28] [main/DEBUG] (FabricLoader/Mixin) Mixin config fabric-command-api-v2.mixins.json does not specify "minVersion" property
[04:29:28] [main/DEBUG] (FabricLoader/Mixin) Mixin config fabric-command-api-v2.client.mixins.json does not specify "minVersion" property
[04:29:28] [main/DEBUG] (FabricLoader/Mixin) Mixin config fabric-rendering-fluids-v1.mixins.json does not specify "minVersion" property
[04:29:28] [main/DEBUG] (FabricLoader/Mixin) Mixin config fabric-entity-events-v1.mixins.json does not specify "minVersion" property
[04:29:28] [main/DEBUG] (FabricLoader/Mixin) Mixin config fabric-entity-events-v1.client.mixins.json does not specify "minVersion" property
[04:29:28] [main/DEBUG] (FabricLoader/Mixin) Mixin config fabric-rendering-v1.mixins.json does not specify "minVersion" property
[04:29:28] [main/DEBUG] (FabricLoader/Mixin) Mixin config fabric-renderer-api-v1.mixins.json does not specify "minVersion" property
[04:29:28] [main/DEBUG] (FabricLoader/Mixin) Mixin config fabric-renderer-api-v1.debughud.mixins.json does not specify "minVersion" property
[04:29:28] [main/DEBUG] (FabricLoader/Mixin) Mixin config fabric-block-view-api-v2.mixins.json does not specify "minVersion" property
[04:29:28] [main/DEBUG] (FabricLoader/Mixin) Mixin config fabric-block-view-api-v2.client.mixins.json does not specify "minVersion" property
[04:29:28] [main/DEBUG] (FabricLoader/Mixin) Mixin config fabric-registry-sync-v0.mixins.json does not specify "minVersion" property
[04:29:28] [main/DEBUG] (FabricLoader/Mixin) Mixin config fabric-registry-sync-v0.client.mixins.json does not specify "minVersion" property
[04:29:28] [main/DEBUG] (FabricLoader/Mixin) Mixin config fabric-resource-loader-v0.mixins.json does not specify "minVersion" property
[04:29:28] [main/DEBUG] (FabricLoader/Mixin) Mixin config fabric-resource-loader-v0.client.mixins.json does not specify "minVersion" property
[04:29:28] [main/DEBUG] (FabricLoader/Mixin) Mixin config fabric-dimensions-v1.mixins.json does not specify "minVersion" property
[04:29:28] [main/DEBUG] (FabricLoader/Mixin) Mixin config fabric-screen-handler-api-v1.mixins.json does not specify "minVersion" property
[04:29:28] [main/DEBUG] (FabricLoader/Mixin) Mixin config fabric-lifecycle-events-v1.mixins.json does not specify "minVersion" property
[04:29:28] [main/DEBUG] (FabricLoader/Mixin) Mixin config fabric-lifecycle-events-v1.client.mixins.json does not specify "minVersion" property
[04:29:28] [main/DEBUG] (FabricLoader/Mixin) Mixin config fabric-rendering-data-attachment-v1.mixins.json does not specify "minVersion" property
[04:29:28] [main/DEBUG] (FabricLoader/Mixin) Mixin config fabric-rendering-data-attachment-v1.client.mixins.json does not specify "minVersion" property
[04:29:28] [main/DEBUG] (FabricLoader/Mixin) Mixin config fabric-crash-report-info-v1.mixins.json does not specify "minVersion" property
[04:29:28] [main/DEBUG] (FabricLoader/Mixin) Mixin config fabric-screen-api-v1.mixins.json does not specify "minVersion" property
[04:29:28] [main/DEBUG] (FabricLoader/Mixin) Mixin config fabric-gametest-api-v1.mixins.json does not specify "minVersion" property
[04:29:28] [main/DEBUG] (FabricLoader/Mixin) Mixin config fabric-item-group-api-v1.mixins.json does not specify "minVersion" property
[04:29:28] [main/DEBUG] (FabricLoader/Mixin) Mixin config fabric-item-group-api-v1.client.mixins.json does not specify "minVersion" property
[04:29:28] [main/DEBUG] (FabricLoader/Mixin) Compatibility level JAVA_16 specified by architectury-common.mixins.json is higher than the maximum level supported by this version of mixin (JAVA_13).
[04:29:28] [main/DEBUG] (FabricLoader/Mixin) Compatibility level JAVA_16 specified by architectury.mixins.json is higher than the maximum level supported by this version of mixin (JAVA_13).
[04:29:28] [main/DEBUG] (FabricLoader/Mixin) Mixin config fabric-transfer-api-v1.mixins.json does not specify "minVersion" property
[04:29:28] [main/DEBUG] (FabricLoader/Mixin) Mixin config fabric-recipe-api-v1.mixins.json does not specify "minVersion" property
[04:29:28] [main/DEBUG] (FabricLoader/Mixin) Mixin config fabric-object-builder-v1.mixins.json does not specify "minVersion" property
[04:29:28] [main/DEBUG] (FabricLoader/Mixin) Mixin config fabric-object-builder-v1.client.mixins.json does not specify "minVersion" property
[04:29:28] [main/DEBUG] (FabricLoader/Mixin) Mixin config fabric-api-lookup-api-v1.mixins.json does not specify "minVersion" property
[04:29:28] [main/DEBUG] (FabricLoader/Mixin) Mixin config fabric-sound-api-v1.mixins.json does not specify "minVersion" property
[04:29:28] [main/DEBUG] (FabricLoader/Mixin) Mixin config fabric-blockrenderlayer-v1.mixins.json does not specify "minVersion" property
[04:29:28] [main/DEBUG] (FabricLoader/Mixin) Mixin config fabric-content-registries-v0.mixins.json does not specify "minVersion" property
[04:29:28] [main/DEBUG] (FabricLoader/Mixin) Mixin config fabric-data-generation-api-v1.mixins.json does not specify "minVersion" property
[04:29:28] [main/DEBUG] (FabricLoader/Mixin) Mixin config fabric-data-generation-api-v1.client.mixins.json does not specify "minVersion" property
[04:29:28] [main/DEBUG] (FabricLoader/Mixin) Mixin config fabric-mining-level-api-v1.mixins.json does not specify "minVersion" property
[04:29:28] [main/DEBUG] (FabricLoader/Mixin) Mixin config fabric-containers-v0.mixins.json does not specify "minVersion" property
[04:29:28] [main/DEBUG] (FabricLoader/Mixin) Mixin config fabric-containers-v0.accurate.mixins.json does not specify "minVersion" property
[04:29:28] [main/DEBUG] (FabricLoader/Mixin) Mixin config fabric-model-loading-api-v1.mixins.json does not specify "minVersion" property
[04:29:28] [main/DEBUG] (FabricLoader/Mixin) Mixin config fabric-renderer-indigo.mixins.json does not specify "minVersion" property
[04:29:28] [main/DEBUG] (FabricLoader/Mixin) Mixin config fabric-events-interaction-v0.mixins.json does not specify "minVersion" property
[04:29:28] [main/DEBUG] (FabricLoader/Mixin) Mixin config fabric-events-interaction-v0.client.mixins.json does not specify "minVersion" property
[04:29:28] [main/DEBUG] (FabricLoader/Mixin) Mixin config fabric-block-api-v1.mixins.json does not specify "minVersion" property
[04:29:28] [main/DEBUG] (FabricLoader/Mixin) Mixin config fabric-particles-v1.client.mixins.json does not specify "minVersion" property
[04:29:28] [main/DEBUG] (FabricLoader/Mixin) Mixin config fabric-networking-api-v1.mixins.json does not specify "minVersion" property
[04:29:28] [main/DEBUG] (FabricLoader/Mixin) Mixin config fabric-networking-api-v1.client.mixins.json does not specify "minVersion" property
[04:29:28] [main/DEBUG] (FabricLoader/Mixin) Mixin config fabric-loot-api-v2.mixins.json does not specify "minVersion" property
[04:29:28] [main/DEBUG] (FabricLoader/Knot) Adding D:\MinecraftModProject\Depression1.20.4\.gradle\loom-cache\minecraftMaven\net\minecraft\minecraft-merged-b507bda15f\1.20.4-loom.mappings.1_20_4.layered+hash.40359-v2\minecraft-merged-b507bda15f-1.20.4-loom.mappings.1_20_4.layered+hash.40359-v2.jar to classpath.
[04:29:28] [main/DEBUG] (FabricLoader/Knot) Adding D:\MinecraftModProject\Depression1.20.4\fabric\build\classes\java\main to classpath.
[04:29:28] [main/DEBUG] (FabricLoader/Knot) Adding D:\MinecraftModProject\Depression1.20.4\fabric\build\resources\main to classpath.
[04:29:28] [main/DEBUG] (FabricLoader/Knot) Adding C:\Users\13475\.gradle\caches\fabric-loom\1.20.4\loom.mappings.1_20_4.layered+hash.40359-v2\mappings.jar to classpath.
[04:29:28] [main/DEBUG] (FabricLoader/Knot) Adding C:\Users\13475\.gradle\caches\modules-2\files-2.1\dev.architectury\architectury-transformer\5.2.87\c81d58e13fbd902ba5d909126733b9e3771c4395\architectury-transformer-5.2.87-agent.jar to classpath.
[04:29:28] [main/DEBUG] (FabricLoader/Knot) Adding C:\Users\13475\.gradle\caches\modules-2\files-2.1\dev.architectury\architectury-transformer\5.2.87\980814ce433a3396de4495194f027dfecc94bb3a\architectury-transformer-5.2.87-runtime.jar to classpath.
[04:29:28] [main/DEBUG] (FabricLoader/Knot) Adding D:\MinecraftModProject\Depression1.20.4\common\build\devlibs\depression-common-0.1.5+1.20.1-dev.jar to classpath.
[04:29:28] [main/DEBUG] (FabricLoader/Knot) Adding C:\Users\13475\.gradle\caches\modules-2\files-2.1\com.electronwill.night-config\toml\3.6.0\f0c2c48748bdfc8d1f3798ec478f003bccc7e0b1\toml-3.6.0.jar to classpath.
[04:29:28] [main/DEBUG] (FabricLoader/Knot) Adding C:\Users\13475\.gradle\caches\modules-2\files-2.1\com.electronwill.night-config\core\3.6.0\412f2edf0ef6cc9178ab38751af4e507f413bef\core-3.6.0.jar to classpath.
[04:29:28] [main/DEBUG] (FabricLoader/Knot) Adding C:\Users\13475\.gradle\caches\modules-2\files-2.1\io.github.llamalad7\mixinextras-fabric\0.3.5\3b577be20ea942610b3045e4f0cd909fa415a9d3\mixinextras-fabric-0.3.5.jar to classpath.
[04:29:28] [main/DEBUG] (FabricLoader/Knot) Adding C:\Users\13475\.gradle\caches\modules-2\files-2.1\net.fabricmc\dev-launch-injector\0.2.1+build.8\da8bef7e6e2f952da707f282bdb46882a0fce5e3\dev-launch-injector-0.2.1+build.8.jar to classpath.
[04:29:28] [main/DEBUG] (FabricLoader/Knot) Adding C:\Users\13475\.gradle\caches\modules-2\files-2.1\com.github.oshi\oshi-core\6.4.5\943ba26de047eb6b28fff47f5ee939a34eb5fc8e\oshi-core-6.4.5.jar to classpath.
[04:29:28] [main/DEBUG] (FabricLoader/Knot) Adding C:\Users\13475\.gradle\caches\modules-2\files-2.1\com.google.guava\failureaccess\1.0.1\1dcf1de382a0bf95a3d8b0849546c88bac1292c9\failureaccess-1.0.1.jar to classpath.
[04:29:28] [main/DEBUG] (FabricLoader/Knot) Adding C:\Users\13475\.gradle\caches\modules-2\files-2.1\com.google.guava\guava\32.1.2-jre\5e64ec7e056456bef3a4bc4c6fdaef71e8ab6318\guava-32.1.2-jre.jar to classpath.
[04:29:28] [main/DEBUG] (FabricLoader/Knot) Adding C:\Users\13475\.gradle\caches\modules-2\files-2.1\com.ibm.icu\icu4j\73.2\61ad4ef7f9131fcf6d25c34b817f90d6da06c9e9\icu4j-73.2.jar to classpath.
[04:29:28] [main/DEBUG] (FabricLoader/Knot) Adding C:\Users\13475\.gradle\caches\modules-2\files-2.1\com.mojang\blocklist\1.0.10\5c685c5ffa94c4cd39496c7184c1d122e515ecef\blocklist-1.0.10.jar to classpath.
[04:29:28] [main/DEBUG] (FabricLoader/Knot) Adding C:\Users\13475\.gradle\caches\modules-2\files-2.1\com.mojang\brigadier\1.2.9\73e324f2ee541493a5179abf367237faa782ed21\brigadier-1.2.9.jar to classpath.
[04:29:28] [main/DEBUG] (FabricLoader/Knot) Adding C:\Users\13475\.gradle\caches\modules-2\files-2.1\com.mojang\datafixerupper\6.0.8\3ba4a30557a9b057760af4011f909ba619fc5125\datafixerupper-6.0.8.jar to classpath.
[04:29:28] [main/DEBUG] (FabricLoader/Knot) Adding C:\Users\13475\.gradle\caches\modules-2\files-2.1\com.mojang\patchy\2.2.10\da05971b07cbb379d002cf7eaec6a2048211fefc\patchy-2.2.10.jar to classpath.
[04:29:28] [main/DEBUG] (FabricLoader/Knot) Adding C:\Users\13475\.gradle\caches\modules-2\files-2.1\com.mojang\text2speech\1.17.9\3cad216e3a7f0c19b4b394388bc9ffc446f13b14\text2speech-1.17.9.jar to classpath.
[04:29:28] [main/DEBUG] (FabricLoader/Knot) Adding C:\Users\13475\.gradle\caches\modules-2\files-2.1\commons-codec\commons-codec\1.16.0\4e3eb3d79888d76b54e28b350915b5dc3919c9de\commons-codec-1.16.0.jar to classpath.
[04:29:28] [main/DEBUG] (FabricLoader/Knot) Adding C:\Users\13475\.gradle\caches\modules-2\files-2.1\commons-io\commons-io\2.13.0\8bb2bc9b4df17e2411533a0708a69f983bf5e83b\commons-io-2.13.0.jar to classpath.
[04:29:28] [main/DEBUG] (FabricLoader/Knot) Adding C:\Users\13475\.gradle\caches\modules-2\files-2.1\commons-logging\commons-logging\1.2\4bfc12adfe4842bf07b657f0369c4cb522955686\commons-logging-1.2.jar to classpath.
[04:29:28] [main/DEBUG] (FabricLoader/Knot) Adding C:\Users\13475\.gradle\caches\modules-2\files-2.1\io.netty\netty-buffer\4.1.97.Final\f8f3d8644afa5e6e1a40a3a6aeb9d9aa970ecb4f\netty-buffer-4.1.97.Final.jar to classpath.
[04:29:28] [main/DEBUG] (FabricLoader/Knot) Adding C:\Users\13475\.gradle\caches\modules-2\files-2.1\io.netty\netty-codec\4.1.97.Final\384ba4d75670befbedb45c4d3b497a93639c206d\netty-codec-4.1.97.Final.jar to classpath.
[04:29:28] [main/DEBUG] (FabricLoader/Knot) Adding C:\Users\13475\.gradle\caches\modules-2\files-2.1\io.netty\netty-common\4.1.97.Final\7cceacaf11df8dc63f23d0fb58e9d4640fc88404\netty-common-4.1.97.Final.jar to classpath.
[04:29:28] [main/DEBUG] (FabricLoader/Knot) Adding C:\Users\13475\.gradle\caches\modules-2\files-2.1\io.netty\netty-handler\4.1.97.Final\abb86c6906bf512bf2b797a41cd7d2e8d3cd7c36\netty-handler-4.1.97.Final.jar to classpath.
[04:29:28] [main/DEBUG] (FabricLoader/Knot) Adding C:\Users\13475\.gradle\caches\modules-2\files-2.1\io.netty\netty-resolver\4.1.97.Final\cec8348108dc76c47cf87c669d514be52c922144\netty-resolver-4.1.97.Final.jar to classpath.
[04:29:28] [main/DEBUG] (FabricLoader/Knot) Adding C:\Users\13475\.gradle\caches\modules-2\files-2.1\io.netty\netty-transport-classes-epoll\4.1.97.Final\795da37ded759e862457a82d9d92c4d39ce8ecee\netty-transport-classes-epoll-4.1.97.Final.jar to classpath.
[04:29:28] [main/DEBUG] (FabricLoader/Knot) Adding C:\Users\13475\.gradle\caches\modules-2\files-2.1\io.netty\netty-transport-native-unix-common\4.1.97.Final\d469d84265ab70095b01b40886cabdd433b6e664\netty-transport-native-unix-common-4.1.97.Final.jar to classpath.
[04:29:28] [main/DEBUG] (FabricLoader/Knot) Adding C:\Users\13475\.gradle\caches\modules-2\files-2.1\io.netty\netty-transport\4.1.97.Final\f37380d23c9bb079bc702910833b2fd532c9abd0\netty-transport-4.1.97.Final.jar to classpath.
[04:29:28] [main/DEBUG] (FabricLoader/Knot) Adding C:\Users\13475\.gradle\caches\modules-2\files-2.1\it.unimi.dsi\fastutil\8.5.12\c24946d46824bd528054bface3231d2ecb7e95e8\fastutil-8.5.12.jar to classpath.
[04:29:28] [main/DEBUG] (FabricLoader/Knot) Adding C:\Users\13475\.gradle\caches\modules-2\files-2.1\net.java.dev.jna\jna-platform\5.13.0\88e9a306715e9379f3122415ef4ae759a352640d\jna-platform-5.13.0.jar to classpath.
[04:29:28] [main/DEBUG] (FabricLoader/Knot) Adding C:\Users\13475\.gradle\caches\modules-2\files-2.1\net.java.dev.jna\jna\5.13.0\1200e7ebeedbe0d10062093f32925a912020e747\jna-5.13.0.jar to classpath.
[04:29:28] [main/DEBUG] (FabricLoader/Knot) Adding C:\Users\13475\.gradle\caches\modules-2\files-2.1\net.sf.jopt-simple\jopt-simple\5.0.4\4fdac2fbe92dfad86aa6e9301736f6b4342a3f5c\jopt-simple-5.0.4.jar to classpath.
[04:29:28] [main/DEBUG] (FabricLoader/Knot) Adding C:\Users\13475\.gradle\caches\modules-2\files-2.1\org.apache.commons\commons-compress\1.22\691a8b4e6cf4248c3bc72c8b719337d5cb7359fa\commons-compress-1.22.jar to classpath.
[04:29:28] [main/DEBUG] (FabricLoader/Knot) Adding C:\Users\13475\.gradle\caches\modules-2\files-2.1\org.apache.commons\commons-lang3\3.13.0\b7263237aa89c1f99b327197c41d0669707a462e\commons-lang3-3.13.0.jar to classpath.
[04:29:28] [main/DEBUG] (FabricLoader/Knot) Adding C:\Users\13475\.gradle\caches\modules-2\files-2.1\org.apache.httpcomponents\httpclient\4.5.13\e5f6cae5ca7ecaac1ec2827a9e2d65ae2869cada\httpclient-4.5.13.jar to classpath.
[04:29:28] [main/DEBUG] (FabricLoader/Knot) Adding C:\Users\13475\.gradle\caches\modules-2\files-2.1\org.apache.httpcomponents\httpcore\4.4.16\51cf043c87253c9f58b539c9f7e44c8894223850\httpcore-4.4.16.jar to classpath.
[04:29:28] [main/DEBUG] (FabricLoader/Knot) Adding C:\Users\13475\.gradle\caches\modules-2\files-2.1\org.joml\joml\1.10.5\22566d58af70ad3d72308bab63b8339906deb649\joml-1.10.5.jar to classpath.
[04:29:28] [main/DEBUG] (FabricLoader/Knot) Adding C:\Users\13475\.gradle\caches\modules-2\files-2.1\org.lwjgl\lwjgl-glfw\3.3.2\757920418805fb90bfebb3d46b1d9e7669fca2eb\lwjgl-glfw-3.3.2.jar to classpath.
[04:29:28] [main/DEBUG] (FabricLoader/Knot) Adding C:\Users\13475\.gradle\caches\modules-2\files-2.1\org.lwjgl\lwjgl-glfw\3.3.2\1251e3cb7e5d6159334cfb9244f789ce992f03b\lwjgl-glfw-3.3.2-natives-windows.jar to classpath.
[04:29:28] [main/DEBUG] (FabricLoader/Knot) Adding C:\Users\13475\.gradle\caches\modules-2\files-2.1\org.lwjgl\lwjgl-glfw\3.3.2\e79c4857a887bd79ba78bdf2d422a7d333028a2d\lwjgl-glfw-3.3.2-natives-windows-arm64.jar to classpath.
[04:29:28] [main/DEBUG] (FabricLoader/Knot) Adding C:\Users\13475\.gradle\caches\modules-2\files-2.1\org.lwjgl\lwjgl-glfw\3.3.2\17e1f9ec031ef72c2f7825c38eeb3a79c4d8bb17\lwjgl-glfw-3.3.2-natives-windows-x86.jar to classpath.
[04:29:28] [main/DEBUG] (FabricLoader/Knot) Adding C:\Users\13475\.gradle\caches\modules-2\files-2.1\org.lwjgl\lwjgl-jemalloc\3.3.2\877e17e39ebcd58a9c956dc3b5b777813de0873a\lwjgl-jemalloc-3.3.2.jar to classpath.
[04:29:28] [main/DEBUG] (FabricLoader/Knot) Adding C:\Users\13475\.gradle\caches\modules-2\files-2.1\org.lwjgl\lwjgl-jemalloc\3.3.2\db886c1f9e313c3fa2a25543b99ccd250d3f9fb5\lwjgl-jemalloc-3.3.2-natives-windows.jar to classpath.
[04:29:28] [main/DEBUG] (FabricLoader/Knot) Adding C:\Users\13475\.gradle\caches\modules-2\files-2.1\org.lwjgl\lwjgl-jemalloc\3.3.2\598790de603c286dbc4068b27829eacc37592786\lwjgl-jemalloc-3.3.2-natives-windows-arm64.jar to classpath.
[04:29:28] [main/DEBUG] (FabricLoader/Knot) Adding C:\Users\13475\.gradle\caches\modules-2\files-2.1\org.lwjgl\lwjgl-jemalloc\3.3.2\9b07558f81a5d54dfaeb861bab3ccc86bb4477c9\lwjgl-jemalloc-3.3.2-natives-windows-x86.jar to classpath.
[04:29:28] [main/DEBUG] (FabricLoader/Knot) Adding C:\Users\13475\.gradle\caches\modules-2\files-2.1\org.lwjgl\lwjgl-openal\3.3.2\ae5357ed6d934546d3533993ea84c0cfb75eed95\lwjgl-openal-3.3.2.jar to classpath.
[04:29:28] [main/DEBUG] (FabricLoader/Knot) Adding C:\Users\13475\.gradle\caches\modules-2\files-2.1\org.lwjgl\lwjgl-openal\3.3.2\e74f299a602192faaf14b917632e4cbbb493c940\lwjgl-openal-3.3.2-natives-windows.jar to classpath.
[04:29:28] [main/DEBUG] (FabricLoader/Knot) Adding C:\Users\13475\.gradle\caches\modules-2\files-2.1\org.lwjgl\lwjgl-openal\3.3.2\545ddec7959007a78b6662d616e00dacf00e1c29\lwjgl-openal-3.3.2-natives-windows-arm64.jar to classpath.
[04:29:28] [main/DEBUG] (FabricLoader/Knot) Adding C:\Users\13475\.gradle\caches\modules-2\files-2.1\org.lwjgl\lwjgl-openal\3.3.2\21fcb44d32ccf101017ec939fc740197677557d5\lwjgl-openal-3.3.2-natives-windows-x86.jar to classpath.
[04:29:28] [main/DEBUG] (FabricLoader/Knot) Adding C:\Users\13475\.gradle\caches\modules-2\files-2.1\org.lwjgl\lwjgl-opengl\3.3.2\ee8e95be0b438602038bc1f02dc5e3d011b1b216\lwjgl-opengl-3.3.2.jar to classpath.
[04:29:28] [main/DEBUG] (FabricLoader/Knot) Adding C:\Users\13475\.gradle\caches\modules-2\files-2.1\org.lwjgl\lwjgl-opengl\3.3.2\83cd34469d4e0bc335bf74c7f62206530a9480bf\lwjgl-opengl-3.3.2-natives-windows.jar to classpath.
[04:29:28] [main/DEBUG] (FabricLoader/Knot) Adding C:\Users\13475\.gradle\caches\modules-2\files-2.1\org.lwjgl\lwjgl-opengl\3.3.2\21df035bf03dbf5001f92291b24dc951da513481\lwjgl-opengl-3.3.2-natives-windows-arm64.jar to classpath.
[04:29:28] [main/DEBUG] (FabricLoader/Knot) Adding C:\Users\13475\.gradle\caches\modules-2\files-2.1\org.lwjgl\lwjgl-opengl\3.3.2\22fa4149159154b24f6c1bd46a342d4958a9fba1\lwjgl-opengl-3.3.2-natives-windows-x86.jar to classpath.
[04:29:28] [main/DEBUG] (FabricLoader/Knot) Adding C:\Users\13475\.gradle\caches\modules-2\files-2.1\org.lwjgl\lwjgl-stb\3.3.2\a2550795014d622b686e9caac50b14baa87d2c70\lwjgl-stb-3.3.2.jar to classpath.
[04:29:28] [main/DEBUG] (FabricLoader/Knot) Adding C:\Users\13475\.gradle\caches\modules-2\files-2.1\org.lwjgl\lwjgl-stb\3.3.2\1c4f4b8353bdb78c5264ab921436f03fc9aa1ba5\lwjgl-stb-3.3.2-natives-windows.jar to classpath.
[04:29:28] [main/DEBUG] (FabricLoader/Knot) Adding C:\Users\13475\.gradle\caches\modules-2\files-2.1\org.lwjgl\lwjgl-stb\3.3.2\c29df97c3cca97dc00d34e171936153764c9f78b\lwjgl-stb-3.3.2-natives-windows-arm64.jar to classpath.
[04:29:28] [main/DEBUG] (FabricLoader/Knot) Adding C:\Users\13475\.gradle\caches\modules-2\files-2.1\org.lwjgl\lwjgl-stb\3.3.2\a0de7bde6722fa68d25ba6afbd7395508c53c730\lwjgl-stb-3.3.2-natives-windows-x86.jar to classpath.
[04:29:28] [main/DEBUG] (FabricLoader/Knot) Adding C:\Users\13475\.gradle\caches\modules-2\files-2.1\org.lwjgl\lwjgl-tinyfd\3.3.2\9f65c248dd77934105274fcf8351abb75b34327c\lwjgl-tinyfd-3.3.2.jar to classpath.
[04:29:28] [main/DEBUG] (FabricLoader/Knot) Adding C:\Users\13475\.gradle\caches\modules-2\files-2.1\org.lwjgl\lwjgl-tinyfd\3.3.2\54a93ed247d20007a6f579355263fdc2c030753a\lwjgl-tinyfd-3.3.2-natives-windows.jar to classpath.
[04:29:28] [main/DEBUG] (FabricLoader/Knot) Adding C:\Users\13475\.gradle\caches\modules-2\files-2.1\org.lwjgl\lwjgl-tinyfd\3.3.2\500f5daa3b731ca282d4b90aeafda94c528d3e27\lwjgl-tinyfd-3.3.2-natives-windows-arm64.jar to classpath.
[04:29:28] [main/DEBUG] (FabricLoader/Knot) Adding C:\Users\13475\.gradle\caches\modules-2\files-2.1\org.lwjgl\lwjgl-tinyfd\3.3.2\c1dfa1c438e0262453e7bf625289540e5cbffb2\lwjgl-tinyfd-3.3.2-natives-windows-x86.jar to classpath.
[04:29:28] [main/DEBUG] (FabricLoader/Knot) Adding C:\Users\13475\.gradle\caches\modules-2\files-2.1\org.lwjgl\lwjgl\3.3.2\4421d94af68e35dcaa31737a6fc59136a1e61b94\lwjgl-3.3.2.jar to classpath.
[04:29:28] [main/DEBUG] (FabricLoader/Knot) Adding C:\Users\13475\.gradle\caches\modules-2\files-2.1\org.lwjgl\lwjgl\3.3.2\a55169ced70ffcd15f2162daf4a9c968578f6cd5\lwjgl-3.3.2-natives-windows.jar to classpath.
[04:29:28] [main/DEBUG] (FabricLoader/Knot) Adding C:\Users\13475\.gradle\caches\modules-2\files-2.1\org.lwjgl\lwjgl\3.3.2\d900e4678449ba97ff46fa64b22e0376bf8cd00e\lwjgl-3.3.2-natives-windows-arm64.jar to classpath.
[04:29:28] [main/DEBUG] (FabricLoader/Knot) Adding C:\Users\13475\.gradle\caches\modules-2\files-2.1\org.lwjgl\lwjgl\3.3.2\ed495259b2c8f068794da0ffedfa7ae7c130b3c5\lwjgl-3.3.2-natives-windows-x86.jar to classpath.
[04:29:28] [main/DEBUG] (FabricLoader/Knot) Adding C:\Users\13475\.gradle\caches\modules-2\files-2.1\io.netty\netty-transport-native-epoll\4.1.97.Final\54188f271e388e7f313aea995e82f58ce2cdb809\netty-transport-native-epoll-4.1.97.Final-linux-x86_64.jar to classpath.
[04:29:28] [main/DEBUG] (FabricLoader/Knot) Adding C:\Users\13475\.gradle\caches\modules-2\files-2.1\io.netty\netty-transport-native-epoll\4.1.97.Final\5514744c588190ffda076b35a9b8c9f24946a960\netty-transport-native-epoll-4.1.97.Final-linux-aarch_64.jar to classpath.
[04:29:28] [main/DEBUG] (FabricLoader/Knot) Adding D:\MinecraftModProject\Depression1.20.4\.gradle\loom-cache\remapped_mods\loom_mappings_1_20_4_layered_hash_40359_v2\dev\architectury\architectury-fabric\11.1.17\architectury-fabric-11.1.17.jar to classpath.
[04:29:28] [main/DEBUG] (FabricLoader/Knot) Adding D:\MinecraftModProject\Depression1.20.4\.gradle\loom-cache\remapped_mods\loom_mappings_1_20_4_layered_hash_40359_v2\net\fabricmc\fabric-api\fabric-api\0.97.1+1.20.4\fabric-api-0.97.1+1.20.4.jar to classpath.
[04:29:28] [main/DEBUG] (FabricLoader/Knot) Adding D:\MinecraftModProject\Depression1.20.4\.gradle\loom-cache\remapped_mods\loom_mappings_1_20_4_layered_hash_40359_v2\net\fabricmc\fabric-api\fabric-transfer-api-v1\4.0.12+90f2d7b14f\fabric-transfer-api-v1-4.0.12+90f2d7b14f.jar to classpath.
[04:29:28] [main/DEBUG] (FabricLoader/Knot) Adding D:\MinecraftModProject\Depression1.20.4\.gradle\loom-cache\remapped_mods\loom_mappings_1_20_4_layered_hash_40359_v2\net\fabricmc\fabric-api\fabric-api-lookup-api-v1\1.6.50+82b1bb3e4f\fabric-api-lookup-api-v1-1.6.50+82b1bb3e4f.jar to classpath.
[04:29:28] [main/DEBUG] (FabricLoader/Knot) Adding D:\MinecraftModProject\Depression1.20.4\.gradle\loom-cache\remapped_mods\loom_mappings_1_20_4_layered_hash_40359_v2\net\fabricmc\fabric-api\fabric-blockrenderlayer-v1\1.1.47+78d798af4f\fabric-blockrenderlayer-v1-1.1.47+78d798af4f.jar to classpath.
[04:29:28] [main/DEBUG] (FabricLoader/Knot) Adding D:\MinecraftModProject\Depression1.20.4\.gradle\loom-cache\remapped_mods\loom_mappings_1_20_4_layered_hash_40359_v2\net\fabricmc\fabric-api\fabric-client-tags-api-v1\1.1.8+78d798af4f\fabric-client-tags-api-v1-1.1.8+78d798af4f.jar to classpath.
[04:29:28] [main/DEBUG] (FabricLoader/Knot) Adding D:\MinecraftModProject\Depression1.20.4\.gradle\loom-cache\remapped_mods\loom_mappings_1_20_4_layered_hash_40359_v2\net\fabricmc\fabric-api\fabric-command-api-v1\1.2.42+f71b366f4f\fabric-command-api-v1-1.2.42+f71b366f4f.jar to classpath.
[04:29:28] [main/DEBUG] (FabricLoader/Knot) Adding D:\MinecraftModProject\Depression1.20.4\.gradle\loom-cache\remapped_mods\loom_mappings_1_20_4_layered_hash_40359_v2\net\fabricmc\fabric-api\fabric-commands-v0\0.2.59+df3654b34f\fabric-commands-v0-0.2.59+df3654b34f.jar to classpath.
[04:29:28] [main/DEBUG] (FabricLoader/Knot) Adding D:\MinecraftModProject\Depression1.20.4\.gradle\loom-cache\remapped_mods\loom_mappings_1_20_4_layered_hash_40359_v2\net\fabricmc\fabric-api\fabric-command-api-v2\2.2.21+78d798af4f\fabric-command-api-v2-2.2.21+78d798af4f.jar to classpath.
[04:29:28] [main/DEBUG] (FabricLoader/Knot) Adding D:\MinecraftModProject\Depression1.20.4\.gradle\loom-cache\remapped_mods\loom_mappings_1_20_4_layered_hash_40359_v2\net\fabricmc\fabric-api\fabric-content-registries-v0\5.0.16+78d798af4f\fabric-content-registries-v0-5.0.16+78d798af4f.jar to classpath.
[04:29:28] [main/DEBUG] (FabricLoader/Knot) Adding D:\MinecraftModProject\Depression1.20.4\.gradle\loom-cache\remapped_mods\loom_mappings_1_20_4_layered_hash_40359_v2\net\fabricmc\fabric-api\fabric-convention-tags-v1\1.5.11+78d798af4f\fabric-convention-tags-v1-1.5.11+78d798af4f.jar to classpath.
[04:29:28] [main/DEBUG] (FabricLoader/Knot) Adding D:\MinecraftModProject\Depression1.20.4\.gradle\loom-cache\remapped_mods\loom_mappings_1_20_4_layered_hash_40359_v2\net\fabricmc\fabric-api\fabric-data-attachment-api-v1\1.1.5+b90db5744f\fabric-data-attachment-api-v1-1.1.5+b90db5744f.jar to classpath.
[04:29:28] [main/DEBUG] (FabricLoader/Knot) Adding D:\MinecraftModProject\Depression1.20.4\.gradle\loom-cache\remapped_mods\loom_mappings_1_20_4_layered_hash_40359_v2\net\fabricmc\fabric-api\fabric-data-generation-api-v1\13.2.5+5c0133444f\fabric-data-generation-api-v1-13.2.5+5c0133444f.jar to classpath.
[04:29:28] [main/DEBUG] (FabricLoader/Knot) Adding D:\MinecraftModProject\Depression1.20.4\.gradle\loom-cache\remapped_mods\loom_mappings_1_20_4_layered_hash_40359_v2\net\fabricmc\fabric-api\fabric-dimensions-v1\2.1.63+6605d1a84f\fabric-dimensions-v1-2.1.63+6605d1a84f.jar to classpath.
[04:29:28] [main/DEBUG] (FabricLoader/Knot) Adding D:\MinecraftModProject\Depression1.20.4\.gradle\loom-cache\remapped_mods\loom_mappings_1_20_4_layered_hash_40359_v2\net\fabricmc\fabric-api\fabric-entity-events-v1\1.6.2+09fc25014f\fabric-entity-events-v1-1.6.2+09fc25014f.jar to classpath.
[04:29:28] [main/DEBUG] (FabricLoader/Knot) Adding D:\MinecraftModProject\Depression1.20.4\.gradle\loom-cache\remapped_mods\loom_mappings_1_20_4_layered_hash_40359_v2\net\fabricmc\fabric-api\fabric-events-interaction-v0\0.7.2+389931eb4f\fabric-events-interaction-v0-0.7.2+389931eb4f.jar to classpath.
[04:29:28] [main/DEBUG] (FabricLoader/Knot) Adding D:\MinecraftModProject\Depression1.20.4\.gradle\loom-cache\remapped_mods\loom_mappings_1_20_4_layered_hash_40359_v2\net\fabricmc\fabric-api\fabric-gametest-api-v1\1.3.6+85d85a934f\fabric-gametest-api-v1-1.3.6+85d85a934f.jar to classpath.
[04:29:28] [main/DEBUG] (FabricLoader/Knot) Adding D:\MinecraftModProject\Depression1.20.4\.gradle\loom-cache\remapped_mods\loom_mappings_1_20_4_layered_hash_40359_v2\net\fabricmc\fabric-api\fabric-events-lifecycle-v0\0.2.75+df3654b34f\fabric-events-lifecycle-v0-0.2.75+df3654b34f.jar to classpath.
[04:29:28] [main/DEBUG] (FabricLoader/Knot) Adding D:\MinecraftModProject\Depression1.20.4\.gradle\loom-cache\remapped_mods\loom_mappings_1_20_4_layered_hash_40359_v2\net\fabricmc\fabric-api\fabric-item-api-v1\2.3.0+bcdd12964f\fabric-item-api-v1-2.3.0+bcdd12964f.jar to classpath.
[04:29:28] [main/DEBUG] (FabricLoader/Knot) Adding D:\MinecraftModProject\Depression1.20.4\.gradle\loom-cache\remapped_mods\loom_mappings_1_20_4_layered_hash_40359_v2\net\fabricmc\fabric-api\fabric-item-group-api-v1\4.0.27+ee30b13a4f\fabric-item-group-api-v1-4.0.27+ee30b13a4f.jar to classpath.
[04:29:28] [main/DEBUG] (FabricLoader/Knot) Adding D:\MinecraftModProject\Depression1.20.4\.gradle\loom-cache\remapped_mods\loom_mappings_1_20_4_layered_hash_40359_v2\net\fabricmc\fabric-api\fabric-mining-level-api-v1\2.1.66+78d798af4f\fabric-mining-level-api-v1-2.1.66+78d798af4f.jar to classpath.
[04:29:28] [main/DEBUG] (FabricLoader/Knot) Adding D:\MinecraftModProject\Depression1.20.4\.gradle\loom-cache\remapped_mods\loom_mappings_1_20_4_layered_hash_40359_v2\net\fabricmc\fabric-api\fabric-lifecycle-events-v1\2.3.1+a67ffb5d4f\fabric-lifecycle-events-v1-2.3.1+a67ffb5d4f.jar to classpath.
[04:29:28] [main/DEBUG] (FabricLoader/Knot) Adding D:\MinecraftModProject\Depression1.20.4\.gradle\loom-cache\remapped_mods\loom_mappings_1_20_4_layered_hash_40359_v2\net\fabricmc\fabric-api\fabric-loot-api-v2\2.1.10+78d798af4f\fabric-loot-api-v2-2.1.10+78d798af4f.jar to classpath.
[04:29:28] [main/DEBUG] (FabricLoader/Knot) Adding D:\MinecraftModProject\Depression1.20.4\.gradle\loom-cache\remapped_mods\loom_mappings_1_20_4_layered_hash_40359_v2\net\fabricmc\fabric-api\fabric-message-api-v1\6.0.6+78d798af4f\fabric-message-api-v1-6.0.6+78d798af4f.jar to classpath.
[04:29:28] [main/DEBUG] (FabricLoader/Knot) Adding D:\MinecraftModProject\Depression1.20.4\.gradle\loom-cache\remapped_mods\loom_mappings_1_20_4_layered_hash_40359_v2\net\fabricmc\fabric-api\fabric-models-v0\0.4.8+9386d8a74f\fabric-models-v0-0.4.8+9386d8a74f.jar to classpath.
[04:29:28] [main/DEBUG] (FabricLoader/Knot) Adding D:\MinecraftModProject\Depression1.20.4\.gradle\loom-cache\remapped_mods\loom_mappings_1_20_4_layered_hash_40359_v2\net\fabricmc\fabric-api\fabric-model-loading-api-v1\1.0.9+78d798af4f\fabric-model-loading-api-v1-1.0.9+78d798af4f.jar to classpath.
[04:29:28] [main/DEBUG] (FabricLoader/Knot) Adding D:\MinecraftModProject\Depression1.20.4\.gradle\loom-cache\remapped_mods\loom_mappings_1_20_4_layered_hash_40359_v2\net\fabricmc\fabric-api\fabric-recipe-api-v1\2.0.21+78d798af4f\fabric-recipe-api-v1-2.0.21+78d798af4f.jar to classpath.
[04:29:28] [main/DEBUG] (FabricLoader/Knot) Adding D:\MinecraftModProject\Depression1.20.4\.gradle\loom-cache\remapped_mods\loom_mappings_1_20_4_layered_hash_40359_v2\net\fabricmc\fabric-api\fabric-registry-sync-v0\4.0.20+ee30b13a4f\fabric-registry-sync-v0-4.0.20+ee30b13a4f.jar to classpath.
[04:29:28] [main/DEBUG] (FabricLoader/Knot) Adding D:\MinecraftModProject\Depression1.20.4\.gradle\loom-cache\remapped_mods\loom_mappings_1_20_4_layered_hash_40359_v2\net\fabricmc\fabric-api\fabric-screen-handler-api-v1\1.3.56+78d798af4f\fabric-screen-handler-api-v1-1.3.56+78d798af4f.jar to classpath.
[04:29:28] [main/DEBUG] (FabricLoader/Knot) Adding D:\MinecraftModProject\Depression1.20.4\.gradle\loom-cache\remapped_mods\loom_mappings_1_20_4_layered_hash_40359_v2\net\fabricmc\fabric-api\fabric-containers-v0\0.1.87+df3654b34f\fabric-containers-v0-0.1.87+df3654b34f.jar to classpath.
[04:29:28] [main/DEBUG] (FabricLoader/Knot) Adding D:\MinecraftModProject\Depression1.20.4\.gradle\loom-cache\remapped_mods\loom_mappings_1_20_4_layered_hash_40359_v2\net\fabricmc\fabric-api\fabric-networking-api-v1\3.1.8+2e5ac5484f\fabric-networking-api-v1-3.1.8+2e5ac5484f.jar to classpath.
[04:29:28] [main/DEBUG] (FabricLoader/Knot) Adding D:\MinecraftModProject\Depression1.20.4\.gradle\loom-cache\remapped_mods\loom_mappings_1_20_4_layered_hash_40359_v2\net\fabricmc\fabric-api\fabric-object-builder-api-v1\13.1.0+dba1195c4f\fabric-object-builder-api-v1-13.1.0+dba1195c4f.jar to classpath.
[04:29:28] [main/DEBUG] (FabricLoader/Knot) Adding D:\MinecraftModProject\Depression1.20.4\.gradle\loom-cache\remapped_mods\loom_mappings_1_20_4_layered_hash_40359_v2\net\fabricmc\fabric-api\fabric-particles-v1\1.1.8+78d798af4f\fabric-particles-v1-1.1.8+78d798af4f.jar to classpath.
[04:29:28] [main/DEBUG] (FabricLoader/Knot) Adding D:\MinecraftModProject\Depression1.20.4\.gradle\loom-cache\remapped_mods\loom_mappings_1_20_4_layered_hash_40359_v2\net\fabricmc\fabric-api\fabric-renderer-indigo\1.5.6+d331d3144f\fabric-renderer-indigo-1.5.6+d331d3144f.jar to classpath.
[04:29:28] [main/DEBUG] (FabricLoader/Knot) Adding D:\MinecraftModProject\Depression1.20.4\.gradle\loom-cache\remapped_mods\loom_mappings_1_20_4_layered_hash_40359_v2\net\fabricmc\fabric-api\fabric-renderer-api-v1\3.2.5+78d798af4f\fabric-renderer-api-v1-3.2.5+78d798af4f.jar to classpath.
[04:29:28] [main/DEBUG] (FabricLoader/Knot) Adding D:\MinecraftModProject\Depression1.20.4\.gradle\loom-cache\remapped_mods\loom_mappings_1_20_4_layered_hash_40359_v2\net\fabricmc\fabric-api\fabric-rendering-fluids-v1\3.1.2+e761c6694f\fabric-rendering-fluids-v1-3.1.2+e761c6694f.jar to classpath.
[04:29:28] [main/DEBUG] (FabricLoader/Knot) Adding D:\MinecraftModProject\Depression1.20.4\.gradle\loom-cache\remapped_mods\loom_mappings_1_20_4_layered_hash_40359_v2\net\fabricmc\fabric-api\fabric-renderer-registries-v1\3.2.54+df3654b34f\fabric-renderer-registries-v1-3.2.54+df3654b34f.jar to classpath.
[04:29:28] [main/DEBUG] (FabricLoader/Knot) Adding D:\MinecraftModProject\Depression1.20.4\.gradle\loom-cache\remapped_mods\loom_mappings_1_20_4_layered_hash_40359_v2\net\fabricmc\fabric-api\fabric-rendering-v0\1.1.57+df3654b34f\fabric-rendering-v0-1.1.57+df3654b34f.jar to classpath.
[04:29:28] [main/DEBUG] (FabricLoader/Knot) Adding D:\MinecraftModProject\Depression1.20.4\.gradle\loom-cache\remapped_mods\loom_mappings_1_20_4_layered_hash_40359_v2\net\fabricmc\fabric-api\fabric-rendering-v1\3.2.1+6fd945a04f\fabric-rendering-v1-3.2.1+6fd945a04f.jar to classpath.
[04:29:28] [main/DEBUG] (FabricLoader/Knot) Adding D:\MinecraftModProject\Depression1.20.4\.gradle\loom-cache\remapped_mods\loom_mappings_1_20_4_layered_hash_40359_v2\net\fabricmc\fabric-api\fabric-screen-api-v1\2.0.18+78d798af4f\fabric-screen-api-v1-2.0.18+78d798af4f.jar to classpath.
[04:29:28] [main/DEBUG] (FabricLoader/Knot) Adding D:\MinecraftModProject\Depression1.20.4\.gradle\loom-cache\remapped_mods\loom_mappings_1_20_4_layered_hash_40359_v2\net\fabricmc\fabric-api\fabric-api-base\0.4.37+78d798af4f\fabric-api-base-0.4.37+78d798af4f.jar to classpath.
[04:29:28] [main/DEBUG] (FabricLoader/Knot) Adding D:\MinecraftModProject\Depression1.20.4\.gradle\loom-cache\remapped_mods\loom_mappings_1_20_4_layered_hash_40359_v2\net\fabricmc\fabric-api\fabric-biome-api-v1\13.0.17+78d798af4f\fabric-biome-api-v1-13.0.17+78d798af4f.jar to classpath.
[04:29:28] [main/DEBUG] (FabricLoader/Knot) Adding D:\MinecraftModProject\Depression1.20.4\.gradle\loom-cache\remapped_mods\loom_mappings_1_20_4_layered_hash_40359_v2\net\fabricmc\fabric-api\fabric-block-api-v1\1.0.17+3e2216cb4f\fabric-block-api-v1-1.0.17+3e2216cb4f.jar to classpath.
[04:29:28] [main/DEBUG] (FabricLoader/Knot) Adding D:\MinecraftModProject\Depression1.20.4\.gradle\loom-cache\remapped_mods\loom_mappings_1_20_4_layered_hash_40359_v2\net\fabricmc\fabric-api\fabric-rendering-data-attachment-v1\0.3.43+73761d2e4f\fabric-rendering-data-attachment-v1-0.3.43+73761d2e4f.jar to classpath.
[04:29:28] [main/DEBUG] (FabricLoader/Knot) Adding D:\MinecraftModProject\Depression1.20.4\.gradle\loom-cache\remapped_mods\loom_mappings_1_20_4_layered_hash_40359_v2\net\fabricmc\fabric-api\fabric-block-view-api-v2\1.0.5+78d798af4f\fabric-block-view-api-v2-1.0.5+78d798af4f.jar to classpath.
[04:29:28] [main/DEBUG] (FabricLoader/Knot) Adding D:\MinecraftModProject\Depression1.20.4\.gradle\loom-cache\remapped_mods\loom_mappings_1_20_4_layered_hash_40359_v2\net\fabricmc\fabric-api\fabric-crash-report-info-v1\0.2.24+78d798af4f\fabric-crash-report-info-v1-0.2.24+78d798af4f.jar to classpath.
[04:29:28] [main/DEBUG] (FabricLoader/Knot) Adding D:\MinecraftModProject\Depression1.20.4\.gradle\loom-cache\remapped_mods\loom_mappings_1_20_4_layered_hash_40359_v2\net\fabricmc\fabric-api\fabric-game-rule-api-v1\1.0.47+78d798af4f\fabric-game-rule-api-v1-1.0.47+78d798af4f.jar to classpath.
[04:29:28] [main/DEBUG] (FabricLoader/Knot) Adding D:\MinecraftModProject\Depression1.20.4\.gradle\loom-cache\remapped_mods\loom_mappings_1_20_4_layered_hash_40359_v2\net\fabricmc\fabric-api\fabric-keybindings-v0\0.2.40+df3654b34f\fabric-keybindings-v0-0.2.40+df3654b34f.jar to classpath.
[04:29:28] [main/DEBUG] (FabricLoader/Knot) Adding D:\MinecraftModProject\Depression1.20.4\.gradle\loom-cache\remapped_mods\loom_mappings_1_20_4_layered_hash_40359_v2\net\fabricmc\fabric-api\fabric-key-binding-api-v1\1.0.42+78d798af4f\fabric-key-binding-api-v1-1.0.42+78d798af4f.jar to classpath.
[04:29:28] [main/DEBUG] (FabricLoader/Knot) Adding D:\MinecraftModProject\Depression1.20.4\.gradle\loom-cache\remapped_mods\loom_mappings_1_20_4_layered_hash_40359_v2\net\fabricmc\fabric-api\fabric-resource-conditions-api-v1\2.3.15+78d798af4f\fabric-resource-conditions-api-v1-2.3.15+78d798af4f.jar to classpath.
[04:29:28] [main/DEBUG] (FabricLoader/Knot) Adding D:\MinecraftModProject\Depression1.20.4\.gradle\loom-cache\remapped_mods\loom_mappings_1_20_4_layered_hash_40359_v2\net\fabricmc\fabric-api\fabric-resource-loader-v0\0.11.21+ee30b13a4f\fabric-resource-loader-v0-0.11.21+ee30b13a4f.jar to classpath.
[04:29:28] [main/DEBUG] (FabricLoader/Knot) Adding D:\MinecraftModProject\Depression1.20.4\.gradle\loom-cache\remapped_mods\loom_mappings_1_20_4_layered_hash_40359_v2\net\fabricmc\fabric-api\fabric-sound-api-v1\1.0.18+78d798af4f\fabric-sound-api-v1-1.0.18+78d798af4f.jar to classpath.
[04:29:28] [main/DEBUG] (FabricLoader/Knot) Adding D:\MinecraftModProject\Depression1.20.4\.gradle\loom-cache\remapped_mods\loom_mappings_1_20_4_layered_hash_40359_v2\net\fabricmc\fabric-api\fabric-transitive-access-wideners-v1\5.0.15+78d798af4f\fabric-transitive-access-wideners-v1-5.0.15+78d798af4f.jar to classpath.
[04:29:28] [main/DEBUG] (FabricLoader/Knot) Adding C:\Users\13475\.gradle\caches\modules-2\files-2.1\org.jline\jline-reader\3.20.0\8f15415b022a25b473e8e16c28ae913186ffb9c4\jline-reader-3.20.0.jar to classpath.
[04:29:28] [main/DEBUG] (FabricLoader/Knot) Adding C:\Users\13475\.gradle\caches\modules-2\files-2.1\org.jline\jline-terminal\3.20.0\d0ddcc708ddf527a3454c941b7b9225cc83a15ff\jline-terminal-3.20.0.jar to classpath.
[04:29:28] [main/DEBUG] (FabricLoader/Knot) Adding C:\Users\13475\AppData\Local\Temp\1978354825894955398.jar to classpath.
[04:29:28] [main/DEBUG] (FabricLoader/Entrypoint) No subscribers for entrypoint 'preLaunch'
[04:29:28] [main/DEBUG] (FabricLoader/Mixin) Preparing mixins for MixinEnvironment[DEFAULT]
[04:29:28] [main/DEBUG] (FabricLoader/Mixin) Selecting config fabric-biome-api-v1.mixins.json
[04:29:28] [main/DEBUG] (FabricLoader/Mixin) Remapping refMap fabric-biome-api-v1-refmap.json using remapper chain
[04:29:28] [main/DEBUG] (FabricLoader/Mixin) Selecting config fabric-game-rule-api-v1.mixins.json
[04:29:28] [main/DEBUG] (FabricLoader/Mixin) Remapping refMap fabric-game-rule-api-v1-refmap.json using remapper chain
[04:29:28] [main/DEBUG] (FabricLoader/Mixin) Selecting config fabric-game-rule-api-v1.client.mixins.json
[04:29:28] [main/DEBUG] (FabricLoader/Mixin) Remapping refMap client-fabric-game-rule-api-v1-refmap.json using remapper chain
[04:29:28] [main/DEBUG] (FabricLoader/Mixin) Selecting config fabric-data-attachment-api-v1.mixins.json
[04:29:28] [main/DEBUG] (FabricLoader/Mixin) Remapping refMap fabric-data-attachment-api-v1-refmap.json using remapper chain
[04:29:28] [main/DEBUG] (FabricLoader/Mixin) Selecting config fabric-data-attachment-api-v1.client.mixins.json
[04:29:28] [main/DEBUG] (FabricLoader/Mixin) Remapping refMap client-fabric-data-attachment-api-v1-refmap.json using remapper chain
[04:29:28] [main/DEBUG] (FabricLoader/Mixin) Selecting config fabric-message-api-v1.mixins.json
[04:29:28] [main/DEBUG] (FabricLoader/Mixin) Remapping refMap fabric-message-api-v1-refmap.json using remapper chain
[04:29:28] [main/DEBUG] (FabricLoader/Mixin) Selecting config fabric-message-api-v1.client.mixins.json
[04:29:28] [main/DEBUG] (FabricLoader/Mixin) Remapping refMap client-fabric-message-api-v1-refmap.json using remapper chain
[04:29:28] [main/DEBUG] (FabricLoader/Mixin) Selecting config mixinextras.init.mixins.json
[04:29:28] [main/DEBUG] (FabricLoader/MixinExtras|Service) com.llamalad7.mixinextras.service.MixinExtrasServiceImpl(version=0.3.5) is taking over from null
[04:29:28] [main/DEBUG] (FabricLoader/Mixin) Registering new injector for @Inject with org.spongepowered.asm.mixin.injection.struct.CallbackInjectionInfo
[04:29:28] [main/DEBUG] (FabricLoader/Mixin) Registering new injector for @ModifyArg with org.spongepowered.asm.mixin.injection.struct.ModifyArgInjectionInfo
[04:29:28] [main/DEBUG] (FabricLoader/Mixin) Registering new injector for @ModifyArgs with org.spongepowered.asm.mixin.injection.struct.ModifyArgsInjectionInfo
[04:29:28] [main/DEBUG] (FabricLoader/Mixin) Registering new injector for @Redirect with org.spongepowered.asm.mixin.injection.struct.RedirectInjectionInfo
[04:29:28] [main/DEBUG] (FabricLoader/Mixin) Registering new injector for @ModifyVariable with org.spongepowered.asm.mixin.injection.struct.ModifyVariableInjectionInfo
[04:29:28] [main/DEBUG] (FabricLoader/Mixin) Registering new injector for @ModifyConstant with org.spongepowered.asm.mixin.injection.struct.ModifyConstantInjectionInfo
[04:29:28] [main/DEBUG] (FabricLoader/Mixin) Selecting config fabric-key-binding-api-v1.mixins.json
[04:29:28] [main/DEBUG] (FabricLoader/Mixin) Remapping refMap client-fabric-key-binding-api-v1-refmap.json using remapper chain
[04:29:28] [main/DEBUG] (FabricLoader/Mixin) Selecting config fabric-resource-conditions-api-v1.mixins.json
[04:29:28] [main/DEBUG] (FabricLoader/Mixin) Remapping refMap fabric-resource-conditions-api-v1-refmap.json using remapper chain
[04:29:28] [main/DEBUG] (FabricLoader/Mixin) Selecting config fabric-item-api-v1.mixins.json
[04:29:28] [main/DEBUG] (FabricLoader/Mixin) Remapping refMap fabric-item-api-v1-refmap.json using remapper chain
[04:29:28] [main/DEBUG] (FabricLoader/Mixin) Selecting config fabric-item-api-v1.client.mixins.json
[04:29:28] [main/DEBUG] (FabricLoader/Mixin) Remapping refMap client-fabric-item-api-v1-refmap.json using remapper chain
[04:29:28] [main/DEBUG] (FabricLoader/Mixin) Selecting config fabric-command-api-v2.mixins.json
[04:29:28] [main/DEBUG] (FabricLoader/Mixin) Remapping refMap fabric-command-api-v2-refmap.json using remapper chain
[04:29:28] [main/DEBUG] (FabricLoader/Mixin) Selecting config fabric-command-api-v2.client.mixins.json
[04:29:28] [main/DEBUG] (FabricLoader/Mixin) Remapping refMap client-fabric-command-api-v2-refmap.json using remapper chain
[04:29:28] [main/DEBUG] (FabricLoader/Mixin) Selecting config fabric-rendering-fluids-v1.mixins.json
[04:29:28] [main/DEBUG] (FabricLoader/Mixin) Remapping refMap client-fabric-rendering-fluids-v1-refmap.json using remapper chain
[04:29:28] [main/DEBUG] (FabricLoader/Mixin) Selecting config fabric-entity-events-v1.mixins.json
[04:29:28] [main/DEBUG] (FabricLoader/Mixin) Remapping refMap fabric-entity-events-v1-refmap.json using remapper chain
[04:29:28] [main/DEBUG] (FabricLoader/Mixin) Selecting config fabric-entity-events-v1.client.mixins.json
[04:29:28] [main/DEBUG] (FabricLoader/Mixin) Remapping refMap client-fabric-entity-events-v1-refmap.json using remapper chain
[04:29:28] [main/DEBUG] (FabricLoader/Mixin) Selecting config fabric-rendering-v1.mixins.json
[04:29:28] [main/DEBUG] (FabricLoader/Mixin) Remapping refMap client-fabric-rendering-v1-refmap.json using remapper chain
[04:29:28] [main/DEBUG] (FabricLoader/Mixin) Selecting config fabric-renderer-api-v1.mixins.json
[04:29:28] [main/DEBUG] (FabricLoader/Mixin) Remapping refMap client-fabric-renderer-api-v1-refmap.json using remapper chain
[04:29:28] [main/DEBUG] (FabricLoader/Mixin) Selecting config fabric-renderer-api-v1.debughud.mixins.json
[04:29:28] [main/DEBUG] (FabricLoader/Mixin) Remapping refMap client-fabric-renderer-api-v1-refmap.json using remapper chain
[04:29:28] [main/DEBUG] (FabricLoader/Mixin) Selecting config fabric-block-view-api-v2.mixins.json
[04:29:28] [main/DEBUG] (FabricLoader/Mixin) Remapping refMap fabric-block-view-api-v2-refmap.json using remapper chain
[04:29:28] [main/DEBUG] (FabricLoader/Mixin) Selecting config fabric-block-view-api-v2.client.mixins.json
[04:29:28] [main/DEBUG] (FabricLoader/Mixin) Remapping refMap client-fabric-block-view-api-v2-refmap.json using remapper chain
[04:29:28] [main/DEBUG] (FabricLoader/Mixin) Selecting config fabric-registry-sync-v0.mixins.json
[04:29:28] [main/DEBUG] (FabricLoader/Mixin) Remapping refMap fabric-registry-sync-v0-refmap.json using remapper chain
[04:29:28] [main/DEBUG] (FabricLoader/Mixin) Selecting config fabric-registry-sync-v0.client.mixins.json
[04:29:28] [main/DEBUG] (FabricLoader/Mixin) Remapping refMap client-fabric-registry-sync-v0-refmap.json using remapper chain
[04:29:28] [main/DEBUG] (FabricLoader/Mixin) Selecting config fabric-resource-loader-v0.mixins.json
[04:29:28] [main/DEBUG] (FabricLoader/Mixin) Remapping refMap fabric-resource-loader-v0-refmap.json using remapper chain
[04:29:28] [main/DEBUG] (FabricLoader/Mixin) Selecting config fabric-resource-loader-v0.client.mixins.json
[04:29:28] [main/DEBUG] (FabricLoader/Mixin) Remapping refMap client-fabric-resource-loader-v0-refmap.json using remapper chain
[04:29:28] [main/DEBUG] (FabricLoader/Mixin) Selecting config fabric-dimensions-v1.mixins.json
[04:29:28] [main/DEBUG] (FabricLoader/Mixin) Remapping refMap fabric-dimensions-v1-refmap.json using remapper chain
[04:29:28] [main/DEBUG] (FabricLoader/Mixin) Selecting config fabric-screen-handler-api-v1.mixins.json
[04:29:28] [main/DEBUG] (FabricLoader/Mixin) Remapping refMap fabric-screen-handler-api-v1-refmap.json using remapper chain
[04:29:28] [main/DEBUG] (FabricLoader/Mixin) Selecting config fabric-lifecycle-events-v1.mixins.json
[04:29:28] [main/DEBUG] (FabricLoader/Mixin) Remapping refMap fabric-lifecycle-events-v1-refmap.json using remapper chain
[04:29:28] [main/DEBUG] (FabricLoader/Mixin) Selecting config fabric-lifecycle-events-v1.client.mixins.json
[04:29:28] [main/DEBUG] (FabricLoader/Mixin) Remapping refMap client-fabric-lifecycle-events-v1-refmap.json using remapper chain
[04:29:28] [main/DEBUG] (FabricLoader/Mixin) Selecting config fabric-rendering-data-attachment-v1.mixins.json
[04:29:28] [main/DEBUG] (FabricLoader/Mixin) Remapping refMap fabric-rendering-data-attachment-v1-refmap.json using remapper chain
[04:29:28] [main/DEBUG] (FabricLoader/Mixin) Selecting config fabric-rendering-data-attachment-v1.client.mixins.json
[04:29:28] [main/DEBUG] (FabricLoader/Mixin) Remapping refMap client-fabric-rendering-data-attachment-v1-refmap.json using remapper chain
[04:29:28] [main/DEBUG] (FabricLoader/Mixin) Selecting config fabric-crash-report-info-v1.mixins.json
[04:29:28] [main/DEBUG] (FabricLoader/Mixin) Remapping refMap fabric-crash-report-info-v1-refmap.json using remapper chain
[04:29:28] [main/DEBUG] (FabricLoader/Mixin) Selecting config fabric-screen-api-v1.mixins.json
[04:29:28] [main/DEBUG] (FabricLoader/Mixin) Remapping refMap client-fabric-screen-api-v1-refmap.json using remapper chain
[04:29:28] [main/DEBUG] (FabricLoader/Mixin) Selecting config fabric-gametest-api-v1.mixins.json
[04:29:28] [main/DEBUG] (FabricLoader/Mixin) Remapping refMap fabric-gametest-api-v1-refmap.json using remapper chain
[04:29:28] [main/DEBUG] (FabricLoader/Mixin) Selecting config fabric-item-group-api-v1.mixins.json
[04:29:28] [main/DEBUG] (FabricLoader/Mixin) Remapping refMap fabric-item-group-api-v1-refmap.json using remapper chain
[04:29:28] [main/DEBUG] (FabricLoader/Mixin) Selecting config fabric-item-group-api-v1.client.mixins.json
[04:29:28] [main/DEBUG] (FabricLoader/Mixin) Remapping refMap client-fabric-item-group-api-v1-refmap.json using remapper chain
[04:29:28] [main/DEBUG] (FabricLoader/Mixin) Selecting config architectury-common.mixins.json
[04:29:28] [main/DEBUG] (FabricLoader/Mixin) Remapping refMap architectury-common-refmap.json using remapper chain
[04:29:28] [main/DEBUG] (FabricLoader/Mixin) Selecting config architectury.mixins.json
[04:29:28] [main/DEBUG] (FabricLoader/Mixin) Remapping refMap architectury-fabric-refmap.json using remapper chain
[04:29:28] [main/DEBUG] (FabricLoader/Mixin) Selecting config fabric-transfer-api-v1.mixins.json
[04:29:28] [main/DEBUG] (FabricLoader/Mixin) Remapping refMap fabric-transfer-api-v1-refmap.json using remapper chain
[04:29:28] [main/DEBUG] (FabricLoader/Mixin) Selecting config fabric-recipe-api-v1.mixins.json
[04:29:28] [main/DEBUG] (FabricLoader/Mixin) Remapping refMap fabric-recipe-api-v1-refmap.json using remapper chain
[04:29:28] [main/DEBUG] (FabricLoader/Mixin) Selecting config fabric-object-builder-v1.mixins.json
[04:29:28] [main/DEBUG] (FabricLoader/Mixin) Remapping refMap fabric-object-builder-api-v1-refmap.json using remapper chain
[04:29:28] [main/DEBUG] (FabricLoader/Mixin) Selecting config fabric-object-builder-v1.client.mixins.json
[04:29:28] [main/DEBUG] (FabricLoader/Mixin) Remapping refMap client-fabric-object-builder-api-v1-refmap.json using remapper chain
[04:29:28] [main/DEBUG] (FabricLoader/Mixin) Selecting config fabric-api-lookup-api-v1.mixins.json
[04:29:28] [main/DEBUG] (FabricLoader/Mixin) Remapping refMap fabric-api-lookup-api-v1-refmap.json using remapper chain
[04:29:28] [main/DEBUG] (FabricLoader/Mixin) Selecting config fabric-sound-api-v1.mixins.json
[04:29:28] [main/DEBUG] (FabricLoader/Mixin) Remapping refMap client-fabric-sound-api-v1-refmap.json using remapper chain
[04:29:28] [main/DEBUG] (FabricLoader/Mixin) Selecting config depression.mixins.json
[04:29:28] [main/DEBUG] (FabricLoader/Mixin) Selecting config fabric-blockrenderlayer-v1.mixins.json
[04:29:28] [main/DEBUG] (FabricLoader/Mixin) Remapping refMap client-fabric-blockrenderlayer-v1-refmap.json using remapper chain
[04:29:28] [main/DEBUG] (FabricLoader/Mixin) Selecting config fabric-content-registries-v0.mixins.json
[04:29:28] [main/DEBUG] (FabricLoader/Mixin) Remapping refMap fabric-content-registries-v0-refmap.json using remapper chain
[04:29:28] [main/DEBUG] (FabricLoader/Mixin) Selecting config fabric-data-generation-api-v1.mixins.json
[04:29:28] [main/DEBUG] (FabricLoader/Mixin) Remapping refMap fabric-data-generation-api-v1-refmap.json using remapper chain
[04:29:28] [main/DEBUG] (FabricLoader/Mixin) Selecting config fabric-data-generation-api-v1.client.mixins.json
[04:29:28] [main/DEBUG] (FabricLoader/Mixin) Remapping refMap client-fabric-data-generation-api-v1-refmap.json using remapper chain
[04:29:28] [main/DEBUG] (FabricLoader/Mixin) Selecting config fabric-mining-level-api-v1.mixins.json
[04:29:28] [main/DEBUG] (FabricLoader/Mixin) Remapping refMap fabric-mining-level-api-v1-refmap.json using remapper chain
[04:29:28] [main/DEBUG] (FabricLoader/Mixin) Selecting config fabric-containers-v0.mixins.json
[04:29:28] [main/DEBUG] (FabricLoader/Mixin) Remapping refMap fabric-containers-v0-refmap.json using remapper chain
[04:29:28] [main/DEBUG] (FabricLoader/Mixin) Selecting config fabric-containers-v0.accurate.mixins.json
[04:29:28] [main/DEBUG] (FabricLoader/Mixin) Remapping refMap fabric-containers-v0-refmap.json using remapper chain
[04:29:28] [main/DEBUG] (FabricLoader/Mixin) Selecting config fabric-model-loading-api-v1.mixins.json
[04:29:28] [main/DEBUG] (FabricLoader/Mixin) Remapping refMap client-fabric-model-loading-api-v1-refmap.json using remapper chain
[04:29:28] [main/DEBUG] (FabricLoader/Mixin) Selecting config fabric-renderer-indigo.mixins.json
[04:29:28] [main/DEBUG] (FabricLoader/Mixin) Remapping refMap client-fabric-renderer-indigo-refmap.json using remapper chain
[04:29:28] [main/DEBUG] (FabricLoader/Mixin) Selecting config fabric-events-interaction-v0.mixins.json
[04:29:28] [main/DEBUG] (FabricLoader/Mixin) Remapping refMap fabric-events-interaction-v0-refmap.json using remapper chain
[04:29:28] [main/DEBUG] (FabricLoader/Mixin) Selecting config fabric-events-interaction-v0.client.mixins.json
[04:29:28] [main/DEBUG] (FabricLoader/Mixin) Remapping refMap client-fabric-events-interaction-v0-refmap.json using remapper chain
[04:29:28] [main/DEBUG] (FabricLoader/Mixin) Selecting config fabric-block-api-v1.mixins.json
[04:29:28] [main/DEBUG] (FabricLoader/Mixin) Remapping refMap fabric-block-api-v1-refmap.json using remapper chain
[04:29:28] [main/DEBUG] (FabricLoader/Mixin) Selecting config fabric-particles-v1.client.mixins.json
[04:29:28] [main/DEBUG] (FabricLoader/Mixin) Remapping refMap client-fabric-particles-v1-refmap.json using remapper chain
[04:29:28] [main/DEBUG] (FabricLoader/Mixin) Selecting config fabric-networking-api-v1.mixins.json
[04:29:28] [main/DEBUG] (FabricLoader/Mixin) Remapping refMap fabric-networking-api-v1-refmap.json using remapper chain
[04:29:28] [main/DEBUG] (FabricLoader/Mixin) Selecting config fabric-networking-api-v1.client.mixins.json
[04:29:28] [main/DEBUG] (FabricLoader/Mixin) Remapping refMap client-fabric-networking-api-v1-refmap.json using remapper chain
[04:29:28] [main/DEBUG] (FabricLoader/Mixin) Selecting config fabric-loot-api-v2.mixins.json
[04:29:28] [main/DEBUG] (FabricLoader/Mixin) Remapping refMap fabric-loot-api-v2-refmap.json using remapper chain
[04:29:28] [main/DEBUG] (FabricLoader/Mixin) Preparing fabric-biome-api-v1.mixins.json (9)
[04:29:28] [main/DEBUG] (FabricLoader/Mixin) @Mixin target net/minecraft/world/level/biome/MultiNoiseBiomeSourceParameterList$Preset$1 is public in fabric-biome-api-v1.mixins.json:NetherBiomePresetMixin from mod fabric-biome-api-v1 and should be specified in value
[04:29:28] [main/DEBUG] (FabricLoader/Mixin) Preparing fabric-game-rule-api-v1.mixins.json (6)
[04:29:28] [main/DEBUG] (FabricLoader/Mixin) @Mixin target net/minecraft/server/commands/GameRuleCommand$1 is public in fabric-game-rule-api-v1.mixins.json:GameRuleCommandVisitorMixin from mod fabric-game-rule-api-v1 and should be specified in value
[04:29:28] [main/DEBUG] (FabricLoader/Mixin) Preparing fabric-game-rule-api-v1.client.mixins.json (3)
[04:29:28] [main/DEBUG] (FabricLoader/Mixin) @Mixin target net/minecraft/client/gui/screens/worldselection/EditGameRulesScreen$RuleList$1 is public in fabric-game-rule-api-v1.client.mixins.json:RuleListWidgetVisitorMixin from mod fabric-game-rule-api-v1 and should be specified in value
[04:29:28] [main/DEBUG] (FabricLoader/Mixin) Preparing fabric-data-attachment-api-v1.mixins.json (8)
[04:29:28] [main/DEBUG] (FabricLoader/Mixin) Preparing fabric-data-attachment-api-v1.client.mixins.json (1)
[04:29:28] [main/DEBUG] (FabricLoader/Mixin) Preparing fabric-message-api-v1.mixins.json (2)
[04:29:28] [main/DEBUG] (FabricLoader/Mixin) Preparing fabric-message-api-v1.client.mixins.json (2)
[04:29:28] [main/DEBUG] (FabricLoader/Mixin) Preparing mixinextras.init.mixins.json (0)
[04:29:28] [main/DEBUG] (FabricLoader/Mixin) Preparing fabric-key-binding-api-v1.mixins.json (2)
[04:29:28] [main/DEBUG] (FabricLoader/Mixin) Preparing fabric-resource-conditions-api-v1.mixins.json (6)
[04:29:29] [main/DEBUG] (FabricLoader/Mixin) Preparing fabric-item-api-v1.mixins.json (18)
[04:29:29] [main/DEBUG] (FabricLoader/Mixin) Preparing fabric-item-api-v1.client.mixins.json (3)
[04:29:29] [main/DEBUG] (FabricLoader/Mixin) Preparing fabric-command-api-v2.mixins.json (5)
[04:29:29] [main/DEBUG] (FabricLoader/Mixin) Preparing fabric-command-api-v2.client.mixins.json (2)
[04:29:29] [main/DEBUG] (FabricLoader/Mixin) Preparing fabric-rendering-fluids-v1.mixins.json (1)
[04:29:29] [main/DEBUG] (FabricLoader/Mixin) Preparing fabric-entity-events-v1.mixins.json (12)
[04:29:29] [main/DEBUG] (FabricLoader/Mixin) Preparing fabric-entity-events-v1.client.mixins.json (1)
[04:29:29] [main/DEBUG] (FabricLoader/Mixin) Preparing fabric-rendering-v1.mixins.json (19)
[04:29:29] [main/DEBUG] (FabricLoader/Mixin) @Mixin target net/minecraft/client/renderer/ShaderInstance$1 is public in fabric-rendering-v1.mixins.json:shader.ShaderProgramImportProcessorMixin from mod fabric-rendering-v1 and should be specified in value
[04:29:29] [main/DEBUG] (FabricLoader/Mixin) Preparing fabric-renderer-api-v1.mixins.json (5)
[04:29:29] [main/DEBUG] (FabricLoader/Mixin) Preparing fabric-renderer-api-v1.debughud.mixins.json (1)
[04:29:29] [main/DEBUG] (FabricLoader/Mixin) Preparing fabric-block-view-api-v2.mixins.json (2)
[04:29:29] [main/DEBUG] (FabricLoader/Mixin) Preparing fabric-block-view-api-v2.client.mixins.json (2)
[04:29:29] [main/DEBUG] (FabricLoader/Mixin) Preparing fabric-registry-sync-v0.mixins.json (13)
[04:29:29] [main/DEBUG] (FabricLoader/Mixin) Preparing fabric-registry-sync-v0.client.mixins.json (5)
[04:29:29] [main/DEBUG] (FabricLoader/Mixin) Preparing fabric-resource-loader-v0.mixins.json (11)
[04:29:29] [main/DEBUG] (FabricLoader/Mixin) Preparing fabric-resource-loader-v0.client.mixins.json (7)
[04:29:29] [main/DEBUG] (FabricLoader/Mixin) @Mixin target net/minecraft/client/Options$3 is public in fabric-resource-loader-v0.client.mixins.json:GameOptionsWriteVisitorMixin from mod fabric-resource-loader-v0 and should be specified in value
[04:29:29] [main/DEBUG] (FabricLoader/Mixin) Preparing fabric-dimensions-v1.mixins.json (5)
[04:29:29] [main/DEBUG] (FabricLoader/Mixin) Preparing fabric-screen-handler-api-v1.mixins.json (2)
[04:29:29] [main/DEBUG] (FabricLoader/Mixin) Preparing fabric-lifecycle-events-v1.mixins.json (9)
[04:29:29] [main/DEBUG] (FabricLoader/Mixin) @Mixin target net/minecraft/server/level/ServerLevel$EntityCallbacks is public in fabric-lifecycle-events-v1.mixins.json:ServerWorldServerEntityHandlerMixin from mod fabric-lifecycle-events-v1 and should be specified in value
[04:29:29] [main/DEBUG] (FabricLoader/Mixin) Preparing fabric-lifecycle-events-v1.client.mixins.json (6)
[04:29:29] [main/DEBUG] (FabricLoader/Mixin) @Mixin target net/minecraft/client/multiplayer/ClientLevel$EntityCallbacks is public in fabric-lifecycle-events-v1.client.mixins.json:ClientWorldClientEntityHandlerMixin from mod fabric-lifecycle-events-v1 and should be specified in value
[04:29:29] [main/DEBUG] (FabricLoader/Mixin) Preparing fabric-rendering-data-attachment-v1.mixins.json (2)
[04:29:29] [main/DEBUG] (FabricLoader/Mixin) Preparing fabric-rendering-data-attachment-v1.client.mixins.json (1)
[04:29:29] [main/DEBUG] (FabricLoader/Mixin) Preparing fabric-crash-report-info-v1.mixins.json (1)
[04:29:29] [main/DEBUG] (FabricLoader/Mixin) Preparing fabric-screen-api-v1.mixins.json (6)
[04:29:29] [main/DEBUG] (FabricLoader/Mixin) Preparing fabric-gametest-api-v1.mixins.json (8)
[04:29:29] [main/DEBUG] (FabricLoader/Mixin) Preparing fabric-item-group-api-v1.mixins.json (3)
[04:29:29] [main/DEBUG] (FabricLoader/Mixin) Preparing fabric-item-group-api-v1.client.mixins.json (1)
[04:29:29] [main/DEBUG] (FabricLoader/Mixin) Preparing architectury-common.mixins.json (10)
[04:29:29] [main/DEBUG] (FabricLoader/Mixin) Preparing architectury.mixins.json (53)
[04:29:29] [main/DEBUG] (FabricLoader/Mixin) Preparing fabric-transfer-api-v1.mixins.json (12)
[04:29:29] [main/DEBUG] (FabricLoader/Mixin) Preparing fabric-recipe-api-v1.mixins.json (3)
[04:29:29] [main/DEBUG] (FabricLoader/Mixin) Preparing fabric-object-builder-v1.mixins.json (10)
[04:29:29] [main/DEBUG] (FabricLoader/Mixin) Preparing fabric-object-builder-v1.client.mixins.json (5)
[04:29:29] [main/DEBUG] (FabricLoader/Mixin) Preparing fabric-api-lookup-api-v1.mixins.json (2)
[04:29:29] [main/DEBUG] (FabricLoader/Mixin) Preparing fabric-sound-api-v1.mixins.json (2)
[04:29:29] [main/DEBUG] (FabricLoader/Mixin) Preparing depression.mixins.json (28)
[04:29:29] [main/DEBUG] (FabricLoader/Mixin) Preparing fabric-blockrenderlayer-v1.mixins.json (1)
[04:29:29] [main/DEBUG] (FabricLoader/Mixin) Preparing fabric-content-registries-v0.mixins.json (11)
[04:29:29] [main/DEBUG] (FabricLoader/Mixin) Preparing fabric-data-generation-api-v1.mixins.json (6)
[04:29:29] [main/DEBUG] (FabricLoader/Mixin) Preparing fabric-data-generation-api-v1.client.mixins.json (1)
[04:29:29] [main/DEBUG] (FabricLoader/Mixin) Preparing fabric-mining-level-api-v1.mixins.json (3)
[04:29:29] [main/DEBUG] (FabricLoader/Mixin) Preparing fabric-containers-v0.mixins.json (1)
[04:29:29] [main/DEBUG] (FabricLoader/Mixin) Preparing fabric-containers-v0.accurate.mixins.json (1)
[04:29:29] [main/DEBUG] (FabricLoader/Mixin) Preparing fabric-model-loading-api-v1.mixins.json (3)
[04:29:29] [main/DEBUG] (FabricLoader/Mixin) @Mixin target net/minecraft/client/resources/model/ModelBakery$ModelBakerImpl is public in fabric-model-loading-api-v1.mixins.json:ModelLoaderBakerImplMixin from mod fabric-model-loading-api-v1 and should be specified in value
[04:29:29] [main/DEBUG] (FabricLoader/Mixin) Preparing fabric-renderer-indigo.mixins.json (5)
[04:29:29] [main/DEBUG] (FabricLoader/Mixin) Preparing fabric-events-interaction-v0.mixins.json (4)
[04:29:29] [main/DEBUG] (FabricLoader/Mixin) @Mixin target net/minecraft/server/network/ServerGamePacketListenerImpl$1 is public in fabric-events-interaction-v0.mixins.json:ServerPlayNetworkHandlerMixin from mod fabric-events-interaction-v0 and should be specified in value
[04:29:29] [main/DEBUG] (FabricLoader/Mixin) Preparing fabric-events-interaction-v0.client.mixins.json (3)
[04:29:29] [main/DEBUG] (FabricLoader/Mixin) Preparing fabric-block-api-v1.mixins.json (4)
[04:29:29] [main/DEBUG] (FabricLoader/Mixin) @Mixin target net/minecraft/world/level/chunk/LevelChunkSection$1BlockCounter is public in fabric-block-api-v1.mixins.json:ChunkSectionBlockStateCounterMixin from mod fabric-block-api-v1 and should be specified in value
[04:29:29] [main/DEBUG] (FabricLoader/Mixin) Preparing fabric-particles-v1.client.mixins.json (4)
[04:29:29] [main/DEBUG] (FabricLoader/Mixin) Preparing fabric-networking-api-v1.mixins.json (17)
[04:29:29] [main/DEBUG] (FabricLoader/Mixin) @Mixin target net/minecraft/network/ConnectionProtocol$PacketSet is public in fabric-networking-api-v1.mixins.json:NetworkStateInternalPacketHandlerMixin from mod fabric-networking-api-v1 and should be specified in value
[04:29:29] [main/DEBUG] (FabricLoader/Mixin) @Mixin target net/minecraft/server/level/ChunkMap$TrackedEntity is public in fabric-networking-api-v1.mixins.json:accessor.EntityTrackerAccessor from mod fabric-networking-api-v1 and should be specified in value
[04:29:29] [main/DEBUG] (FabricLoader/Mixin) Preparing fabric-networking-api-v1.client.mixins.json (9)
[04:29:29] [main/DEBUG] (FabricLoader/Mixin) Preparing fabric-loot-api-v2.mixins.json (5)
[04:29:29] [main/DEBUG] (FabricLoader/Mixin) Inner class net/fabricmc/fabric/mixin/itemgroup/ItemGroupsMixin$1ItemGroupPosition in net/fabricmc/fabric/mixin/itemgroup/ItemGroupsMixin on net/minecraft/world/item/CreativeModeTabs gets unique name net/minecraft/world/item/CreativeModeTabs$1ItemGroupPosition$e293c0484951416d8424cc11b3bbfdfa
[04:29:29] [main/DEBUG] (FabricLoader/Mixin) Inner class net/fabricmc/fabric/mixin/transfer/ChiseledBookshelfBlockEntityMixin$1 in net/fabricmc/fabric/mixin/transfer/ChiseledBookshelfBlockEntityMixin on net/minecraft/world/level/block/entity/ChiseledBookShelfBlockEntity gets unique name net/minecraft/world/level/block/entity/ChiseledBookShelfBlockEntity$Anonymous$5883cb19f7964d8ba48b6ef9240558c0
[04:29:29] [main/DEBUG] (FabricLoader/Mixin) Prepared 389 mixins in 0.384 sec (1.0ms avg) (0ms load, 0ms transform, 0ms plugin)
[04:29:29] [main/DEBUG] (io.netty.util.internal.logging.InternalLoggerFactory) Using SLF4J as the default logging framework
[04:29:29] [main/DEBUG] (io.netty.util.ResourceLeakDetector) -Dio.netty.leakDetection.level: simple
[04:29:29] [main/DEBUG] (io.netty.util.ResourceLeakDetector) -Dio.netty.leakDetection.targetRecords: 4
[04:29:29] [main/INFO] (FabricLoader/MixinExtras|Service) Initializing MixinExtras via com.llamalad7.mixinextras.service.MixinExtrasServiceImpl(version=0.3.5).
[04:29:29] [main/DEBUG] (FabricLoader/Mixin) Registering new injector for @SugarWrapper with com.llamalad7.mixinextras.sugar.impl.SugarWrapperInjectionInfo
[04:29:29] [main/DEBUG] (FabricLoader/Mixin) Registering new injector for @FactoryRedirectWrapper with com.llamalad7.mixinextras.wrapper.factory.FactoryRedirectWrapperInjectionInfo
[04:29:29] [main/DEBUG] (FabricLoader/Mixin) Mixing SystemDetailsMixin from fabric-crash-report-info-v1.mixins.json into net.minecraft.SystemReport
[04:29:29] [main/DEBUG] (FabricLoader/Mixin) Renaming synthetic method lambda$appendMods$1(Lnet/fabricmc/loader/api/ModContainer;)Ljava/lang/String; to md2e53f5$fabric-crash-report-info-v1$lambda$appendMods$1$0 in fabric-crash-report-info-v1.mixins.json:SystemDetailsMixin from mod fabric-crash-report-info-v1
[04:29:29] [main/DEBUG] (FabricLoader/Mixin) Renaming synthetic method lambda$fillSystemDetails$0()Ljava/lang/String; to md2e53f5$fabric-crash-report-info-v1$lambda$fillSystemDetails$0$1 in fabric-crash-report-info-v1.mixins.json:SystemDetailsMixin from mod fabric-crash-report-info-v1
[04:29:29] [main/DEBUG] (FabricLoader/Mixin) fabric-crash-report-info-v1.mixins.json:SystemDetailsMixin from mod fabric-crash-report-info-v1->@Inject::fillSystemDetails(Lorg/spongepowered/asm/mixin/injection/callback/CallbackInfo;)V doesn't use it's CallbackInfo
[04:29:29] [main/DEBUG] (FabricLoader/Mixin) fabric-crash-report-info-v1.mixins.json:SystemDetailsMixin from mod fabric-crash-report-info-v1->@Inject::fillSystemDetails(Lorg/spongepowered/asm/mixin/injection/callback/CallbackInfo;)V has 0 override(s) in child classes
[04:29:29] [main/DEBUG] (FabricLoader/Mixin) fabric-crash-report-info-v1.mixins.json:SystemDetailsMixin from mod fabric-crash-report-info-v1->@Inject::fillSystemDetails(Lorg/spongepowered/asm/mixin/injection/callback/CallbackInfo;)V won't be passed a CallbackInfo as a result
[04:29:30] [main/WARN] (oshi.driver.windows.perfmon.PerfmonDisabled) Invalid registry value type detected for PerfOS counters. Should be REG_DWORD. Ignoring: HKEY_LOCAL_MACHINE\SYSTEM\CurrentControlSet\Services\PerfOS\Performance\Disable Performance Counters.
[04:29:30] [main/DEBUG] (FabricLoader/Mixin) Mixing BootstrapMixin from fabric-registry-sync-v0.mixins.json into net.minecraft.server.Bootstrap
[04:29:30] [main/DEBUG] (FabricLoader/Mixin) Renaming synthetic method lambda$initialize$1(Lnet/minecraft/world/level/material/Fluid;)Ljava/util/Collection; to md2e53f5$fabric-registry-sync-v0$lambda$initialize$1$0 in fabric-registry-sync-v0.mixins.json:BootstrapMixin from mod fabric-registry-sync-v0
[04:29:30] [main/DEBUG] (FabricLoader/Mixin) Renaming synthetic method lambda$initialize$0(Lnet/minecraft/world/level/block/Block;)Ljava/util/Collection; to md2e53f5$fabric-registry-sync-v0$lambda$initialize$0$1 in fabric-registry-sync-v0.mixins.json:BootstrapMixin from mod fabric-registry-sync-v0
[04:29:30] [main/DEBUG] (FabricLoader/Mixin) fabric-registry-sync-v0.mixins.json:BootstrapMixin from mod fabric-registry-sync-v0->@Inject::initialize(Lorg/spongepowered/asm/mixin/injection/callback/CallbackInfo;)V doesn't use it's CallbackInfo
[04:29:30] [main/DEBUG] (FabricLoader/Mixin) Mixing RegistriesAccessor from fabric-registry-sync-v0.mixins.json into net.minecraft.core.registries.BuiltInRegistries
[04:29:30] [main/DEBUG] (FabricLoader/Mixin) Renaming @Accessor method getROOT()Lnet/minecraft/core/WritableRegistry; to getROOT$fabric-registry-sync-v0_$md$2e53f5$0 in fabric-registry-sync-v0.mixins.json:RegistriesAccessor from mod fabric-registry-sync-v0
[04:29:30] [main/DEBUG] (FabricLoader/Mixin) Mixing RegistriesMixin from fabric-registry-sync-v0.mixins.json into net.minecraft.core.registries.BuiltInRegistries
[04:29:30] [main/DEBUG] (FabricLoader/Mixin) fabric-registry-sync-v0.mixins.json:RegistriesMixin from mod fabric-registry-sync-v0->@Inject::init(Lorg/spongepowered/asm/mixin/injection/callback/CallbackInfo;)V does use it's CallbackInfo
[04:29:30] [main/DEBUG] (FabricLoader/Mixin) Mixing SimpleRegistryMixin from fabric-registry-sync-v0.mixins.json into net.minecraft.core.MappedRegistry
[04:29:30] [main/DEBUG] (FabricLoader/Mixin) Renaming synthetic method lambda$new$5([Lnet/fabricmc/fabric/api/event/registry/RegistryIdRemapCallback;)Lnet/fabricmc/fabric/api/event/registry/RegistryIdRemapCallback; to md2e53f5$fabric-registry-sync-v0$lambda$new$5$0 in fabric-registry-sync-v0.mixins.json:SimpleRegistryMixin from mod fabric-registry-sync-v0
[04:29:30] [main/DEBUG] (FabricLoader/Mixin) Renaming synthetic method lambda$new$4([Lnet/fabricmc/fabric/api/event/registry/RegistryIdRemapCallback;Lnet/fabricmc/fabric/api/event/registry/RegistryIdRemapCallback$RemapState;)V to md2e53f5$fabric-registry-sync-v0$lambda$new$4$1 in fabric-registry-sync-v0.mixins.json:SimpleRegistryMixin from mod fabric-registry-sync-v0
[04:29:30] [main/DEBUG] (FabricLoader/Mixin) Renaming synthetic method lambda$new$3([Lnet/fabricmc/fabric/api/event/registry/RegistryEntryRemovedCallback;)Lnet/fabricmc/fabric/api/event/registry/RegistryEntryRemovedCallback; to md2e53f5$fabric-registry-sync-v0$lambda$new$3$2 in fabric-registry-sync-v0.mixins.json:SimpleRegistryMixin from mod fabric-registry-sync-v0
[04:29:30] [main/DEBUG] (FabricLoader/Mixin) Renaming synthetic method lambda$new$2([Lnet/fabricmc/fabric/api/event/registry/RegistryEntryRemovedCallback;ILnet/minecraft/resources/ResourceLocation;Ljava/lang/Object;)V to md2e53f5$fabric-registry-sync-v0$lambda$new$2$3 in fabric-registry-sync-v0.mixins.json:SimpleRegistryMixin from mod fabric-registry-sync-v0
[04:29:30] [main/DEBUG] (FabricLoader/Mixin) Renaming synthetic method lambda$new$1([Lnet/fabricmc/fabric/api/event/registry/RegistryEntryAddedCallback;)Lnet/fabricmc/fabric/api/event/registry/RegistryEntryAddedCallback; to md2e53f5$fabric-registry-sync-v0$lambda$new$1$4 in fabric-registry-sync-v0.mixins.json:SimpleRegistryMixin from mod fabric-registry-sync-v0
[04:29:30] [main/DEBUG] (FabricLoader/Mixin) Renaming synthetic method lambda$new$0([Lnet/fabricmc/fabric/api/event/registry/RegistryEntryAddedCallback;ILnet/minecraft/resources/ResourceLocation;Ljava/lang/Object;)V to md2e53f5$fabric-registry-sync-v0$lambda$new$0$5 in fabric-registry-sync-v0.mixins.json:SimpleRegistryMixin from mod fabric-registry-sync-v0
[04:29:30] [main/DEBUG] (FabricLoader/Mixin) fabric-registry-sync-v0.mixins.json:SimpleRegistryMixin from mod fabric-registry-sync-v0->@Inject::add(Lnet/minecraft/resources/ResourceKey;Ljava/lang/Object;Lcom/mojang/serialization/Lifecycle;Lorg/spongepowered/asm/mixin/injection/callback/CallbackInfoReturnable;)V doesn't use it's CallbackInfoReturnable
[04:29:30] [main/DEBUG] (FabricLoader/Mixin) fabric-registry-sync-v0.mixins.json:SimpleRegistryMixin from mod fabric-registry-sync-v0->@Inject::add(Lnet/minecraft/resources/ResourceKey;Ljava/lang/Object;Lcom/mojang/serialization/Lifecycle;Lorg/spongepowered/asm/mixin/injection/callback/CallbackInfoReturnable;)V has 0 override(s) in child classes
[04:29:30] [main/DEBUG] (FabricLoader/Mixin) fabric-registry-sync-v0.mixins.json:SimpleRegistryMixin from mod fabric-registry-sync-v0->@Inject::add(Lnet/minecraft/resources/ResourceKey;Ljava/lang/Object;Lcom/mojang/serialization/Lifecycle;Lorg/spongepowered/asm/mixin/injection/callback/CallbackInfoReturnable;)V won't be passed a CallbackInfoReturnable as a result
[04:29:30] [main/DEBUG] (FabricLoader/Mixin) fabric-registry-sync-v0.mixins.json:SimpleRegistryMixin from mod fabric-registry-sync-v0->@Inject::set(ILnet/minecraft/resources/ResourceKey;Ljava/lang/Object;Lcom/mojang/serialization/Lifecycle;Lorg/spongepowered/asm/mixin/injection/callback/CallbackInfoReturnable;)V does use it's CallbackInfoReturnable
[04:29:30] [main/DEBUG] (FabricLoader/Mixin) fabric-registry-sync-v0.mixins.json:SimpleRegistryMixin from mod fabric-registry-sync-v0->@Inject::setPre(ILnet/minecraft/resources/ResourceKey;Ljava/lang/Object;Lcom/mojang/serialization/Lifecycle;Lorg/spongepowered/asm/mixin/injection/callback/CallbackInfoReturnable;)V doesn't use it's CallbackInfoReturnable
[04:29:30] [main/DEBUG] (FabricLoader/Mixin) fabric-registry-sync-v0.mixins.json:SimpleRegistryMixin from mod fabric-registry-sync-v0->@Inject::setPre(ILnet/minecraft/resources/ResourceKey;Ljava/lang/Object;Lcom/mojang/serialization/Lifecycle;Lorg/spongepowered/asm/mixin/injection/callback/CallbackInfoReturnable;)V has 0 override(s) in child classes
[04:29:30] [main/DEBUG] (FabricLoader/Mixin) fabric-registry-sync-v0.mixins.json:SimpleRegistryMixin from mod fabric-registry-sync-v0->@Inject::setPre(ILnet/minecraft/resources/ResourceKey;Ljava/lang/Object;Lcom/mojang/serialization/Lifecycle;Lorg/spongepowered/asm/mixin/injection/callback/CallbackInfoReturnable;)V won't be passed a CallbackInfoReturnable as a result
[04:29:30] [main/DEBUG] (FabricLoader/Mixin) fabric-registry-sync-v0.mixins.json:SimpleRegistryMixin from mod fabric-registry-sync-v0->@Inject::setPost(ILnet/minecraft/resources/ResourceKey;Ljava/lang/Object;Lcom/mojang/serialization/Lifecycle;Lorg/spongepowered/asm/mixin/injection/callback/CallbackInfoReturnable;)V doesn't use it's CallbackInfoReturnable
[04:29:30] [main/DEBUG] (FabricLoader/Mixin) fabric-registry-sync-v0.mixins.json:SimpleRegistryMixin from mod fabric-registry-sync-v0->@Inject::setPost(ILnet/minecraft/resources/ResourceKey;Ljava/lang/Object;Lcom/mojang/serialization/Lifecycle;Lorg/spongepowered/asm/mixin/injection/callback/CallbackInfoReturnable;)V has 0 override(s) in child classes
[04:29:30] [main/DEBUG] (FabricLoader/Mixin) fabric-registry-sync-v0.mixins.json:SimpleRegistryMixin from mod fabric-registry-sync-v0->@Inject::setPost(ILnet/minecraft/resources/ResourceKey;Ljava/lang/Object;Lcom/mojang/serialization/Lifecycle;Lorg/spongepowered/asm/mixin/injection/callback/CallbackInfoReturnable;)V won't be passed a CallbackInfoReturnable as a result
[04:29:30] [main/DEBUG] (FabricLoader/Mixin) Mixing inject.MixinGameEvent from architectury-common.mixins.json into net.minecraft.world.level.gameevent.GameEvent
[04:29:30] [main/DEBUG] (FabricLoader/Mixin) architectury-common.mixins.json:inject.MixinGameEvent from mod architectury: Class version 61 required is higher than the class version supported by the current version of Mixin (JAVA_16 supports class version 60)
[04:29:30] [main/DEBUG] (FabricLoader/Mixin) Mixing inject.MixinFluid from architectury-common.mixins.json into net.minecraft.world.level.material.Fluid
[04:29:30] [main/DEBUG] (FabricLoader/Mixin) architectury-common.mixins.json:inject.MixinFluid from mod architectury: Class version 61 required is higher than the class version supported by the current version of Mixin (JAVA_16 supports class version 60)
[04:29:30] [main/DEBUG] (FabricLoader/Mixin) Mixing FluidMixin from fabric-transfer-api-v1.mixins.json into net.minecraft.world.level.material.Fluid
[04:29:30] [main/DEBUG] (FabricLoader/Mixin) fabric-transfer-api-v1.mixins.json:FluidMixin from mod fabric-transfer-api-v1->@Inject::hookGetBucketFillSound(Lorg/spongepowered/asm/mixin/injection/callback/CallbackInfoReturnable;)V does use it's CallbackInfoReturnable
[04:29:30] [main/DEBUG] (FabricLoader/Mixin) Mixing inject.MixinBlock from architectury-common.mixins.json into net.minecraft.world.level.block.Block
[04:29:30] [main/DEBUG] (FabricLoader/Mixin) architectury-common.mixins.json:inject.MixinBlock from mod architectury: Class version 61 required is higher than the class version supported by the current version of Mixin (JAVA_16 supports class version 60)
[04:29:30] [main/DEBUG] (FabricLoader/Mixin) Mixing BlockMixin from fabric-block-api-v1.mixins.json into net.minecraft.world.level.block.Block
[04:29:30] [main/DEBUG] (FabricLoader/Mixin) Mixing AbstractBlockAccessor from fabric-object-builder-v1.mixins.json into net.minecraft.world.level.block.state.BlockBehaviour
[04:29:30] [main/DEBUG] (FabricLoader/Mixin) Mixing inject.MixinEntityType from architectury-common.mixins.json into net.minecraft.world.entity.EntityType
[04:29:30] [main/DEBUG] (FabricLoader/Mixin) architectury-common.mixins.json:inject.MixinEntityType from mod architectury: Class version 61 required is higher than the class version supported by the current version of Mixin (JAVA_16 supports class version 60)
[04:29:30] [main/DEBUG] (FabricLoader/Mixin) Mixing EntityTypeMixin from fabric-object-builder-v1.mixins.json into net.minecraft.world.entity.EntityType
[04:29:30] [main/DEBUG] (FabricLoader/Mixin) fabric-object-builder-v1.mixins.json:EntityTypeMixin from mod fabric-object-builder-api-v1->@Inject::alwaysUpdateVelocity(Lorg/spongepowered/asm/mixin/injection/callback/CallbackInfoReturnable;)V does use it's CallbackInfoReturnable
[04:29:30] [main/DEBUG] (FabricLoader/Mixin) Mixing ItemMixin from fabric-item-api-v1.mixins.json into net.minecraft.world.item.Item
[04:29:30] [main/DEBUG] (FabricLoader/Mixin) Mixing inject.MixinItem from architectury-common.mixins.json into net.minecraft.world.item.Item
[04:29:30] [main/DEBUG] (FabricLoader/Mixin) architectury-common.mixins.json:inject.MixinItem from mod architectury: Class version 61 required is higher than the class version supported by the current version of Mixin (JAVA_16 supports class version 60)
[04:29:30] [main/DEBUG] (FabricLoader/Mixin) Mixing ItemMixin from fabric-transfer-api-v1.mixins.json into net.minecraft.world.item.Item
[04:29:30] [main/DEBUG] (FabricLoader/Mixin) fabric-item-api-v1.mixins.json:ItemMixin from mod fabric-item-api-v1->@Inject::onConstruct(Lnet/minecraft/world/item/Item$Properties;Lorg/spongepowered/asm/mixin/injection/callback/CallbackInfo;)V doesn't use it's CallbackInfo
[04:29:30] [main/DEBUG] (FabricLoader/Mixin) fabric-item-api-v1.mixins.json:ItemMixin from mod fabric-item-api-v1->@Inject::onConstruct(Lnet/minecraft/world/item/Item$Properties;Lorg/spongepowered/asm/mixin/injection/callback/CallbackInfo;)V has 0 override(s) in child classes
[04:29:30] [main/DEBUG] (FabricLoader/Mixin) fabric-item-api-v1.mixins.json:ItemMixin from mod fabric-item-api-v1->@Inject::onConstruct(Lnet/minecraft/world/item/Item$Properties;Lorg/spongepowered/asm/mixin/injection/callback/CallbackInfo;)V won't be passed a CallbackInfo as a result
[04:29:30] [main/DEBUG] (FabricLoader/Mixin) architectury-common.mixins.json:inject.MixinItem from mod architectury->@Inject::init(Lnet/minecraft/world/item/Item$Properties;Lorg/spongepowered/asm/mixin/injection/callback/CallbackInfo;)V doesn't use it's CallbackInfo
[04:29:30] [main/DEBUG] (FabricLoader/Mixin) architectury-common.mixins.json:inject.MixinItem from mod architectury->@Inject::init(Lnet/minecraft/world/item/Item$Properties;Lorg/spongepowered/asm/mixin/injection/callback/CallbackInfo;)V has 0 override(s) in child classes
[04:29:30] [main/DEBUG] (FabricLoader/Mixin) architectury-common.mixins.json:inject.MixinItem from mod architectury->@Inject::init(Lnet/minecraft/world/item/Item$Properties;Lorg/spongepowered/asm/mixin/injection/callback/CallbackInfo;)V won't be passed a CallbackInfo as a result
[04:29:30] [main/DEBUG] (FabricLoader/Mixin) Mixing BlockEntityTypeAccessor from fabric-api-lookup-api-v1.mixins.json into net.minecraft.world.level.block.entity.BlockEntityType
[04:29:30] [main/DEBUG] (FabricLoader/Mixin) Mixing ArgumentTypesAccessor from fabric-command-api-v2.mixins.json into net.minecraft.commands.synchronization.ArgumentTypeInfos
[04:29:30] [main/DEBUG] (FabricLoader/Mixin) Renaming @Accessor method fabric_getClassMap()Ljava/util/Map; to fabric_getClassMap$fabric-command-api-v2_$md$2e53f5$0 in fabric-command-api-v2.mixins.json:ArgumentTypesAccessor from mod fabric-command-api-v2
[04:29:30] [main/DEBUG] (FabricLoader/Mixin) Mixing ArgumentTypesMixin from fabric-gametest-api-v1.mixins.json into net.minecraft.commands.synchronization.ArgumentTypeInfos
[04:29:30] [main/DEBUG] (FabricLoader/Mixin) fabric-gametest-api-v1.mixins.json:ArgumentTypesMixin from mod fabric-gametest-api-v1->@Inject::register(Lnet/minecraft/core/Registry;Lorg/spongepowered/asm/mixin/injection/callback/CallbackInfoReturnable;)V doesn't use it's CallbackInfoReturnable
[04:29:30] [main/DEBUG] (FabricLoader/Mixin) Mixing ItemGroupsMixin from fabric-item-group-api-v1.mixins.json into net.minecraft.world.item.CreativeModeTabs
[04:29:30] [main/DEBUG] (FabricLoader/Mixin) Renaming synthetic method lambda$paginateGroups$0(Lnet/minecraft/core/Holder$Reference;Lnet/minecraft/core/Holder$Reference;)I to md2e53f5$fabric-item-group-api-v1$lambda$paginateGroups$0$0 in fabric-item-group-api-v1.mixins.json:ItemGroupsMixin from mod fabric-item-group-api-v1
[04:29:30] [main/DEBUG] (FabricLoader/Mixin) fabric-item-group-api-v1.mixins.json:ItemGroupsMixin from mod fabric-item-group-api-v1->@Inject::deferDuplicateCheck(Lorg/spongepowered/asm/mixin/injection/callback/CallbackInfo;)V does use it's CallbackInfo
[04:29:30] [main/DEBUG] (FabricLoader/Mixin) fabric-item-group-api-v1.mixins.json:ItemGroupsMixin from mod fabric-item-group-api-v1->@Inject::paginateGroups(Lorg/spongepowered/asm/mixin/injection/callback/CallbackInfo;)V doesn't use it's CallbackInfo
[04:29:30] [main/DEBUG] (FabricLoader/Mixin) Mixing ItemGroupAccessor from fabric-item-group-api-v1.mixins.json into net.minecraft.world.item.CreativeModeTab
[04:29:30] [main/DEBUG] (FabricLoader/Mixin) Mixing ItemGroupMixin from fabric-item-group-api-v1.mixins.json into net.minecraft.world.item.CreativeModeTab
[04:29:30] [main/DEBUG] (FabricLoader/Mixin) Renaming synthetic method lambda$getStacks$0(Lnet/minecraft/world/item/CreativeModeTab;)Ljava/lang/IllegalStateException; to md2e53f5$fabric-item-group-api-v1$lambda$getStacks$0$0 in fabric-item-group-api-v1.mixins.json:ItemGroupMixin from mod fabric-item-group-api-v1
[04:29:30] [main/DEBUG] (FabricLoader/Mixin) fabric-item-group-api-v1.mixins.json:ItemGroupMixin from mod fabric-item-group-api-v1->@Inject::getStacks(Lnet/minecraft/world/item/CreativeModeTab$ItemDisplayParameters;Lorg/spongepowered/asm/mixin/injection/callback/CallbackInfo;)V doesn't use it's CallbackInfo
[04:29:30] [main/DEBUG] (FabricLoader/Mixin) fabric-item-group-api-v1.mixins.json:ItemGroupMixin from mod fabric-item-group-api-v1->@Inject::getStacks(Lnet/minecraft/world/item/CreativeModeTab$ItemDisplayParameters;Lorg/spongepowered/asm/mixin/injection/callback/CallbackInfo;)V has 0 override(s) in child classes
[04:29:30] [main/DEBUG] (FabricLoader/Mixin) fabric-item-group-api-v1.mixins.json:ItemGroupMixin from mod fabric-item-group-api-v1->@Inject::getStacks(Lnet/minecraft/world/item/CreativeModeTab$ItemDisplayParameters;Lorg/spongepowered/asm/mixin/injection/callback/CallbackInfo;)V won't be passed a CallbackInfo as a result
[04:29:30] [main/DEBUG] (FabricLoader/Mixin) Mixing FireBlockMixin from fabric-content-registries-v0.mixins.json into net.minecraft.world.level.block.FireBlock
[04:29:30] [main/DEBUG] (FabricLoader/Mixin) fabric-content-registries-v0.mixins.json:FireBlockMixin from mod fabric-content-registries-v0->@Inject::afterConstruct(Lnet/minecraft/world/level/block/state/BlockBehaviour$Properties;Lorg/spongepowered/asm/mixin/injection/callback/CallbackInfo;)V doesn't use it's CallbackInfo
[04:29:30] [main/DEBUG] (FabricLoader/Mixin) fabric-content-registries-v0.mixins.json:FireBlockMixin from mod fabric-content-registries-v0->@Inject::afterConstruct(Lnet/minecraft/world/level/block/state/BlockBehaviour$Properties;Lorg/spongepowered/asm/mixin/injection/callback/CallbackInfo;)V has 0 override(s) in child classes
[04:29:30] [main/DEBUG] (FabricLoader/Mixin) fabric-content-registries-v0.mixins.json:FireBlockMixin from mod fabric-content-registries-v0->@Inject::afterConstruct(Lnet/minecraft/world/level/block/state/BlockBehaviour$Properties;Lorg/spongepowered/asm/mixin/injection/callback/CallbackInfo;)V won't be passed a CallbackInfo as a result
[04:29:30] [main/DEBUG] (FabricLoader/Mixin) fabric-content-registries-v0.mixins.json:FireBlockMixin from mod fabric-content-registries-v0->@Inject::getFabricBurnChance(Lnet/minecraft/world/level/block/state/BlockState;Lorg/spongepowered/asm/mixin/injection/callback/CallbackInfoReturnable;)V does use it's CallbackInfoReturnable
[04:29:30] [main/DEBUG] (FabricLoader/Mixin) fabric-content-registries-v0.mixins.json:FireBlockMixin from mod fabric-content-registries-v0->@Inject::getFabricSpreadChance(Lnet/minecraft/world/level/block/state/BlockState;Lorg/spongepowered/asm/mixin/injection/callback/CallbackInfoReturnable;)V does use it's CallbackInfoReturnable
[04:29:30] [main/DEBUG] (FabricLoader/Mixin) Mixing BlockViewMixin from fabric-block-view-api-v2.mixins.json into net.minecraft.world.level.BlockGetter
[04:29:30] [main/DEBUG] (FabricLoader/Mixin) Mixing AttachmentTargetsMixin from fabric-data-attachment-api-v1.mixins.json into net.minecraft.world.level.Level
[04:29:30] [main/DEBUG] (FabricLoader/Mixin) Mixing WorldMixin from fabric-lifecycle-events-v1.mixins.json into net.minecraft.world.level.Level
[04:29:30] [main/DEBUG] (FabricLoader/Mixin) Mixing MixinLevel from architectury.mixins.json into net.minecraft.world.level.Level
[04:29:30] [main/DEBUG] (FabricLoader/Mixin) architectury.mixins.json:MixinLevel from mod architectury: Class version 61 required is higher than the class version supported by the current version of Mixin (JAVA_16 supports class version 60)
[04:29:30] [main/DEBUG] (FabricLoader/Mixin) architectury.mixins.json:MixinLevel from mod architectury->@Inject::explodePre(Lnet/minecraft/world/entity/Entity;Lnet/minecraft/world/damagesource/DamageSource;Lnet/minecraft/world/level/ExplosionDamageCalculator;DDDFZLnet/minecraft/world/level/Level$ExplosionInteraction;ZLnet/minecraft/core/particles/ParticleOptions;Lnet/minecraft/core/particles/ParticleOptions;Lnet/minecraft/sounds/SoundEvent;Lorg/spongepowered/asm/mixin/injection/callback/CallbackInfoReturnable;Lnet/minecraft/world/level/Explosion$BlockInteraction;Lnet/minecraft/world/level/Explosion;)V does use it's CallbackInfoReturnable
[04:29:30] [main/DEBUG] (FabricLoader/Mixin) Mixing WorldViewMixin from fabric-rendering-data-attachment-v1.mixins.json into net.minecraft.world.level.LevelReader
[04:29:30] [main/DEBUG] (FabricLoader/Mixin) Mixing ServerWorldMixin from fabric-data-attachment-api-v1.mixins.json into net.minecraft.server.level.ServerLevel
[04:29:30] [main/DEBUG] (FabricLoader/Mixin) Renaming synthetic method lambda$createAttachmentsPersistentState$1(Lnet/minecraft/server/level/ServerLevel;Lnet/minecraft/nbt/CompoundTag;)Lnet/fabricmc/fabric/impl/attachment/AttachmentPersistentState; to md2e53f5$fabric-data-attachment-api-v1$lambda$createAttachmentsPersistentState$1$0 in fabric-data-attachment-api-v1.mixins.json:ServerWorldMixin from mod fabric-data-attachment-api-v1
[04:29:30] [main/DEBUG] (FabricLoader/Mixin) Renaming synthetic method lambda$createAttachmentsPersistentState$0(Lnet/minecraft/server/level/ServerLevel;)Lnet/fabricmc/fabric/impl/attachment/AttachmentPersistentState; to md2e53f5$fabric-data-attachment-api-v1$lambda$createAttachmentsPersistentState$0$1 in fabric-data-attachment-api-v1.mixins.json:ServerWorldMixin from mod fabric-data-attachment-api-v1
[04:29:30] [main/DEBUG] (FabricLoader/Mixin) Mixing ServerWorldMixin from fabric-lifecycle-events-v1.mixins.json into net.minecraft.server.level.ServerLevel
[04:29:30] [main/DEBUG] (FabricLoader/Mixin) Mixing MixinServerLevel from architectury.mixins.json into net.minecraft.server.level.ServerLevel
[04:29:30] [main/DEBUG] (FabricLoader/Mixin) architectury.mixins.json:MixinServerLevel from mod architectury: Class version 61 required is higher than the class version supported by the current version of Mixin (JAVA_16 supports class version 60)
[04:29:30] [main/DEBUG] (FabricLoader/Mixin) Mixing ServerWorldMixin from fabric-api-lookup-api-v1.mixins.json into net.minecraft.server.level.ServerLevel
[04:29:30] [main/DEBUG] (FabricLoader/Mixin) Renaming synthetic method lambda$fabric_invalidateCache$5(Ljava/util/Map$Entry;)Z to md2e53f5$fabric-api-lookup-api-v1$lambda$fabric_invalidateCache$5$2 in fabric-api-lookup-api-v1.mixins.json:ServerWorldMixin from mod fabric-api-lookup-api-v1
[04:29:30] [main/DEBUG] (FabricLoader/Mixin) Renaming synthetic method lambda$fabric_invalidateCache$4(Ljava/lang/ref/WeakReference;)Z to md2e53f5$fabric-api-lookup-api-v1$lambda$fabric_invalidateCache$4$3 in fabric-api-lookup-api-v1.mixins.json:ServerWorldMixin from mod fabric-api-lookup-api-v1
[04:29:30] [main/DEBUG] (FabricLoader/Mixin) Renaming synthetic method lambda$fabric_invalidateCache$3(Ljava/lang/ref/WeakReference;)V to md2e53f5$fabric-api-lookup-api-v1$lambda$fabric_invalidateCache$3$4 in fabric-api-lookup-api-v1.mixins.json:ServerWorldMixin from mod fabric-api-lookup-api-v1
[04:29:30] [main/DEBUG] (FabricLoader/Mixin) Renaming synthetic method lambda$fabric_invalidateCache$2(Ljava/lang/ref/WeakReference;)Z to md2e53f5$fabric-api-lookup-api-v1$lambda$fabric_invalidateCache$2$5 in fabric-api-lookup-api-v1.mixins.json:ServerWorldMixin from mod fabric-api-lookup-api-v1
[04:29:30] [main/DEBUG] (FabricLoader/Mixin) Renaming synthetic method lambda$fabric_registerCache$1(Ljava/lang/ref/WeakReference;)Z to md2e53f5$fabric-api-lookup-api-v1$lambda$fabric_registerCache$1$6 in fabric-api-lookup-api-v1.mixins.json:ServerWorldMixin from mod fabric-api-lookup-api-v1
[04:29:30] [main/DEBUG] (FabricLoader/Mixin) Renaming synthetic method lambda$fabric_registerCache$0(Lnet/minecraft/core/BlockPos;)Ljava/util/List; to md2e53f5$fabric-api-lookup-api-v1$lambda$fabric_registerCache$0$7 in fabric-api-lookup-api-v1.mixins.json:ServerWorldMixin from mod fabric-api-lookup-api-v1
[04:29:30] [main/DEBUG] (FabricLoader/Mixin) Mixing ServerLevelMixin from depression.mixins.json into net.minecraft.server.level.ServerLevel
[04:29:30] [main/DEBUG] (FabricLoader/Mixin) fabric-data-attachment-api-v1.mixins.json:ServerWorldMixin from mod fabric-data-attachment-api-v1->@Inject::createAttachmentsPersistentState(Lorg/spongepowered/asm/mixin/injection/callback/CallbackInfo;)V doesn't use it's CallbackInfo
[04:29:30] [main/DEBUG] (FabricLoader/Mixin) fabric-data-attachment-api-v1.mixins.json:ServerWorldMixin from mod fabric-data-attachment-api-v1->@Inject::createAttachmentsPersistentState(Lorg/spongepowered/asm/mixin/injection/callback/CallbackInfo;)V has 0 override(s) in child classes
[04:29:30] [main/DEBUG] (FabricLoader/Mixin) fabric-data-attachment-api-v1.mixins.json:ServerWorldMixin from mod fabric-data-attachment-api-v1->@Inject::createAttachmentsPersistentState(Lorg/spongepowered/asm/mixin/injection/callback/CallbackInfo;)V won't be passed a CallbackInfo as a result
[04:29:30] [main/DEBUG] (FabricLoader/Mixin) fabric-lifecycle-events-v1.mixins.json:ServerWorldMixin from mod fabric-lifecycle-events-v1->@Inject::startWorldTick(Ljava/util/function/BooleanSupplier;Lorg/spongepowered/asm/mixin/injection/callback/CallbackInfo;)V doesn't use it's CallbackInfo
[04:29:30] [main/DEBUG] (FabricLoader/Mixin) fabric-lifecycle-events-v1.mixins.json:ServerWorldMixin from mod fabric-lifecycle-events-v1->@Inject::startWorldTick(Ljava/util/function/BooleanSupplier;Lorg/spongepowered/asm/mixin/injection/callback/CallbackInfo;)V has 0 override(s) in child classes
[04:29:30] [main/DEBUG] (FabricLoader/Mixin) fabric-lifecycle-events-v1.mixins.json:ServerWorldMixin from mod fabric-lifecycle-events-v1->@Inject::startWorldTick(Ljava/util/function/BooleanSupplier;Lorg/spongepowered/asm/mixin/injection/callback/CallbackInfo;)V won't be passed a CallbackInfo as a result
[04:29:30] [main/DEBUG] (FabricLoader/Mixin) fabric-lifecycle-events-v1.mixins.json:ServerWorldMixin from mod fabric-lifecycle-events-v1->@Inject::endWorldTick(Ljava/util/function/BooleanSupplier;Lorg/spongepowered/asm/mixin/injection/callback/CallbackInfo;)V doesn't use it's CallbackInfo
[04:29:30] [main/DEBUG] (FabricLoader/Mixin) fabric-lifecycle-events-v1.mixins.json:ServerWorldMixin from mod fabric-lifecycle-events-v1->@Inject::endWorldTick(Ljava/util/function/BooleanSupplier;Lorg/spongepowered/asm/mixin/injection/callback/CallbackInfo;)V has 0 override(s) in child classes
[04:29:30] [main/DEBUG] (FabricLoader/Mixin) fabric-lifecycle-events-v1.mixins.json:ServerWorldMixin from mod fabric-lifecycle-events-v1->@Inject::endWorldTick(Ljava/util/function/BooleanSupplier;Lorg/spongepowered/asm/mixin/injection/callback/CallbackInfo;)V won't be passed a CallbackInfo as a result
[04:29:30] [main/DEBUG] (FabricLoader/Mixin) architectury.mixins.json:MixinServerLevel from mod architectury->@Inject::save(Lnet/minecraft/util/ProgressListener;ZZLorg/spongepowered/asm/mixin/injection/callback/CallbackInfo;)V doesn't use it's CallbackInfo
[04:29:30] [main/DEBUG] (FabricLoader/Mixin) architectury.mixins.json:MixinServerLevel from mod architectury->@Inject::save(Lnet/minecraft/util/ProgressListener;ZZLorg/spongepowered/asm/mixin/injection/callback/CallbackInfo;)V has 0 override(s) in child classes
[04:29:30] [main/DEBUG] (FabricLoader/Mixin) architectury.mixins.json:MixinServerLevel from mod architectury->@Inject::save(Lnet/minecraft/util/ProgressListener;ZZLorg/spongepowered/asm/mixin/injection/callback/CallbackInfo;)V won't be passed a CallbackInfo as a result
[04:29:30] [main/DEBUG] (FabricLoader/Mixin) architectury.mixins.json:MixinServerLevel from mod architectury->@Inject::addEntity(Lnet/minecraft/world/entity/Entity;Lorg/spongepowered/asm/mixin/injection/callback/CallbackInfoReturnable;)V doesn't use it's CallbackInfoReturnable
[04:29:30] [main/DEBUG] (FabricLoader/Mixin) architectury.mixins.json:MixinServerLevel from mod architectury->@Inject::addEntity(Lnet/minecraft/world/entity/Entity;Lorg/spongepowered/asm/mixin/injection/callback/CallbackInfoReturnable;)V has 0 override(s) in child classes
[04:29:30] [main/DEBUG] (FabricLoader/Mixin) architectury.mixins.json:MixinServerLevel from mod architectury->@Inject::addEntity(Lnet/minecraft/world/entity/Entity;Lorg/spongepowered/asm/mixin/injection/callback/CallbackInfoReturnable;)V won't be passed a CallbackInfoReturnable as a result
[04:29:30] [main/DEBUG] (FabricLoader/Mixin) depression.mixins.json:ServerLevelMixin from mod depression->@Inject::addNewPlayer(Lnet/minecraft/server/level/ServerPlayer;Lorg/spongepowered/asm/mixin/injection/callback/CallbackInfo;)V does use it's CallbackInfo
[04:29:30] [main/DEBUG] (FabricLoader/Mixin) depression.mixins.json:ServerLevelMixin from mod depression->@Inject::playSeededSound(Lnet/minecraft/world/entity/player/Player;DDDLnet/minecraft/core/Holder;Lnet/minecraft/sounds/SoundSource;FFJLorg/spongepowered/asm/mixin/injection/callback/CallbackInfo;)V doesn't use it's CallbackInfo
[04:29:30] [main/DEBUG] (FabricLoader/Mixin) depression.mixins.json:ServerLevelMixin from mod depression->@Inject::playSeededSound(Lnet/minecraft/world/entity/player/Player;DDDLnet/minecraft/core/Holder;Lnet/minecraft/sounds/SoundSource;FFJLorg/spongepowered/asm/mixin/injection/callback/CallbackInfo;)V has 0 override(s) in child classes
[04:29:30] [main/DEBUG] (FabricLoader/Mixin) depression.mixins.json:ServerLevelMixin from mod depression->@Inject::playSeededSound(Lnet/minecraft/world/entity/player/Player;DDDLnet/minecraft/core/Holder;Lnet/minecraft/sounds/SoundSource;FFJLorg/spongepowered/asm/mixin/injection/callback/CallbackInfo;)V won't be passed a CallbackInfo as a result
[04:29:30] [main/DEBUG] (FabricLoader/Mixin) depression.mixins.json:ServerLevelMixin from mod depression->@Inject::playSeededSound(Lnet/minecraft/world/entity/player/Player;Lnet/minecraft/world/entity/Entity;Lnet/minecraft/core/Holder;Lnet/minecraft/sounds/SoundSource;FFJLorg/spongepowered/asm/mixin/injection/callback/CallbackInfo;)V doesn't use it's CallbackInfo
[04:29:30] [main/DEBUG] (FabricLoader/Mixin) depression.mixins.json:ServerLevelMixin from mod depression->@Inject::playSeededSound(Lnet/minecraft/world/entity/player/Player;Lnet/minecraft/world/entity/Entity;Lnet/minecraft/core/Holder;Lnet/minecraft/sounds/SoundSource;FFJLorg/spongepowered/asm/mixin/injection/callback/CallbackInfo;)V has 0 override(s) in child classes
[04:29:30] [main/DEBUG] (FabricLoader/Mixin) depression.mixins.json:ServerLevelMixin from mod depression->@Inject::playSeededSound(Lnet/minecraft/world/entity/player/Player;Lnet/minecraft/world/entity/Entity;Lnet/minecraft/core/Holder;Lnet/minecraft/sounds/SoundSource;FFJLorg/spongepowered/asm/mixin/injection/callback/CallbackInfo;)V won't be passed a CallbackInfo as a result
[04:29:30] [main/DEBUG] (FabricLoader/Mixin) Mixing AttachmentTargetsMixin from fabric-data-attachment-api-v1.mixins.json into net.minecraft.world.entity.Entity
[04:29:30] [main/DEBUG] (FabricLoader/Mixin) Mixing EntityMixin from fabric-data-attachment-api-v1.mixins.json into net.minecraft.world.entity.Entity
[04:29:30] [main/DEBUG] (FabricLoader/Mixin) Mixing EntityMixin from fabric-entity-events-v1.mixins.json into net.minecraft.world.entity.Entity
[04:29:30] [main/DEBUG] (FabricLoader/Mixin) Mixing EntityMixin from fabric-dimensions-v1.mixins.json into net.minecraft.world.entity.Entity
[04:29:30] [main/DEBUG] (FabricLoader/Mixin) Mixing MixinEntity from architectury.mixins.json into net.minecraft.world.entity.Entity
[04:29:30] [main/DEBUG] (FabricLoader/Mixin) architectury.mixins.json:MixinEntity from mod architectury: Class version 61 required is higher than the class version supported by the current version of Mixin (JAVA_16 supports class version 60)
[04:29:30] [main/DEBUG] (FabricLoader/Mixin) Mixing EntityMixin from depression.mixins.json into net.minecraft.world.entity.Entity
[04:29:30] [main/DEBUG] (FabricLoader/Mixin) fabric-data-attachment-api-v1.mixins.json:EntityMixin from mod fabric-data-attachment-api-v1->@Inject::readEntityAttachments(Lnet/minecraft/nbt/CompoundTag;Lorg/spongepowered/asm/mixin/injection/callback/CallbackInfo;)V doesn't use it's CallbackInfo
[04:29:30] [main/DEBUG] (FabricLoader/Mixin) fabric-data-attachment-api-v1.mixins.json:EntityMixin from mod fabric-data-attachment-api-v1->@Inject::readEntityAttachments(Lnet/minecraft/nbt/CompoundTag;Lorg/spongepowered/asm/mixin/injection/callback/CallbackInfo;)V has 0 override(s) in child classes
[04:29:30] [main/DEBUG] (FabricLoader/Mixin) fabric-data-attachment-api-v1.mixins.json:EntityMixin from mod fabric-data-attachment-api-v1->@Inject::readEntityAttachments(Lnet/minecraft/nbt/CompoundTag;Lorg/spongepowered/asm/mixin/injection/callback/CallbackInfo;)V won't be passed a CallbackInfo as a result
[04:29:30] [main/DEBUG] (FabricLoader/Mixin) fabric-data-attachment-api-v1.mixins.json:EntityMixin from mod fabric-data-attachment-api-v1->@Inject::writeEntityAttachments(Lnet/minecraft/nbt/CompoundTag;Lorg/spongepowered/asm/mixin/injection/callback/CallbackInfoReturnable;)V doesn't use it's CallbackInfoReturnable
[04:29:30] [main/DEBUG] (FabricLoader/Mixin) fabric-data-attachment-api-v1.mixins.json:EntityMixin from mod fabric-data-attachment-api-v1->@Inject::writeEntityAttachments(Lnet/minecraft/nbt/CompoundTag;Lorg/spongepowered/asm/mixin/injection/callback/CallbackInfoReturnable;)V has 0 override(s) in child classes
[04:29:30] [main/DEBUG] (FabricLoader/Mixin) fabric-data-attachment-api-v1.mixins.json:EntityMixin from mod fabric-data-attachment-api-v1->@Inject::writeEntityAttachments(Lnet/minecraft/nbt/CompoundTag;Lorg/spongepowered/asm/mixin/injection/callback/CallbackInfoReturnable;)V won't be passed a CallbackInfoReturnable as a result
[04:29:30] [main/DEBUG] (FabricLoader/Mixin) fabric-entity-events-v1.mixins.json:EntityMixin from mod fabric-entity-events-v1->@Inject::afterWorldChanged(Lnet/minecraft/server/level/ServerLevel;Lorg/spongepowered/asm/mixin/injection/callback/CallbackInfoReturnable;)V does use it's CallbackInfoReturnable
[04:29:30] [main/DEBUG] (FabricLoader/Mixin) fabric-entity-events-v1.mixins.json:EntityMixin from mod fabric-entity-events-v1->@Inject::afterWorldChanged(Lnet/minecraft/server/level/ServerLevel;Lorg/spongepowered/asm/mixin/injection/callback/CallbackInfoReturnable;)V does use it's CallbackInfoReturnable
[04:29:30] [main/DEBUG] (FabricLoader/Mixin) fabric-entity-events-v1.mixins.json:EntityMixin from mod fabric-entity-events-v1->@Inject::afterWorldChanged(Lnet/minecraft/server/level/ServerLevel;Lorg/spongepowered/asm/mixin/injection/callback/CallbackInfoReturnable;)V does use it's CallbackInfoReturnable
[04:29:30] [main/DEBUG] (FabricLoader/Mixin) fabric-entity-events-v1.mixins.json:EntityMixin from mod fabric-entity-events-v1->@Inject::afterEntityTeleportedToWorld(Lnet/minecraft/server/level/ServerLevel;DDDLjava/util/Set;FFLorg/spongepowered/asm/mixin/injection/callback/CallbackInfoReturnable;FLnet/minecraft/world/entity/Entity;)V doesn't use it's CallbackInfoReturnable
[04:29:30] [main/DEBUG] (FabricLoader/Mixin) fabric-entity-events-v1.mixins.json:EntityMixin from mod fabric-entity-events-v1->@Inject::afterEntityTeleportedToWorld(Lnet/minecraft/server/level/ServerLevel;DDDLjava/util/Set;FFLorg/spongepowered/asm/mixin/injection/callback/CallbackInfoReturnable;FLnet/minecraft/world/entity/Entity;)V has 0 override(s) in child classes
[04:29:30] [main/DEBUG] (FabricLoader/Mixin) fabric-entity-events-v1.mixins.json:EntityMixin from mod fabric-entity-events-v1->@Inject::afterEntityTeleportedToWorld(Lnet/minecraft/server/level/ServerLevel;DDDLjava/util/Set;FFLorg/spongepowered/asm/mixin/injection/callback/CallbackInfoReturnable;FLnet/minecraft/world/entity/Entity;)V won't be passed a CallbackInfoReturnable as a result
[04:29:30] [main/DEBUG] (FabricLoader/Mixin) fabric-dimensions-v1.mixins.json:EntityMixin from mod fabric-dimensions-v1->@Inject::getTeleportTarget(Lnet/minecraft/server/level/ServerLevel;Lorg/spongepowered/asm/mixin/injection/callback/CallbackInfoReturnable;)V does use it's CallbackInfoReturnable
[04:29:30] [main/DEBUG] (FabricLoader/Mixin) depression.mixins.json:EntityMixin from mod depression->@Inject::playStepSound(Lorg/spongepowered/asm/mixin/injection/callback/CallbackInfo;)V doesn't use it's CallbackInfo
[04:29:30] [main/DEBUG] (FabricLoader/Mixin) depression.mixins.json:EntityMixin from mod depression->@Inject::playStepSound(Lorg/spongepowered/asm/mixin/injection/callback/CallbackInfo;)V has 0 override(s) in child classes
[04:29:30] [main/DEBUG] (FabricLoader/Mixin) depression.mixins.json:EntityMixin from mod depression->@Inject::playStepSound(Lorg/spongepowered/asm/mixin/injection/callback/CallbackInfo;)V won't be passed a CallbackInfo as a result
[04:29:30] [main/DEBUG] (FabricLoader/Mixin) depression.mixins.json:EntityMixin from mod depression->@Inject::playSound(Lorg/spongepowered/asm/mixin/injection/callback/CallbackInfo;)V doesn't use it's CallbackInfo
[04:29:30] [main/DEBUG] (FabricLoader/Mixin) depression.mixins.json:EntityMixin from mod depression->@Inject::playSound(Lorg/spongepowered/asm/mixin/injection/callback/CallbackInfo;)V has 0 override(s) in child classes
[04:29:30] [main/DEBUG] (FabricLoader/Mixin) depression.mixins.json:EntityMixin from mod depression->@Inject::playSound(Lorg/spongepowered/asm/mixin/injection/callback/CallbackInfo;)V won't be passed a CallbackInfo as a result
[04:29:30] [main/DEBUG] (FabricLoader/Mixin) Mixing MixinItemEntity from architectury.mixins.json into net.minecraft.world.entity.item.ItemEntity
[04:29:30] [main/DEBUG] (FabricLoader/Mixin) architectury.mixins.json:MixinItemEntity from mod architectury: Class version 61 required is higher than the class version supported by the current version of Mixin (JAVA_16 supports class version 60)
[04:29:30] [main/DEBUG] (FabricLoader/Mixin) architectury.mixins.json:MixinItemEntity from mod architectury->@Inject::prePickup(Lnet/minecraft/world/entity/player/Player;Lorg/spongepowered/asm/mixin/injection/callback/CallbackInfo;)V does use it's CallbackInfo
[04:29:30] [main/DEBUG] (FabricLoader/Mixin) architectury.mixins.json:MixinItemEntity from mod architectury->@Inject::pickup(Lnet/minecraft/world/entity/player/Player;Lorg/spongepowered/asm/mixin/injection/callback/CallbackInfo;)V doesn't use it's CallbackInfo
[04:29:30] [main/DEBUG] (FabricLoader/Mixin) architectury.mixins.json:MixinItemEntity from mod architectury->@Inject::pickup(Lnet/minecraft/world/entity/player/Player;Lorg/spongepowered/asm/mixin/injection/callback/CallbackInfo;)V has 0 override(s) in child classes
[04:29:30] [main/DEBUG] (FabricLoader/Mixin) architectury.mixins.json:MixinItemEntity from mod architectury->@Inject::pickup(Lnet/minecraft/world/entity/player/Player;Lorg/spongepowered/asm/mixin/injection/callback/CallbackInfo;)V won't be passed a CallbackInfo as a result
[04:29:30] [main/DEBUG] (FabricLoader/Mixin) Mixing PlayerEntityMixin from fabric-entity-events-v1.mixins.json into net.minecraft.world.entity.player.Player
[04:29:30] [main/DEBUG] (FabricLoader/Mixin) Mixing elytra.PlayerEntityMixin from fabric-entity-events-v1.mixins.json into net.minecraft.world.entity.player.Player
[04:29:30] [main/DEBUG] (FabricLoader/Mixin) Mixing LivingDeathInvoker from architectury.mixins.json into net.minecraft.world.entity.player.Player
[04:29:30] [main/DEBUG] (FabricLoader/Mixin) architectury.mixins.json:LivingDeathInvoker from mod architectury: Class version 61 required is higher than the class version supported by the current version of Mixin (JAVA_16 supports class version 60)
[04:29:30] [main/DEBUG] (FabricLoader/Mixin) Mixing MixinPlayer from architectury.mixins.json into net.minecraft.world.entity.player.Player
[04:29:30] [main/DEBUG] (FabricLoader/Mixin) architectury.mixins.json:MixinPlayer from mod architectury: Class version 61 required is higher than the class version supported by the current version of Mixin (JAVA_16 supports class version 60)
[04:29:30] [main/DEBUG] (FabricLoader/Mixin) Mixing PlayerAttackInvoker from architectury.mixins.json into net.minecraft.world.entity.player.Player
[04:29:30] [main/DEBUG] (FabricLoader/Mixin) architectury.mixins.json:PlayerAttackInvoker from mod architectury: Class version 61 required is higher than the class version supported by the current version of Mixin (JAVA_16 supports class version 60)
[04:29:30] [main/DEBUG] (FabricLoader/Mixin) Mixing PlayerMixin from depression.mixins.json into net.minecraft.world.entity.player.Player
[04:29:30] [main/DEBUG] (FabricLoader/Mixin) fabric-entity-events-v1.mixins.json:PlayerEntityMixin from mod fabric-entity-events-v1->@Inject::onTrySleep(Lnet/minecraft/core/BlockPos;Lorg/spongepowered/asm/mixin/injection/callback/CallbackInfoReturnable;)V does use it's CallbackInfoReturnable
[04:29:30] [main/DEBUG] (FabricLoader/Mixin) fabric-entity-events-v1.mixins.json:PlayerEntityMixin from mod fabric-entity-events-v1->@Inject::onIsSleepingLongEnough(Lorg/spongepowered/asm/mixin/injection/callback/CallbackInfoReturnable;)V does use it's CallbackInfoReturnable
[04:29:30] [main/DEBUG] (FabricLoader/Mixin) fabric-entity-events-v1.mixins.json:elytra.PlayerEntityMixin from mod fabric-entity-events-v1->@Inject::injectElytraCheck(Lorg/spongepowered/asm/mixin/injection/callback/CallbackInfoReturnable;)V does use it's CallbackInfoReturnable
[04:29:30] [main/DEBUG] (FabricLoader/Mixin) architectury.mixins.json:LivingDeathInvoker from mod architectury->@Inject::die(Lnet/minecraft/world/damagesource/DamageSource;Lorg/spongepowered/asm/mixin/injection/callback/CallbackInfo;)V does use it's CallbackInfo
[04:29:30] [main/DEBUG] (FabricLoader/Mixin) architectury.mixins.json:MixinPlayer from mod architectury->@Inject::preTick(Lorg/spongepowered/asm/mixin/injection/callback/CallbackInfo;)V doesn't use it's CallbackInfo
[04:29:30] [main/DEBUG] (FabricLoader/Mixin) architectury.mixins.json:MixinPlayer from mod architectury->@Inject::preTick(Lorg/spongepowered/asm/mixin/injection/callback/CallbackInfo;)V has 0 override(s) in child classes
[04:29:30] [main/DEBUG] (FabricLoader/Mixin) architectury.mixins.json:MixinPlayer from mod architectury->@Inject::preTick(Lorg/spongepowered/asm/mixin/injection/callback/CallbackInfo;)V won't be passed a CallbackInfo as a result
[04:29:30] [main/DEBUG] (FabricLoader/Mixin) architectury.mixins.json:MixinPlayer from mod architectury->@Inject::postTick(Lorg/spongepowered/asm/mixin/injection/callback/CallbackInfo;)V doesn't use it's CallbackInfo
[04:29:30] [main/DEBUG] (FabricLoader/Mixin) architectury.mixins.json:MixinPlayer from mod architectury->@Inject::postTick(Lorg/spongepowered/asm/mixin/injection/callback/CallbackInfo;)V has 0 override(s) in child classes
[04:29:30] [main/DEBUG] (FabricLoader/Mixin) architectury.mixins.json:MixinPlayer from mod architectury->@Inject::postTick(Lorg/spongepowered/asm/mixin/injection/callback/CallbackInfo;)V won't be passed a CallbackInfo as a result
[04:29:30] [main/DEBUG] (FabricLoader/Mixin) architectury.mixins.json:MixinPlayer from mod architectury->@Inject::drop(Lnet/minecraft/world/item/ItemStack;ZZLorg/spongepowered/asm/mixin/injection/callback/CallbackInfoReturnable;)V does use it's CallbackInfoReturnable
[04:29:30] [main/DEBUG] (FabricLoader/Mixin) architectury.mixins.json:MixinPlayer from mod architectury->@Inject::drop(Lnet/minecraft/world/item/ItemStack;ZZLorg/spongepowered/asm/mixin/injection/callback/CallbackInfoReturnable;)V does use it's CallbackInfoReturnable
[04:29:30] [main/DEBUG] (FabricLoader/Mixin) architectury.mixins.json:MixinPlayer from mod architectury->@Inject::entityInteract(Lnet/minecraft/world/entity/Entity;Lnet/minecraft/world/InteractionHand;Lorg/spongepowered/asm/mixin/injection/callback/CallbackInfoReturnable;)V does use it's CallbackInfoReturnable
[04:29:30] [main/DEBUG] (FabricLoader/Mixin) architectury.mixins.json:PlayerAttackInvoker from mod architectury->@Inject::hurt(Lnet/minecraft/world/damagesource/DamageSource;FLorg/spongepowered/asm/mixin/injection/callback/CallbackInfoReturnable;)V does use it's CallbackInfoReturnable
[04:29:30] [main/DEBUG] (FabricLoader/Mixin) depression.mixins.json:PlayerMixin from mod depression->@Inject::tick(Lorg/spongepowered/asm/mixin/injection/callback/CallbackInfo;)V doesn't use it's CallbackInfo
[04:29:30] [main/DEBUG] (FabricLoader/Mixin) depression.mixins.json:PlayerMixin from mod depression->@Inject::tick(Lorg/spongepowered/asm/mixin/injection/callback/CallbackInfo;)V has 0 override(s) in child classes
[04:29:30] [main/DEBUG] (FabricLoader/Mixin) depression.mixins.json:PlayerMixin from mod depression->@Inject::tick(Lorg/spongepowered/asm/mixin/injection/callback/CallbackInfo;)V won't be passed a CallbackInfo as a result
[04:29:30] [main/DEBUG] (FabricLoader/Mixin) depression.mixins.json:PlayerMixin from mod depression->@Inject::stopSleepInBed(ZZLorg/spongepowered/asm/mixin/injection/callback/CallbackInfo;)V doesn't use it's CallbackInfo
[04:29:30] [main/DEBUG] (FabricLoader/Mixin) depression.mixins.json:PlayerMixin from mod depression->@Inject::stopSleepInBed(ZZLorg/spongepowered/asm/mixin/injection/callback/CallbackInfo;)V has 0 override(s) in child classes
[04:29:30] [main/DEBUG] (FabricLoader/Mixin) depression.mixins.json:PlayerMixin from mod depression->@Inject::stopSleepInBed(ZZLorg/spongepowered/asm/mixin/injection/callback/CallbackInfo;)V won't be passed a CallbackInfo as a result
[04:29:30] [main/DEBUG] (FabricLoader/Mixin) depression.mixins.json:PlayerMixin from mod depression->@Inject::eat(Lnet/minecraft/world/level/Level;Lnet/minecraft/world/item/ItemStack;Lorg/spongepowered/asm/mixin/injection/callback/CallbackInfoReturnable;)V doesn't use it's CallbackInfoReturnable
[04:29:30] [main/DEBUG] (FabricLoader/Mixin) depression.mixins.json:PlayerMixin from mod depression->@Inject::eat(Lnet/minecraft/world/level/Level;Lnet/minecraft/world/item/ItemStack;Lorg/spongepowered/asm/mixin/injection/callback/CallbackInfoReturnable;)V has 0 override(s) in child classes
[04:29:30] [main/DEBUG] (FabricLoader/Mixin) depression.mixins.json:PlayerMixin from mod depression->@Inject::eat(Lnet/minecraft/world/level/Level;Lnet/minecraft/world/item/ItemStack;Lorg/spongepowered/asm/mixin/injection/callback/CallbackInfoReturnable;)V won't be passed a CallbackInfoReturnable as a result
[04:29:30] [main/DEBUG] (FabricLoader/Mixin) depression.mixins.json:PlayerMixin from mod depression->@Inject::actuallyHurt(Lnet/minecraft/world/damagesource/DamageSource;FLorg/spongepowered/asm/mixin/injection/callback/CallbackInfo;)V doesn't use it's CallbackInfo
[04:29:30] [main/DEBUG] (FabricLoader/Mixin) depression.mixins.json:PlayerMixin from mod depression->@Inject::actuallyHurt(Lnet/minecraft/world/damagesource/DamageSource;FLorg/spongepowered/asm/mixin/injection/callback/CallbackInfo;)V has 0 override(s) in child classes
[04:29:30] [main/DEBUG] (FabricLoader/Mixin) depression.mixins.json:PlayerMixin from mod depression->@Inject::actuallyHurt(Lnet/minecraft/world/damagesource/DamageSource;FLorg/spongepowered/asm/mixin/injection/callback/CallbackInfo;)V won't be passed a CallbackInfo as a result
[04:29:30] [main/DEBUG] (FabricLoader/Mixin) depression.mixins.json:PlayerMixin from mod depression->@Inject::readAdditionalSaveData(Lnet/minecraft/nbt/CompoundTag;Lorg/spongepowered/asm/mixin/injection/callback/CallbackInfo;)V doesn't use it's CallbackInfo
[04:29:30] [main/DEBUG] (FabricLoader/Mixin) depression.mixins.json:PlayerMixin from mod depression->@Inject::readAdditionalSaveData(Lnet/minecraft/nbt/CompoundTag;Lorg/spongepowered/asm/mixin/injection/callback/CallbackInfo;)V has 0 override(s) in child classes
[04:29:30] [main/DEBUG] (FabricLoader/Mixin) depression.mixins.json:PlayerMixin from mod depression->@Inject::readAdditionalSaveData(Lnet/minecraft/nbt/CompoundTag;Lorg/spongepowered/asm/mixin/injection/callback/CallbackInfo;)V won't be passed a CallbackInfo as a result
[04:29:30] [main/DEBUG] (FabricLoader/Mixin) depression.mixins.json:PlayerMixin from mod depression->@Inject::addAdditionalSaveData(Lnet/minecraft/nbt/CompoundTag;Lorg/spongepowered/asm/mixin/injection/callback/CallbackInfo;)V doesn't use it's CallbackInfo
[04:29:30] [main/DEBUG] (FabricLoader/Mixin) depression.mixins.json:PlayerMixin from mod depression->@Inject::addAdditionalSaveData(Lnet/minecraft/nbt/CompoundTag;Lorg/spongepowered/asm/mixin/injection/callback/CallbackInfo;)V has 0 override(s) in child classes
[04:29:30] [main/DEBUG] (FabricLoader/Mixin) depression.mixins.json:PlayerMixin from mod depression->@Inject::addAdditionalSaveData(Lnet/minecraft/nbt/CompoundTag;Lorg/spongepowered/asm/mixin/injection/callback/CallbackInfo;)V won't be passed a CallbackInfo as a result
[04:29:30] [main/DEBUG] (FabricLoader/Mixin) Mixing LivingEntityMixin from fabric-item-api-v1.mixins.json into net.minecraft.world.entity.LivingEntity
[04:29:30] [main/DEBUG] (FabricLoader/Mixin) Mixing LivingEntityMixin from fabric-entity-events-v1.mixins.json into net.minecraft.world.entity.LivingEntity
[04:29:30] [main/DEBUG] (FabricLoader/Mixin) Mixing elytra.LivingEntityMixin from fabric-entity-events-v1.mixins.json into net.minecraft.world.entity.LivingEntity
[04:29:30] [main/DEBUG] (FabricLoader/Mixin) Mixing LivingEntityMixin from fabric-lifecycle-events-v1.mixins.json into net.minecraft.world.entity.LivingEntity
[04:29:30] [main/DEBUG] (FabricLoader/Mixin) Mixing LivingDeathInvoker from architectury.mixins.json into net.minecraft.world.entity.LivingEntity
[04:29:30] [main/DEBUG] (FabricLoader/Mixin) architectury.mixins.json:LivingDeathInvoker from mod architectury: Class version 61 required is higher than the class version supported by the current version of Mixin (JAVA_16 supports class version 60)
[04:29:30] [main/DEBUG] (FabricLoader/Mixin) Mixing MixinLivingEntity from architectury.mixins.json into net.minecraft.world.entity.LivingEntity
[04:29:30] [main/DEBUG] (FabricLoader/Mixin) architectury.mixins.json:MixinLivingEntity from mod architectury: Class version 61 required is higher than the class version supported by the current version of Mixin (JAVA_16 supports class version 60)
[04:29:30] [main/DEBUG] (FabricLoader/Mixin) Mixing symptom.LivingEntityMixin from depression.mixins.json into net.minecraft.world.entity.LivingEntity
[04:29:30] [main/DEBUG] (FabricLoader/Mixin) fabric-item-api-v1.mixins.json:LivingEntityMixin from mod fabric-item-api-v1->@Inject::onGetPreferredEquipmentSlot(Lnet/minecraft/world/item/ItemStack;Lorg/spongepowered/asm/mixin/injection/callback/CallbackInfoReturnable;)V does use it's CallbackInfoReturnable
[04:29:30] [main/DEBUG] (FabricLoader/Mixin) fabric-entity-events-v1.mixins.json:LivingEntityMixin from mod fabric-entity-events-v1->@Inject::notifyDeath(Lnet/minecraft/world/damagesource/DamageSource;Lorg/spongepowered/asm/mixin/injection/callback/CallbackInfo;)V doesn't use it's CallbackInfo
[04:29:30] [main/DEBUG] (FabricLoader/Mixin) fabric-entity-events-v1.mixins.json:LivingEntityMixin from mod fabric-entity-events-v1->@Inject::notifyDeath(Lnet/minecraft/world/damagesource/DamageSource;Lorg/spongepowered/asm/mixin/injection/callback/CallbackInfo;)V has 0 override(s) in child classes
[04:29:30] [main/DEBUG] (FabricLoader/Mixin) fabric-entity-events-v1.mixins.json:LivingEntityMixin from mod fabric-entity-events-v1->@Inject::notifyDeath(Lnet/minecraft/world/damagesource/DamageSource;Lorg/spongepowered/asm/mixin/injection/callback/CallbackInfo;)V won't be passed a CallbackInfo as a result
[04:29:30] [main/DEBUG] (FabricLoader/Mixin) fabric-entity-events-v1.mixins.json:LivingEntityMixin from mod fabric-entity-events-v1->@Inject::beforeDamage(Lnet/minecraft/world/damagesource/DamageSource;FLorg/spongepowered/asm/mixin/injection/callback/CallbackInfoReturnable;)V does use it's CallbackInfoReturnable
[04:29:30] [main/DEBUG] (FabricLoader/Mixin) fabric-entity-events-v1.mixins.json:LivingEntityMixin from mod fabric-entity-events-v1->@Inject::onSleep(Lnet/minecraft/core/BlockPos;Lorg/spongepowered/asm/mixin/injection/callback/CallbackInfo;)V doesn't use it's CallbackInfo
[04:29:30] [main/DEBUG] (FabricLoader/Mixin) fabric-entity-events-v1.mixins.json:LivingEntityMixin from mod fabric-entity-events-v1->@Inject::onSleep(Lnet/minecraft/core/BlockPos;Lorg/spongepowered/asm/mixin/injection/callback/CallbackInfo;)V has 0 override(s) in child classes
[04:29:30] [main/DEBUG] (FabricLoader/Mixin) fabric-entity-events-v1.mixins.json:LivingEntityMixin from mod fabric-entity-events-v1->@Inject::onSleep(Lnet/minecraft/core/BlockPos;Lorg/spongepowered/asm/mixin/injection/callback/CallbackInfo;)V won't be passed a CallbackInfo as a result
[04:29:30] [main/DEBUG] (FabricLoader/Mixin) fabric-entity-events-v1.mixins.json:LivingEntityMixin from mod fabric-entity-events-v1->@Inject::onWakeUp(Lorg/spongepowered/asm/mixin/injection/callback/CallbackInfo;)V doesn't use it's CallbackInfo
[04:29:30] [main/DEBUG] (FabricLoader/Mixin) fabric-entity-events-v1.mixins.json:LivingEntityMixin from mod fabric-entity-events-v1->@Inject::onWakeUp(Lorg/spongepowered/asm/mixin/injection/callback/CallbackInfo;)V has 0 override(s) in child classes
[04:29:30] [main/DEBUG] (FabricLoader/Mixin) fabric-entity-events-v1.mixins.json:LivingEntityMixin from mod fabric-entity-events-v1->@Inject::onWakeUp(Lorg/spongepowered/asm/mixin/injection/callback/CallbackInfo;)V won't be passed a CallbackInfo as a result
[04:29:30] [main/DEBUG] (FabricLoader/Mixin) fabric-entity-events-v1.mixins.json:LivingEntityMixin from mod fabric-entity-events-v1->@Inject::onIsSleepingInBed(Lnet/minecraft/core/BlockPos;Lorg/spongepowered/asm/mixin/injection/callback/CallbackInfoReturnable;)V does use it's CallbackInfoReturnable
[04:29:30] [main/DEBUG] (FabricLoader/Mixin) fabric-entity-events-v1.mixins.json:elytra.LivingEntityMixin from mod fabric-entity-events-v1->@Inject::injectElytraTick(Lorg/spongepowered/asm/mixin/injection/callback/CallbackInfo;)V does use it's CallbackInfo
[04:29:30] [main/DEBUG] (FabricLoader/Mixin) fabric-lifecycle-events-v1.mixins.json:LivingEntityMixin from mod fabric-lifecycle-events-v1->@Inject::getEquipmentChanges(Lorg/spongepowered/asm/mixin/injection/callback/CallbackInfoReturnable;Ljava/util/Map;[Lnet/minecraft/world/entity/EquipmentSlot;IILnet/minecraft/world/entity/EquipmentSlot;Lnet/minecraft/world/item/ItemStack;Lnet/minecraft/world/item/ItemStack;)V doesn't use it's CallbackInfoReturnable
[04:29:30] [main/DEBUG] (FabricLoader/Mixin) fabric-lifecycle-events-v1.mixins.json:LivingEntityMixin from mod fabric-lifecycle-events-v1->@Inject::getEquipmentChanges(Lorg/spongepowered/asm/mixin/injection/callback/CallbackInfoReturnable;Ljava/util/Map;[Lnet/minecraft/world/entity/EquipmentSlot;IILnet/minecraft/world/entity/EquipmentSlot;Lnet/minecraft/world/item/ItemStack;Lnet/minecraft/world/item/ItemStack;)V has 0 override(s) in child classes
[04:29:30] [main/DEBUG] (FabricLoader/Mixin) fabric-lifecycle-events-v1.mixins.json:LivingEntityMixin from mod fabric-lifecycle-events-v1->@Inject::getEquipmentChanges(Lorg/spongepowered/asm/mixin/injection/callback/CallbackInfoReturnable;Ljava/util/Map;[Lnet/minecraft/world/entity/EquipmentSlot;IILnet/minecraft/world/entity/EquipmentSlot;Lnet/minecraft/world/item/ItemStack;Lnet/minecraft/world/item/ItemStack;)V won't be passed a CallbackInfoReturnable as a result
[04:29:30] [main/DEBUG] (FabricLoader/Mixin) architectury.mixins.json:LivingDeathInvoker from mod architectury->@Inject::die(Lnet/minecraft/world/damagesource/DamageSource;Lorg/spongepowered/asm/mixin/injection/callback/CallbackInfo;)V does use it's CallbackInfo
[04:29:30] [main/DEBUG] (FabricLoader/Mixin) architectury.mixins.json:MixinLivingEntity from mod architectury->@Inject::hurt(Lnet/minecraft/world/damagesource/DamageSource;FLorg/spongepowered/asm/mixin/injection/callback/CallbackInfoReturnable;)V does use it's CallbackInfoReturnable
[04:29:30] [main/DEBUG] (FabricLoader/Mixin) architectury.mixins.json:MixinLivingEntity from mod architectury->@Inject::getEquipmentSlotForItem(Lnet/minecraft/world/item/ItemStack;Lorg/spongepowered/asm/mixin/injection/callback/CallbackInfoReturnable;)V does use it's CallbackInfoReturnable
[04:29:30] [main/DEBUG] (FabricLoader/Mixin) depression.mixins.json:symptom.LivingEntityMixin from mod depression->@Inject::startUsingItem(Lnet/minecraft/world/InteractionHand;Lorg/spongepowered/asm/mixin/injection/callback/CallbackInfo;)V doesn't use it's CallbackInfo
[04:29:30] [main/DEBUG] (FabricLoader/Mixin) depression.mixins.json:symptom.LivingEntityMixin from mod depression->@Inject::startUsingItem(Lnet/minecraft/world/InteractionHand;Lorg/spongepowered/asm/mixin/injection/callback/CallbackInfo;)V has 0 override(s) in child classes
[04:29:30] [main/DEBUG] (FabricLoader/Mixin) depression.mixins.json:symptom.LivingEntityMixin from mod depression->@Inject::startUsingItem(Lnet/minecraft/world/InteractionHand;Lorg/spongepowered/asm/mixin/injection/callback/CallbackInfo;)V won't be passed a CallbackInfo as a result
[04:29:30] [main/DEBUG] (FabricLoader/Mixin) Mixing AbstractBlockSettingsAccessor from fabric-object-builder-v1.mixins.json into net.minecraft.world.level.block.state.BlockBehaviour$Properties
[04:29:30] [main/DEBUG] (FabricLoader/Mixin) Mixing IdListMixin from fabric-registry-sync-v0.mixins.json into net.minecraft.core.IdMapper
[04:29:30] [main/DEBUG] (FabricLoader/Mixin) Renaming synthetic method lambda$fabric_remapIds$0(Lit/unimi/dsi/fastutil/ints/Int2IntMap;Ljava/lang/Object;Ljava/lang/Integer;)Ljava/lang/Integer; to md2e53f5$fabric-registry-sync-v0$lambda$fabric_remapIds$0$0 in fabric-registry-sync-v0.mixins.json:IdListMixin from mod fabric-registry-sync-v0
[04:29:30] [main/DEBUG] (FabricLoader/Mixin) Mixing inject.MixinLiquidBlock from architectury-common.mixins.json into net.minecraft.world.level.block.LiquidBlock
[04:29:30] [main/DEBUG] (FabricLoader/Mixin) architectury-common.mixins.json:inject.MixinLiquidBlock from mod architectury: Class version 61 required is higher than the class version supported by the current version of Mixin (JAVA_16 supports class version 60)
[04:29:30] [main/DEBUG] (FabricLoader/Mixin) Mixing LiquidBlockAccessor from architectury.mixins.json into net.minecraft.world.level.block.LiquidBlock
[04:29:30] [main/DEBUG] (FabricLoader/Mixin) architectury.mixins.json:LiquidBlockAccessor from mod architectury: Class version 61 required is higher than the class version supported by the current version of Mixin (JAVA_16 supports class version 60)
[04:29:30] [main/DEBUG] (FabricLoader/Mixin) Mixing DetectorRailBlockMixin from fabric-object-builder-v1.mixins.json into net.minecraft.world.level.block.DetectorRailBlock
[04:29:30] [main/DEBUG] (FabricLoader/Mixin) Renaming synthetic method lambda$getCustomComparatorOutput$0(Lnet/minecraft/world/entity/Entity;)Z to md2e53f5$fabric-object-builder-api-v1$lambda$getCustomComparatorOutput$0$0 in fabric-object-builder-v1.mixins.json:DetectorRailBlockMixin from mod fabric-object-builder-api-v1
[04:29:30] [main/DEBUG] (FabricLoader/Mixin) fabric-object-builder-v1.mixins.json:DetectorRailBlockMixin from mod fabric-object-builder-api-v1->@Inject::getCustomComparatorOutput(Lnet/minecraft/world/level/block/state/BlockState;Lnet/minecraft/world/level/Level;Lnet/minecraft/core/BlockPos;Lorg/spongepowered/asm/mixin/injection/callback/CallbackInfoReturnable;)V does use it's CallbackInfoReturnable
[04:29:30] [main/DEBUG] (FabricLoader/Mixin) Mixing MixinFarmBlock from architectury.mixins.json into net.minecraft.world.level.block.FarmBlock
[04:29:30] [main/DEBUG] (FabricLoader/Mixin) architectury.mixins.json:MixinFarmBlock from mod architectury: Class version 61 required is higher than the class version supported by the current version of Mixin (JAVA_16 supports class version 60)
[04:29:30] [main/DEBUG] (FabricLoader/Mixin) architectury.mixins.json:MixinFarmBlock from mod architectury->@Inject::fallOn(Lnet/minecraft/world/level/Level;Lnet/minecraft/world/level/block/state/BlockState;Lnet/minecraft/core/BlockPos;Lnet/minecraft/world/entity/Entity;FLorg/spongepowered/asm/mixin/injection/callback/CallbackInfo;)V doesn't use it's CallbackInfo
[04:29:30] [main/DEBUG] (FabricLoader/Mixin) architectury.mixins.json:MixinFarmBlock from mod architectury->@Inject::fallOn(Lnet/minecraft/world/level/Level;Lnet/minecraft/world/level/block/state/BlockState;Lnet/minecraft/core/BlockPos;Lnet/minecraft/world/entity/Entity;FLorg/spongepowered/asm/mixin/injection/callback/CallbackInfo;)V has 0 override(s) in child classes
[04:29:30] [main/DEBUG] (FabricLoader/Mixin) architectury.mixins.json:MixinFarmBlock from mod architectury->@Inject::fallOn(Lnet/minecraft/world/level/Level;Lnet/minecraft/world/level/block/state/BlockState;Lnet/minecraft/core/BlockPos;Lnet/minecraft/world/entity/Entity;FLorg/spongepowered/asm/mixin/injection/callback/CallbackInfo;)V won't be passed a CallbackInfo as a result
[04:29:30] [main/DEBUG] (FabricLoader/Mixin) architectury.mixins.json:MixinFarmBlock from mod architectury->@Inject::turnToDirt(Lnet/minecraft/world/entity/Entity;Lnet/minecraft/world/level/block/state/BlockState;Lnet/minecraft/world/level/Level;Lnet/minecraft/core/BlockPos;Lorg/spongepowered/asm/mixin/injection/callback/CallbackInfo;)V does use it's CallbackInfo
[04:29:30] [main/DEBUG] (FabricLoader/Mixin) Mixing emotion.CakeBlockMixin from depression.mixins.json into net.minecraft.world.level.block.CakeBlock
[04:29:30] [main/DEBUG] (FabricLoader/Mixin) depression.mixins.json:emotion.CakeBlockMixin from mod depression->@Inject::eat(Lnet/minecraft/world/level/LevelAccessor;Lnet/minecraft/core/BlockPos;Lnet/minecraft/world/level/block/state/BlockState;Lnet/minecraft/world/entity/player/Player;Lorg/spongepowered/asm/mixin/injection/callback/CallbackInfoReturnable;)V doesn't use it's CallbackInfoReturnable
[04:29:30] [main/DEBUG] (FabricLoader/Mixin) Mixing DropperBlockMixin from fabric-transfer-api-v1.mixins.json into net.minecraft.world.level.block.DropperBlock
[04:29:30] [main/DEBUG] (FabricLoader/Mixin) Renaming synthetic method lambda$hookDispense$0(Lnet/fabricmc/fabric/api/transfer/v1/item/ItemVariant;)Z to md2e53f5$fabric-transfer-api-v1$lambda$hookDispense$0$0 in fabric-transfer-api-v1.mixins.json:DropperBlockMixin from mod fabric-transfer-api-v1
[04:29:30] [main/DEBUG] (FabricLoader/Mixin) fabric-transfer-api-v1.mixins.json:DropperBlockMixin from mod fabric-transfer-api-v1->@Inject::hookDispense(Lnet/minecraft/server/level/ServerLevel;Lnet/minecraft/world/level/block/state/BlockState;Lnet/minecraft/core/BlockPos;Lorg/spongepowered/asm/mixin/injection/callback/CallbackInfo;)V does use it's CallbackInfo
[04:29:31] [main/DEBUG] (FabricLoader/Mixin) Mixing OxidizableMixin from fabric-content-registries-v0.mixins.json into net.minecraft.world.level.block.WeatheringCopper
[04:29:31] [main/DEBUG] (FabricLoader/Mixin) fabric-content-registries-v0.mixins.json:OxidizableMixin from mod fabric-content-registries-v0->@Inject::createOxidationLevelIncreasesMap(Lorg/spongepowered/asm/mixin/injection/callback/CallbackInfoReturnable;)V does use it's CallbackInfoReturnable
[04:29:31] [main/DEBUG] (FabricLoader/Mixin) Mixing BlockStateMixin from fabric-block-api-v1.mixins.json into net.minecraft.world.level.block.state.BlockState
[04:29:31] [main/DEBUG] (FabricLoader/Mixin) Mixing AttachmentTargetsMixin from fabric-data-attachment-api-v1.mixins.json into net.minecraft.world.level.block.entity.BlockEntity
[04:29:31] [main/DEBUG] (FabricLoader/Mixin) Mixing BlockEntityMixin from fabric-data-attachment-api-v1.mixins.json into net.minecraft.world.level.block.entity.BlockEntity
[04:29:31] [main/DEBUG] (FabricLoader/Mixin) Mixing BlockEntityMixin from fabric-block-view-api-v2.mixins.json into net.minecraft.world.level.block.entity.BlockEntity
[04:29:31] [main/DEBUG] (FabricLoader/Mixin) Mixing BlockEntityMixin from fabric-rendering-data-attachment-v1.mixins.json into net.minecraft.world.level.block.entity.BlockEntity
[04:29:31] [main/DEBUG] (FabricLoader/Mixin) fabric-data-attachment-api-v1.mixins.json:BlockEntityMixin from mod fabric-data-attachment-api-v1->@Inject::readBlockEntityAttachments(Lnet/minecraft/nbt/CompoundTag;Ljava/lang/String;Lnet/minecraft/world/level/block/entity/BlockEntity;Lorg/spongepowered/asm/mixin/injection/callback/CallbackInfoReturnable;)V doesn't use it's CallbackInfoReturnable
[04:29:31] [main/DEBUG] (FabricLoader/Mixin) fabric-data-attachment-api-v1.mixins.json:BlockEntityMixin from mod fabric-data-attachment-api-v1->@Inject::writeBlockEntityAttachments(Lorg/spongepowered/asm/mixin/injection/callback/CallbackInfoReturnable;)V does use it's CallbackInfoReturnable
[04:29:31] [main/DEBUG] (FabricLoader/Mixin) Mixing MixinFallingBlockEntity from architectury.mixins.json into net.minecraft.world.entity.item.FallingBlockEntity
[04:29:31] [main/DEBUG] (FabricLoader/Mixin) architectury.mixins.json:MixinFallingBlockEntity from mod architectury: Class version 61 required is higher than the class version supported by the current version of Mixin (JAVA_16 supports class version 60)
[04:29:31] [main/DEBUG] (FabricLoader/Mixin) architectury.mixins.json:MixinFallingBlockEntity from mod architectury->@Inject::handleLand(Lorg/spongepowered/asm/mixin/injection/callback/CallbackInfo;Lnet/minecraft/world/level/block/Block;Lnet/minecraft/core/BlockPos;ZZDLnet/minecraft/world/level/block/state/BlockState;)V doesn't use it's CallbackInfo
[04:29:31] [main/DEBUG] (FabricLoader/Mixin) architectury.mixins.json:MixinFallingBlockEntity from mod architectury->@Inject::handleLand(Lorg/spongepowered/asm/mixin/injection/callback/CallbackInfo;Lnet/minecraft/world/level/block/Block;Lnet/minecraft/core/BlockPos;ZZDLnet/minecraft/world/level/block/state/BlockState;)V has 0 override(s) in child classes
[04:29:31] [main/DEBUG] (FabricLoader/Mixin) architectury.mixins.json:MixinFallingBlockEntity from mod architectury->@Inject::handleLand(Lorg/spongepowered/asm/mixin/injection/callback/CallbackInfo;Lnet/minecraft/world/level/block/Block;Lnet/minecraft/core/BlockPos;ZZDLnet/minecraft/world/level/block/state/BlockState;)V won't be passed a CallbackInfo as a result
[04:29:31] [main/DEBUG] (FabricLoader/Mixin) Mixing NamedScreenHandlerFactoryMixin from fabric-screen-handler-api-v1.mixins.json into net.minecraft.world.MenuProvider
[04:29:31] [main/DEBUG] (FabricLoader/Mixin) Mixing LootableContainerBlockEntityMixin from fabric-transfer-api-v1.mixins.json into net.minecraft.world.level.block.entity.RandomizableContainerBlockEntity
[04:29:31] [main/DEBUG] (FabricLoader/Mixin) Mixing emotion.RandomizableContainerBlockEntityMixin from depression.mixins.json into net.minecraft.world.level.block.entity.RandomizableContainerBlockEntity
[04:29:31] [main/DEBUG] (FabricLoader/Mixin) depression.mixins.json:emotion.RandomizableContainerBlockEntityMixin from mod depression->@Inject::onUnpackLootTable(ILnet/minecraft/world/entity/player/Inventory;Lnet/minecraft/world/entity/player/Player;Lorg/spongepowered/asm/mixin/injection/callback/CallbackInfoReturnable;)V doesn't use it's CallbackInfoReturnable
[04:29:31] [main/DEBUG] (FabricLoader/Mixin) depression.mixins.json:emotion.RandomizableContainerBlockEntityMixin from mod depression->@Inject::onUnpackLootTable(ILnet/minecraft/world/entity/player/Inventory;Lnet/minecraft/world/entity/player/Player;Lorg/spongepowered/asm/mixin/injection/callback/CallbackInfoReturnable;)V has 0 override(s) in child classes
[04:29:31] [main/DEBUG] (FabricLoader/Mixin) depression.mixins.json:emotion.RandomizableContainerBlockEntityMixin from mod depression->@Inject::onUnpackLootTable(ILnet/minecraft/world/entity/player/Inventory;Lnet/minecraft/world/entity/player/Player;Lorg/spongepowered/asm/mixin/injection/callback/CallbackInfoReturnable;)V won't be passed a CallbackInfoReturnable as a result
[04:29:31] [main/DEBUG] (FabricLoader/Mixin) Mixing ChiseledBookshelfBlockEntityMixin from fabric-transfer-api-v1.mixins.json into net.minecraft.world.level.block.entity.ChiseledBookShelfBlockEntity
[04:29:31] [main/DEBUG] (FabricLoader/Mixin) fabric-transfer-api-v1.mixins.json:ChiseledBookshelfBlockEntityMixin from mod fabric-transfer-api-v1->@Inject::setStackBypass(ILnet/minecraft/world/item/ItemStack;Lorg/spongepowered/asm/mixin/injection/callback/CallbackInfo;)V does use it's CallbackInfo
[04:29:31] [main/DEBUG] (FabricLoader/Mixin) Mixing AbstractFurnaceBlockEntityMixin from fabric-item-api-v1.mixins.json into net.minecraft.world.level.block.entity.AbstractFurnaceBlockEntity
[04:29:31] [main/DEBUG] (FabricLoader/Mixin) Mixing AbstractFurnaceBlockEntityMixin from fabric-transfer-api-v1.mixins.json into net.minecraft.world.level.block.entity.AbstractFurnaceBlockEntity
[04:29:31] [main/DEBUG] (FabricLoader/Mixin) Mixing AbstractFurnaceBlockEntityMixin from fabric-content-registries-v0.mixins.json into net.minecraft.world.level.block.entity.AbstractFurnaceBlockEntity
[04:29:31] [main/DEBUG] (FabricLoader/Mixin) fabric-item-api-v1.mixins.json:AbstractFurnaceBlockEntityMixin from mod fabric-item-api-v1->@Inject::getStackRemainder(Lnet/minecraft/world/level/Level;Lnet/minecraft/core/BlockPos;Lnet/minecraft/world/level/block/state/BlockState;Lnet/minecraft/world/level/block/entity/AbstractFurnaceBlockEntity;Lorg/spongepowered/asm/mixin/injection/callback/CallbackInfo;ZZLnet/minecraft/world/item/ItemStack;ZZLnet/minecraft/world/item/crafting/RecipeHolder;I)V doesn't use it's CallbackInfo
[04:29:31] [main/DEBUG] (FabricLoader/Mixin) fabric-transfer-api-v1.mixins.json:AbstractFurnaceBlockEntityMixin from mod fabric-transfer-api-v1->@Inject::setStackSuppressUpdate(ILnet/minecraft/world/item/ItemStack;Lorg/spongepowered/asm/mixin/injection/callback/CallbackInfo;)V does use it's CallbackInfo
[04:29:31] [main/DEBUG] (FabricLoader/Mixin) fabric-content-registries-v0.mixins.json:AbstractFurnaceBlockEntityMixin from mod fabric-content-registries-v0->@Inject::fuelTimeMapHook(Lorg/spongepowered/asm/mixin/injection/callback/CallbackInfoReturnable;)V does use it's CallbackInfoReturnable
[04:29:31] [main/DEBUG] (FabricLoader/Mixin) Mixing JukeboxBlockEntityMixin from fabric-transfer-api-v1.mixins.json into net.minecraft.world.level.block.entity.JukeboxBlockEntity
[04:29:31] [main/DEBUG] (FabricLoader/Mixin) Mixing emotion.JukeboxBlockEntityMixin from depression.mixins.json into net.minecraft.world.level.block.entity.JukeboxBlockEntity
[04:29:31] [main/DEBUG] (FabricLoader/Mixin) Renaming @Unique field tickCountJ to fd2e53f5$tickCount$0 in depression.mixins.json:emotion.JukeboxBlockEntityMixin from mod depression
[04:29:31] [main/DEBUG] (FabricLoader/Mixin) fabric-transfer-api-v1.mixins.json:JukeboxBlockEntityMixin from mod fabric-transfer-api-v1->@Inject::setStackBypass(Lnet/minecraft/world/item/ItemStack;Lorg/spongepowered/asm/mixin/injection/callback/CallbackInfo;)V does use it's CallbackInfo
[04:29:31] [main/DEBUG] (FabricLoader/Mixin) depression.mixins.json:emotion.JukeboxBlockEntityMixin from mod depression->@Inject::tick(Lnet/minecraft/world/level/Level;Lnet/minecraft/core/BlockPos;Lnet/minecraft/world/level/block/state/BlockState;Lorg/spongepowered/asm/mixin/injection/callback/CallbackInfo;)V doesn't use it's CallbackInfo
[04:29:31] [main/DEBUG] (FabricLoader/Mixin) depression.mixins.json:emotion.JukeboxBlockEntityMixin from mod depression->@Inject::tick(Lnet/minecraft/world/level/Level;Lnet/minecraft/core/BlockPos;Lnet/minecraft/world/level/block/state/BlockState;Lorg/spongepowered/asm/mixin/injection/callback/CallbackInfo;)V has 0 override(s) in child classes
[04:29:31] [main/DEBUG] (FabricLoader/Mixin) depression.mixins.json:emotion.JukeboxBlockEntityMixin from mod depression->@Inject::tick(Lnet/minecraft/world/level/Level;Lnet/minecraft/core/BlockPos;Lnet/minecraft/world/level/block/state/BlockState;Lorg/spongepowered/asm/mixin/injection/callback/CallbackInfo;)V won't be passed a CallbackInfo as a result
[04:29:31] [main/DEBUG] (FabricLoader/Mixin) Mixing MobEntityMixin from fabric-entity-events-v1.mixins.json into net.minecraft.world.entity.Mob
[04:29:31] [main/DEBUG] (FabricLoader/Mixin) Mixing MobAccess from depression.mixins.json into net.minecraft.world.entity.Mob
[04:29:31] [main/DEBUG] (FabricLoader/Mixin) Mixing emotion.MobMixin from depression.mixins.json into net.minecraft.world.entity.Mob
[04:29:31] [main/DEBUG] (FabricLoader/Mixin) depression.mixins.json:emotion.MobMixin from mod depression->@Inject::onTick(Lorg/spongepowered/asm/mixin/injection/callback/CallbackInfo;)V doesn't use it's CallbackInfo
[04:29:31] [main/DEBUG] (FabricLoader/Mixin) depression.mixins.json:emotion.MobMixin from mod depression->@Inject::onTick(Lorg/spongepowered/asm/mixin/injection/callback/CallbackInfo;)V has 0 override(s) in child classes
[04:29:31] [main/DEBUG] (FabricLoader/Mixin) depression.mixins.json:emotion.MobMixin from mod depression->@Inject::onTick(Lorg/spongepowered/asm/mixin/injection/callback/CallbackInfo;)V won't be passed a CallbackInfo as a result
[04:29:31] [main/DEBUG] (FabricLoader/Mixin) Mixing BrewingStandBlockEntityMixin from fabric-item-api-v1.mixins.json into net.minecraft.world.level.block.entity.BrewingStandBlockEntity
[04:29:31] [main/DEBUG] (FabricLoader/Mixin) fabric-item-api-v1.mixins.json:BrewingStandBlockEntityMixin from mod fabric-item-api-v1->@Inject::captureItemStack(Lnet/minecraft/world/level/Level;Lnet/minecraft/core/BlockPos;Lnet/minecraft/core/NonNullList;Lorg/spongepowered/asm/mixin/injection/callback/CallbackInfo;Lnet/minecraft/world/item/ItemStack;)V doesn't use it's CallbackInfo
[04:29:31] [main/DEBUG] (FabricLoader/Mixin) Mixing ItemStackMixin from fabric-item-api-v1.mixins.json into net.minecraft.world.item.ItemStack
[04:29:31] [main/DEBUG] (FabricLoader/Mixin) Mixing ItemStackMixin from fabric-item-api-v1.client.mixins.json into net.minecraft.world.item.ItemStack
[04:29:31] [main/DEBUG] (FabricLoader/Mixin) Mixing symptom.ItemStackMixin from depression.mixins.json into net.minecraft.world.item.ItemStack
[04:29:31] [main/DEBUG] (FabricLoader/Mixin) fabric-item-api-v1.mixins.json:ItemStackMixin from mod fabric-item-api-v1->@Inject::saveDamager(ILnet/minecraft/world/entity/LivingEntity;Ljava/util/function/Consumer;Lorg/spongepowered/asm/mixin/injection/callback/CallbackInfo;)V doesn't use it's CallbackInfo
[04:29:31] [main/DEBUG] (FabricLoader/Mixin) fabric-item-api-v1.mixins.json:ItemStackMixin from mod fabric-item-api-v1->@Inject::clearDamage(ILnet/minecraft/world/entity/LivingEntity;Ljava/util/function/Consumer;Lorg/spongepowered/asm/mixin/injection/callback/CallbackInfo;)V doesn't use it's CallbackInfo
[04:29:31] [main/DEBUG] (FabricLoader/Mixin) fabric-item-api-v1.mixins.json:ItemStackMixin from mod fabric-item-api-v1->@Inject::clearDamage(ILnet/minecraft/world/entity/LivingEntity;Ljava/util/function/Consumer;Lorg/spongepowered/asm/mixin/injection/callback/CallbackInfo;)V doesn't use it's CallbackInfo
[04:29:31] [main/DEBUG] (FabricLoader/Mixin) fabric-item-api-v1.mixins.json:ItemStackMixin from mod fabric-item-api-v1->@Inject::clearDamage(ILnet/minecraft/world/entity/LivingEntity;Ljava/util/function/Consumer;Lorg/spongepowered/asm/mixin/injection/callback/CallbackInfo;)V doesn't use it's CallbackInfo
[04:29:31] [main/DEBUG] (FabricLoader/Mixin) fabric-item-api-v1.mixins.json:ItemStackMixin from mod fabric-item-api-v1->@Inject::isStackAwareFood(Lorg/spongepowered/asm/mixin/injection/callback/CallbackInfoReturnable;)V does use it's CallbackInfoReturnable
[04:29:31] [main/DEBUG] (FabricLoader/Mixin) fabric-item-api-v1.client.mixins.json:ItemStackMixin from mod fabric-item-api-v1->@Inject::getTooltip(Lnet/minecraft/world/entity/player/Player;Lnet/minecraft/world/item/TooltipFlag;Lorg/spongepowered/asm/mixin/injection/callback/CallbackInfoReturnable;)V does use it's CallbackInfoReturnable
[04:29:31] [main/DEBUG] (FabricLoader/Mixin) depression.mixins.json:symptom.ItemStackMixin from mod depression->@Inject::getUseDuration(Lorg/spongepowered/asm/mixin/injection/callback/CallbackInfoReturnable;)V does use it's CallbackInfoReturnable
[04:29:31] [main/DEBUG] (FabricLoader/Mixin) Mixing BiomeAccessor from architectury.mixins.json into net.minecraft.world.level.biome.Biome
[04:29:31] [main/DEBUG] (FabricLoader/Mixin) architectury.mixins.json:BiomeAccessor from mod architectury: Class version 61 required is higher than the class version supported by the current version of Mixin (JAVA_16 supports class version 60)
[04:29:31] [main/DEBUG] (FabricLoader/Mixin) Mixing AnvilScreenHandlerMixin from fabric-item-api-v1.mixins.json into net.minecraft.world.inventory.AnvilMenu
[04:29:31] [main/DEBUG] (FabricLoader/Mixin) Mixing HopperBlockEntityMixin from fabric-transfer-api-v1.mixins.json into net.minecraft.world.level.block.entity.HopperBlockEntity
[04:29:31] [main/DEBUG] (FabricLoader/Mixin) Renaming synthetic method lambda$hookExtract$1(Lnet/fabricmc/fabric/api/transfer/v1/item/ItemVariant;)Z to md2e53f5$fabric-transfer-api-v1$lambda$hookExtract$1$0 in fabric-transfer-api-v1.mixins.json:HopperBlockEntityMixin from mod fabric-transfer-api-v1
[04:29:31] [main/DEBUG] (FabricLoader/Mixin) Renaming synthetic method lambda$hookInsert$0(Lnet/fabricmc/fabric/api/transfer/v1/item/ItemVariant;)Z to md2e53f5$fabric-transfer-api-v1$lambda$hookInsert$0$1 in fabric-transfer-api-v1.mixins.json:HopperBlockEntityMixin from mod fabric-transfer-api-v1
[04:29:31] [main/DEBUG] (FabricLoader/Mixin) fabric-transfer-api-v1.mixins.json:HopperBlockEntityMixin from mod fabric-transfer-api-v1->@Inject::hookInsert(Lnet/minecraft/world/level/Level;Lnet/minecraft/core/BlockPos;Lnet/minecraft/world/level/block/state/BlockState;Lnet/minecraft/world/Container;Lorg/spongepowered/asm/mixin/injection/callback/CallbackInfoReturnable;Lnet/minecraft/world/Container;)V does use it's CallbackInfoReturnable
[04:29:31] [main/DEBUG] (FabricLoader/Mixin) fabric-transfer-api-v1.mixins.json:HopperBlockEntityMixin from mod fabric-transfer-api-v1->@Inject::hookExtract(Lnet/minecraft/world/level/Level;Lnet/minecraft/world/level/block/entity/Hopper;Lorg/spongepowered/asm/mixin/injection/callback/CallbackInfoReturnable;Lnet/minecraft/world/Container;)V does use it's CallbackInfoReturnable
[04:29:31] [main/DEBUG] (FabricLoader/Mixin) Mixing emotion.AnimalMixin from depression.mixins.json into net.minecraft.world.entity.animal.Animal
[04:29:31] [main/DEBUG] (FabricLoader/Mixin) depression.mixins.json:emotion.AnimalMixin from mod depression->@Inject::onFeedAnimal(Lnet/minecraft/world/entity/player/Player;Lnet/minecraft/world/InteractionHand;Lorg/spongepowered/asm/mixin/injection/callback/CallbackInfoReturnable;)V doesn't use it's CallbackInfoReturnable
[04:29:31] [main/DEBUG] (FabricLoader/Mixin) depression.mixins.json:emotion.AnimalMixin from mod depression->@Inject::onFeedAnimal(Lnet/minecraft/world/entity/player/Player;Lnet/minecraft/world/InteractionHand;Lorg/spongepowered/asm/mixin/injection/callback/CallbackInfoReturnable;)V has 0 override(s) in child classes
[04:29:31] [main/DEBUG] (FabricLoader/Mixin) depression.mixins.json:emotion.AnimalMixin from mod depression->@Inject::onFeedAnimal(Lnet/minecraft/world/entity/player/Player;Lnet/minecraft/world/InteractionHand;Lorg/spongepowered/asm/mixin/injection/callback/CallbackInfoReturnable;)V won't be passed a CallbackInfoReturnable as a result
[04:29:31] [main/DEBUG] (FabricLoader/Mixin) Mixing MixinLightningBolt from architectury-common.mixins.json into net.minecraft.world.entity.LightningBolt
[04:29:31] [main/DEBUG] (FabricLoader/Mixin) architectury-common.mixins.json:MixinLightningBolt from mod architectury: Class version 61 required is higher than the class version supported by the current version of Mixin (JAVA_16 supports class version 60)
[04:29:31] [main/DEBUG] (FabricLoader/Mixin) architectury-common.mixins.json:MixinLightningBolt from mod architectury->@Inject::handleLightning(Lorg/spongepowered/asm/mixin/injection/callback/CallbackInfo;Ljava/util/List;)V doesn't use it's CallbackInfo
[04:29:31] [main/DEBUG] (FabricLoader/Mixin) architectury-common.mixins.json:MixinLightningBolt from mod architectury->@Inject::handleLightning(Lorg/spongepowered/asm/mixin/injection/callback/CallbackInfo;Ljava/util/List;)V has 0 override(s) in child classes
[04:29:31] [main/DEBUG] (FabricLoader/Mixin) architectury-common.mixins.json:MixinLightningBolt from mod architectury->@Inject::handleLightning(Lorg/spongepowered/asm/mixin/injection/callback/CallbackInfo;Ljava/util/List;)V won't be passed a CallbackInfo as a result
[04:29:31] [main/DEBUG] (FabricLoader/Mixin) Mixing TadpoleEntityMixin from fabric-entity-events-v1.mixins.json into net.minecraft.world.entity.animal.frog.Tadpole
[04:29:32] [main/DEBUG] (FabricLoader/Mixin) Mixing BlockItemMixin from fabric-item-api-v1.mixins.json into net.minecraft.world.item.BlockItem
[04:29:32] [main/DEBUG] (FabricLoader/Mixin) Mixing MixinBlockItem from architectury.mixins.json into net.minecraft.world.item.BlockItem
[04:29:32] [main/DEBUG] (FabricLoader/Mixin) architectury.mixins.json:MixinBlockItem from mod architectury: Class version 61 required is higher than the class version supported by the current version of Mixin (JAVA_16 supports class version 60)
[04:29:32] [main/DEBUG] (FabricLoader/Mixin) architectury.mixins.json:MixinBlockItem from mod architectury->@Inject::place(Lnet/minecraft/world/item/context/BlockPlaceContext;Lorg/spongepowered/asm/mixin/injection/callback/CallbackInfoReturnable;Lnet/minecraft/world/item/context/BlockPlaceContext;Lnet/minecraft/world/level/block/state/BlockState;)V does use it's CallbackInfoReturnable
[04:29:32] [main/DEBUG] (FabricLoader/Mixin) Mixing ArmorItemMixin from fabric-item-api-v1.mixins.json into net.minecraft.world.item.ArmorItem
[04:29:32] [main/DEBUG] (FabricLoader/Mixin) Mixing symptom.BowItemMixin from depression.mixins.json into net.minecraft.world.item.BowItem
[04:29:32] [main/DEBUG] (FabricLoader/Mixin) depression.mixins.json:symptom.BowItemMixin from mod depression->@Inject::releaseUsing(Lnet/minecraft/world/item/ItemStack;Lnet/minecraft/world/level/Level;Lnet/minecraft/world/entity/LivingEntity;ILorg/spongepowered/asm/mixin/injection/callback/CallbackInfo;)V doesn't use it's CallbackInfo
[04:29:32] [main/DEBUG] (FabricLoader/Mixin) depression.mixins.json:symptom.BowItemMixin from mod depression->@Inject::releaseUsing(Lnet/minecraft/world/item/ItemStack;Lnet/minecraft/world/level/Level;Lnet/minecraft/world/entity/LivingEntity;ILorg/spongepowered/asm/mixin/injection/callback/CallbackInfo;)V has 0 override(s) in child classes
[04:29:32] [main/DEBUG] (FabricLoader/Mixin) depression.mixins.json:symptom.BowItemMixin from mod depression->@Inject::releaseUsing(Lnet/minecraft/world/item/ItemStack;Lnet/minecraft/world/level/Level;Lnet/minecraft/world/entity/LivingEntity;ILorg/spongepowered/asm/mixin/injection/callback/CallbackInfo;)V won't be passed a CallbackInfo as a result
[04:29:32] [main/DEBUG] (FabricLoader/Mixin) Mixing SwordItemMixin from fabric-mining-level-api-v1.mixins.json into net.minecraft.world.item.SwordItem
[04:29:32] [main/DEBUG] (FabricLoader/Mixin) fabric-mining-level-api-v1.mixins.json:SwordItemMixin from mod fabric-mining-level-api-v1->@Inject::fabric$onIsSuitableFor(Lnet/minecraft/world/level/block/state/BlockState;Lorg/spongepowered/asm/mixin/injection/callback/CallbackInfoReturnable;)V does use it's CallbackInfoReturnable
[04:29:32] [main/DEBUG] (FabricLoader/Mixin) fabric-mining-level-api-v1.mixins.json:SwordItemMixin from mod fabric-mining-level-api-v1->@Inject::fabric$onGetMiningSpeedMultiplier(Lnet/minecraft/world/item/ItemStack;Lnet/minecraft/world/level/block/state/BlockState;Lorg/spongepowered/asm/mixin/injection/callback/CallbackInfoReturnable;)V does use it's CallbackInfoReturnable
[04:29:32] [main/DEBUG] (FabricLoader/Mixin) fabric-mining-level-api-v1.mixins.json:SwordItemMixin from mod fabric-mining-level-api-v1->@Inject::fabric$onGetMiningSpeedMultiplier(Lnet/minecraft/world/item/ItemStack;Lnet/minecraft/world/level/block/state/BlockState;Lorg/spongepowered/asm/mixin/injection/callback/CallbackInfoReturnable;)V does use it's CallbackInfoReturnable
[04:29:32] [main/DEBUG] (FabricLoader/Mixin) Mixing ShovelItemAccessor from fabric-content-registries-v0.mixins.json into net.minecraft.world.item.ShovelItem
[04:29:32] [main/DEBUG] (FabricLoader/Mixin) Renaming @Accessor method getPathStates()Ljava/util/Map; to getPathStates$fabric-content-registries-v0_$md$2e53f5$0 in fabric-content-registries-v0.mixins.json:ShovelItemAccessor from mod fabric-content-registries-v0
[04:29:32] [main/DEBUG] (FabricLoader/Mixin) Mixing MiningToolItemMixin from fabric-mining-level-api-v1.mixins.json into net.minecraft.world.item.DiggerItem
[04:29:32] [main/DEBUG] (FabricLoader/Mixin) fabric-mining-level-api-v1.mixins.json:MiningToolItemMixin from mod fabric-mining-level-api-v1->@Inject::fabric$onIsSuitableFor(Lnet/minecraft/world/level/block/state/BlockState;Lorg/spongepowered/asm/mixin/injection/callback/CallbackInfoReturnable;I)V does use it's CallbackInfoReturnable
[04:29:32] [main/DEBUG] (FabricLoader/Mixin) Mixing AxeItemAccessor from fabric-content-registries-v0.mixins.json into net.minecraft.world.item.AxeItem
[04:29:32] [main/DEBUG] (FabricLoader/Mixin) Renaming @Accessor method getStrippedBlocks()Ljava/util/Map; to getStrippedBlocks$fabric-content-registries-v0_$md$2e53f5$0 in fabric-content-registries-v0.mixins.json:AxeItemAccessor from mod fabric-content-registries-v0
[04:29:32] [main/DEBUG] (FabricLoader/Mixin) Renaming @Accessor method setStrippedBlocks(Ljava/util/Map;)V to setStrippedBlocks$fabric-content-registries-v0_$md$2e53f5$1 in fabric-content-registries-v0.mixins.json:AxeItemAccessor from mod fabric-content-registries-v0
[04:29:32] [main/DEBUG] (FabricLoader/Mixin) Mixing HoeItemAccessor from fabric-content-registries-v0.mixins.json into net.minecraft.world.item.HoeItem
[04:29:32] [main/DEBUG] (FabricLoader/Mixin) Renaming @Accessor method getTillingActions()Ljava/util/Map; to getTillingActions$fabric-content-registries-v0_$md$2e53f5$0 in fabric-content-registries-v0.mixins.json:HoeItemAccessor from mod fabric-content-registries-v0
[04:29:32] [main/DEBUG] (FabricLoader/Mixin) Mixing inject.MixinBucketItem from architectury-common.mixins.json into net.minecraft.world.item.BucketItem
[04:29:32] [main/DEBUG] (FabricLoader/Mixin) architectury-common.mixins.json:inject.MixinBucketItem from mod architectury: Class version 61 required is higher than the class version supported by the current version of Mixin (JAVA_16 supports class version 60)
[04:29:32] [main/DEBUG] (FabricLoader/Mixin) Mixing BucketItemAccessor from architectury.mixins.json into net.minecraft.world.item.BucketItem
[04:29:32] [main/DEBUG] (FabricLoader/Mixin) architectury.mixins.json:BucketItemAccessor from mod architectury: Class version 61 required is higher than the class version supported by the current version of Mixin (JAVA_16 supports class version 60)
[04:29:32] [main/DEBUG] (FabricLoader/Mixin) Mixing MixinBucketItem from architectury.mixins.json into net.minecraft.world.item.BucketItem
[04:29:32] [main/DEBUG] (FabricLoader/Mixin) architectury.mixins.json:MixinBucketItem from mod architectury: Class version 61 required is higher than the class version supported by the current version of Mixin (JAVA_16 supports class version 60)
[04:29:32] [main/DEBUG] (FabricLoader/Mixin) Mixing BucketItemAccessor from fabric-transfer-api-v1.mixins.json into net.minecraft.world.item.BucketItem
[04:29:32] [main/DEBUG] (FabricLoader/Mixin) Mixing BucketItemMixin from fabric-transfer-api-v1.mixins.json into net.minecraft.world.item.BucketItem
[04:29:32] [main/DEBUG] (FabricLoader/Mixin) architectury.mixins.json:MixinBucketItem from mod architectury->@Inject::fillBucket(Lnet/minecraft/world/level/Level;Lnet/minecraft/world/entity/player/Player;Lnet/minecraft/world/InteractionHand;Lorg/spongepowered/asm/mixin/injection/callback/CallbackInfoReturnable;Lnet/minecraft/world/item/ItemStack;Lnet/minecraft/world/phys/BlockHitResult;)V does use it's CallbackInfoReturnable
[04:29:32] [main/DEBUG] (FabricLoader/Mixin) Mixing MilkBucketItemMixin from depression.mixins.json into net.minecraft.world.item.MilkBucketItem
[04:29:32] [main/DEBUG] (FabricLoader/Mixin) depression.mixins.json:MilkBucketItemMixin from mod depression->@Inject::saveEffectInstance(Lnet/minecraft/world/item/ItemStack;Lnet/minecraft/world/level/Level;Lnet/minecraft/world/entity/LivingEntity;Lorg/spongepowered/asm/mixin/injection/callback/CallbackInfoReturnable;)V doesn't use it's CallbackInfoReturnable
[04:29:32] [main/DEBUG] (FabricLoader/Mixin) depression.mixins.json:MilkBucketItemMixin from mod depression->@Inject::saveEffectInstance(Lnet/minecraft/world/item/ItemStack;Lnet/minecraft/world/level/Level;Lnet/minecraft/world/entity/LivingEntity;Lorg/spongepowered/asm/mixin/injection/callback/CallbackInfoReturnable;)V has 0 override(s) in child classes
[04:29:32] [main/DEBUG] (FabricLoader/Mixin) depression.mixins.json:MilkBucketItemMixin from mod depression->@Inject::saveEffectInstance(Lnet/minecraft/world/item/ItemStack;Lnet/minecraft/world/level/Level;Lnet/minecraft/world/entity/LivingEntity;Lorg/spongepowered/asm/mixin/injection/callback/CallbackInfoReturnable;)V won't be passed a CallbackInfoReturnable as a result
[04:29:32] [main/DEBUG] (FabricLoader/Mixin) depression.mixins.json:MilkBucketItemMixin from mod depression->@Inject::restoreEffectInstance(Lnet/minecraft/world/item/ItemStack;Lnet/minecraft/world/level/Level;Lnet/minecraft/world/entity/LivingEntity;Lorg/spongepowered/asm/mixin/injection/callback/CallbackInfoReturnable;)V doesn't use it's CallbackInfoReturnable
[04:29:32] [main/DEBUG] (FabricLoader/Mixin) depression.mixins.json:MilkBucketItemMixin from mod depression->@Inject::restoreEffectInstance(Lnet/minecraft/world/item/ItemStack;Lnet/minecraft/world/level/Level;Lnet/minecraft/world/entity/LivingEntity;Lorg/spongepowered/asm/mixin/injection/callback/CallbackInfoReturnable;)V has 0 override(s) in child classes
[04:29:32] [main/DEBUG] (FabricLoader/Mixin) depression.mixins.json:MilkBucketItemMixin from mod depression->@Inject::restoreEffectInstance(Lnet/minecraft/world/item/ItemStack;Lnet/minecraft/world/level/Level;Lnet/minecraft/world/entity/LivingEntity;Lorg/spongepowered/asm/mixin/injection/callback/CallbackInfoReturnable;)V won't be passed a CallbackInfoReturnable as a result
[04:29:32] [main/DEBUG] (FabricLoader/Mixin) depression.mixins.json:MilkBucketItemMixin from mod depression->@Inject::restoreEffectInstance(Lnet/minecraft/world/item/ItemStack;Lnet/minecraft/world/level/Level;Lnet/minecraft/world/entity/LivingEntity;Lorg/spongepowered/asm/mixin/injection/callback/CallbackInfoReturnable;)V doesn't use it's CallbackInfoReturnable
[04:29:32] [main/DEBUG] (FabricLoader/Mixin) depression.mixins.json:MilkBucketItemMixin from mod depression->@Inject::restoreEffectInstance(Lnet/minecraft/world/item/ItemStack;Lnet/minecraft/world/level/Level;Lnet/minecraft/world/entity/LivingEntity;Lorg/spongepowered/asm/mixin/injection/callback/CallbackInfoReturnable;)V has 0 override(s) in child classes
[04:29:32] [main/DEBUG] (FabricLoader/Mixin) depression.mixins.json:MilkBucketItemMixin from mod depression->@Inject::restoreEffectInstance(Lnet/minecraft/world/item/ItemStack;Lnet/minecraft/world/level/Level;Lnet/minecraft/world/entity/LivingEntity;Lorg/spongepowered/asm/mixin/injection/callback/CallbackInfoReturnable;)V won't be passed a CallbackInfoReturnable as a result
[04:29:32] [main/DEBUG] (FabricLoader/Mixin) Mixing ShearsItemMixin from fabric-mining-level-api-v1.mixins.json into net.minecraft.world.item.ShearsItem
[04:29:32] [main/DEBUG] (FabricLoader/Mixin) fabric-mining-level-api-v1.mixins.json:ShearsItemMixin from mod fabric-mining-level-api-v1->@Inject::fabric$onIsSuitableFor(Lnet/minecraft/world/level/block/state/BlockState;Lorg/spongepowered/asm/mixin/injection/callback/CallbackInfoReturnable;)V does use it's CallbackInfoReturnable
[04:29:32] [main/DEBUG] (FabricLoader/Mixin) fabric-mining-level-api-v1.mixins.json:ShearsItemMixin from mod fabric-mining-level-api-v1->@Inject::fabric$onGetMiningSpeedMultiplier(Lnet/minecraft/world/item/ItemStack;Lnet/minecraft/world/level/block/state/BlockState;Lorg/spongepowered/asm/mixin/injection/callback/CallbackInfoReturnable;)V does use it's CallbackInfoReturnable
[04:29:32] [main/DEBUG] (FabricLoader/Mixin) fabric-mining-level-api-v1.mixins.json:ShearsItemMixin from mod fabric-mining-level-api-v1->@Inject::fabric$onGetMiningSpeedMultiplier(Lnet/minecraft/world/item/ItemStack;Lnet/minecraft/world/level/block/state/BlockState;Lorg/spongepowered/asm/mixin/injection/callback/CallbackInfoReturnable;)V does use it's CallbackInfoReturnable
[04:29:32] [main/DEBUG] (FabricLoader/Mixin) fabric-mining-level-api-v1.mixins.json:ShearsItemMixin from mod fabric-mining-level-api-v1->@Inject::fabric$onGetMiningSpeedMultiplier(Lnet/minecraft/world/item/ItemStack;Lnet/minecraft/world/level/block/state/BlockState;Lorg/spongepowered/asm/mixin/injection/callback/CallbackInfoReturnable;)V does use it's CallbackInfoReturnable
[04:29:32] [main/DEBUG] (FabricLoader/Mixin) fabric-mining-level-api-v1.mixins.json:ShearsItemMixin from mod fabric-mining-level-api-v1->@Inject::fabric$onGetMiningSpeedMultiplier(Lnet/minecraft/world/item/ItemStack;Lnet/minecraft/world/level/block/state/BlockState;Lorg/spongepowered/asm/mixin/injection/callback/CallbackInfoReturnable;)V does use it's CallbackInfoReturnable
[04:29:32] [main/DEBUG] (FabricLoader/Mixin) Mixing symptom.CrossbowItemMixin from depression.mixins.json into net.minecraft.world.item.CrossbowItem
[04:29:32] [main/DEBUG] (FabricLoader/Mixin) depression.mixins.json:symptom.CrossbowItemMixin from mod depression->@Inject::onCrossbowShot(Lnet/minecraft/world/level/Level;Lnet/minecraft/world/entity/LivingEntity;Lnet/minecraft/world/item/ItemStack;Lorg/spongepowered/asm/mixin/injection/callback/CallbackInfo;)V doesn't use it's CallbackInfo
[04:29:32] [main/DEBUG] (FabricLoader/Mixin) Mixing HoneycombItemMixin from fabric-content-registries-v0.mixins.json into net.minecraft.world.item.HoneycombItem
[04:29:32] [main/DEBUG] (FabricLoader/Mixin) fabric-content-registries-v0.mixins.json:HoneycombItemMixin from mod fabric-content-registries-v0->@Inject::createUnwaxedToWaxedMap(Lorg/spongepowered/asm/mixin/injection/callback/CallbackInfoReturnable;)V does use it's CallbackInfoReturnable
[04:29:32] [main/DEBUG] (FabricLoader/Mixin) Mixing inject.MixinItemProperties from architectury-common.mixins.json into net.minecraft.world.item.Item$Properties
[04:29:32] [main/DEBUG] (FabricLoader/Mixin) architectury-common.mixins.json:inject.MixinItemProperties from mod architectury: Class version 61 required is higher than the class version supported by the current version of Mixin (JAVA_16 supports class version 60)
[04:29:32] [main/DEBUG] (FabricLoader/Mixin) Mixing ServerPlayerEntityMixin from fabric-entity-events-v1.mixins.json into net.minecraft.server.level.ServerPlayer
[04:29:32] [main/DEBUG] (FabricLoader/Mixin) Mixing EntityMixin from fabric-dimensions-v1.mixins.json into net.minecraft.server.level.ServerPlayer
[04:29:32] [main/DEBUG] (FabricLoader/Mixin) Mixing ServerPlayerEntityMixin from fabric-screen-handler-api-v1.mixins.json into net.minecraft.server.level.ServerPlayer
[04:29:32] [main/DEBUG] (FabricLoader/Mixin) Mixing LivingDeathInvoker from architectury.mixins.json into net.minecraft.server.level.ServerPlayer
[04:29:32] [main/DEBUG] (FabricLoader/Mixin) architectury.mixins.json:LivingDeathInvoker from mod architectury: Class version 61 required is higher than the class version supported by the current version of Mixin (JAVA_16 supports class version 60)
[04:29:32] [main/DEBUG] (FabricLoader/Mixin) Mixing MixinServerPlayer from architectury.mixins.json into net.minecraft.server.level.ServerPlayer
[04:29:32] [main/DEBUG] (FabricLoader/Mixin) architectury.mixins.json:MixinServerPlayer from mod architectury: Class version 61 required is higher than the class version supported by the current version of Mixin (JAVA_16 supports class version 60)
[04:29:32] [main/DEBUG] (FabricLoader/Mixin) Mixing ServerPlayerEntityAccessor from fabric-containers-v0.mixins.json into net.minecraft.server.level.ServerPlayer
[04:29:32] [main/DEBUG] (FabricLoader/Mixin) Mixing ServerPlayerEntityMixin from fabric-containers-v0.accurate.mixins.json into net.minecraft.server.level.ServerPlayer
[04:29:32] [main/DEBUG] (FabricLoader/Mixin) Mixing ServerPlayerEntityMixin from fabric-events-interaction-v0.mixins.json into net.minecraft.server.level.ServerPlayer
[04:29:32] [main/DEBUG] (FabricLoader/Mixin) fabric-entity-events-v1.mixins.json:ServerPlayerEntityMixin from mod fabric-entity-events-v1->@Inject::callOnKillForPlayer(Lnet/minecraft/world/damagesource/DamageSource;Lorg/spongepowered/asm/mixin/injection/callback/CallbackInfo;)V doesn't use it's CallbackInfo
[04:29:32] [main/DEBUG] (FabricLoader/Mixin) fabric-entity-events-v1.mixins.json:ServerPlayerEntityMixin from mod fabric-entity-events-v1->@Inject::callOnKillForPlayer(Lnet/minecraft/world/damagesource/DamageSource;Lorg/spongepowered/asm/mixin/injection/callback/CallbackInfo;)V has 0 override(s) in child classes
[04:29:32] [main/DEBUG] (FabricLoader/Mixin) fabric-entity-events-v1.mixins.json:ServerPlayerEntityMixin from mod fabric-entity-events-v1->@Inject::callOnKillForPlayer(Lnet/minecraft/world/damagesource/DamageSource;Lorg/spongepowered/asm/mixin/injection/callback/CallbackInfo;)V won't be passed a CallbackInfo as a result
[04:29:32] [main/DEBUG] (FabricLoader/Mixin) fabric-entity-events-v1.mixins.json:ServerPlayerEntityMixin from mod fabric-entity-events-v1->@Inject::notifyDeath(Lnet/minecraft/world/damagesource/DamageSource;Lorg/spongepowered/asm/mixin/injection/callback/CallbackInfo;)V doesn't use it's CallbackInfo
[04:29:32] [main/DEBUG] (FabricLoader/Mixin) fabric-entity-events-v1.mixins.json:ServerPlayerEntityMixin from mod fabric-entity-events-v1->@Inject::notifyDeath(Lnet/minecraft/world/damagesource/DamageSource;Lorg/spongepowered/asm/mixin/injection/callback/CallbackInfo;)V has 0 override(s) in child classes
[04:29:32] [main/DEBUG] (FabricLoader/Mixin) fabric-entity-events-v1.mixins.json:ServerPlayerEntityMixin from mod fabric-entity-events-v1->@Inject::notifyDeath(Lnet/minecraft/world/damagesource/DamageSource;Lorg/spongepowered/asm/mixin/injection/callback/CallbackInfo;)V won't be passed a CallbackInfo as a result
[04:29:32] [main/DEBUG] (FabricLoader/Mixin) fabric-entity-events-v1.mixins.json:ServerPlayerEntityMixin from mod fabric-entity-events-v1->@Inject::afterWorldChanged(Lnet/minecraft/server/level/ServerLevel;Lorg/spongepowered/asm/mixin/injection/callback/CallbackInfo;)V doesn't use it's CallbackInfo
[04:29:32] [main/DEBUG] (FabricLoader/Mixin) fabric-entity-events-v1.mixins.json:ServerPlayerEntityMixin from mod fabric-entity-events-v1->@Inject::afterWorldChanged(Lnet/minecraft/server/level/ServerLevel;Lorg/spongepowered/asm/mixin/injection/callback/CallbackInfo;)V has 0 override(s) in child classes
[04:29:32] [main/DEBUG] (FabricLoader/Mixin) fabric-entity-events-v1.mixins.json:ServerPlayerEntityMixin from mod fabric-entity-events-v1->@Inject::afterWorldChanged(Lnet/minecraft/server/level/ServerLevel;Lorg/spongepowered/asm/mixin/injection/callback/CallbackInfo;)V won't be passed a CallbackInfo as a result
[04:29:32] [main/DEBUG] (FabricLoader/Mixin) fabric-entity-events-v1.mixins.json:ServerPlayerEntityMixin from mod fabric-entity-events-v1->@Inject::onCopyFrom(Lnet/minecraft/server/level/ServerPlayer;ZLorg/spongepowered/asm/mixin/injection/callback/CallbackInfo;)V doesn't use it's CallbackInfo
[04:29:32] [main/DEBUG] (FabricLoader/Mixin) fabric-entity-events-v1.mixins.json:ServerPlayerEntityMixin from mod fabric-entity-events-v1->@Inject::onCopyFrom(Lnet/minecraft/server/level/ServerPlayer;ZLorg/spongepowered/asm/mixin/injection/callback/CallbackInfo;)V has 0 override(s) in child classes
[04:29:32] [main/DEBUG] (FabricLoader/Mixin) fabric-entity-events-v1.mixins.json:ServerPlayerEntityMixin from mod fabric-entity-events-v1->@Inject::onCopyFrom(Lnet/minecraft/server/level/ServerPlayer;ZLorg/spongepowered/asm/mixin/injection/callback/CallbackInfo;)V won't be passed a CallbackInfo as a result
[04:29:32] [main/DEBUG] (FabricLoader/Mixin) fabric-entity-events-v1.mixins.json:ServerPlayerEntityMixin from mod fabric-entity-events-v1->@Inject::onTrySleepDirectionCheck(Lnet/minecraft/core/BlockPos;Lorg/spongepowered/asm/mixin/injection/callback/CallbackInfoReturnable;Lnet/minecraft/core/Direction;)V does use it's CallbackInfoReturnable
[04:29:32] [main/DEBUG] (FabricLoader/Mixin) fabric-dimensions-v1.mixins.json:EntityMixin from mod fabric-dimensions-v1->@Inject::getTeleportTarget(Lnet/minecraft/server/level/ServerLevel;Lorg/spongepowered/asm/mixin/injection/callback/CallbackInfoReturnable;)V does use it's CallbackInfoReturnable
[04:29:32] [main/DEBUG] (FabricLoader/Mixin) fabric-screen-handler-api-v1.mixins.json:ServerPlayerEntityMixin from mod fabric-screen-handler-api-v1->@Inject::fabric_storeOpenedScreenHandler(Lnet/minecraft/world/MenuProvider;Lorg/spongepowered/asm/mixin/injection/callback/CallbackInfoReturnable;Lnet/minecraft/world/inventory/AbstractContainerMenu;)V doesn't use it's CallbackInfoReturnable
[04:29:32] [main/DEBUG] (FabricLoader/Mixin) fabric-screen-handler-api-v1.mixins.json:ServerPlayerEntityMixin from mod fabric-screen-handler-api-v1->@Inject::fabric_storeOpenedScreenHandler(Lnet/minecraft/world/MenuProvider;Lorg/spongepowered/asm/mixin/injection/callback/CallbackInfoReturnable;Lnet/minecraft/world/inventory/AbstractContainerMenu;)V has 0 override(s) in child classes
[04:29:32] [main/DEBUG] (FabricLoader/Mixin) fabric-screen-handler-api-v1.mixins.json:ServerPlayerEntityMixin from mod fabric-screen-handler-api-v1->@Inject::fabric_storeOpenedScreenHandler(Lnet/minecraft/world/MenuProvider;Lorg/spongepowered/asm/mixin/injection/callback/CallbackInfoReturnable;Lnet/minecraft/world/inventory/AbstractContainerMenu;)V won't be passed a CallbackInfoReturnable as a result
[04:29:32] [main/DEBUG] (FabricLoader/Mixin) architectury.mixins.json:LivingDeathInvoker from mod architectury->@Inject::die(Lnet/minecraft/world/damagesource/DamageSource;Lorg/spongepowered/asm/mixin/injection/callback/CallbackInfo;)V does use it's CallbackInfo
[04:29:32] [main/DEBUG] (FabricLoader/Mixin) architectury.mixins.json:MixinServerPlayer from mod architectury->@Inject::restoreFrom(Lnet/minecraft/server/level/ServerPlayer;ZLorg/spongepowered/asm/mixin/injection/callback/CallbackInfo;)V doesn't use it's CallbackInfo
[04:29:32] [main/DEBUG] (FabricLoader/Mixin) architectury.mixins.json:MixinServerPlayer from mod architectury->@Inject::restoreFrom(Lnet/minecraft/server/level/ServerPlayer;ZLorg/spongepowered/asm/mixin/injection/callback/CallbackInfo;)V has 0 override(s) in child classes
[04:29:32] [main/DEBUG] (FabricLoader/Mixin) architectury.mixins.json:MixinServerPlayer from mod architectury->@Inject::restoreFrom(Lnet/minecraft/server/level/ServerPlayer;ZLorg/spongepowered/asm/mixin/injection/callback/CallbackInfo;)V won't be passed a CallbackInfo as a result
[04:29:32] [main/DEBUG] (FabricLoader/Mixin) architectury.mixins.json:MixinServerPlayer from mod architectury->@Inject::openMenu(Lnet/minecraft/world/MenuProvider;Lorg/spongepowered/asm/mixin/injection/callback/CallbackInfoReturnable;)V does use it's CallbackInfoReturnable
[04:29:32] [main/DEBUG] (FabricLoader/Mixin) architectury.mixins.json:MixinServerPlayer from mod architectury->@Inject::openMenu(Lnet/minecraft/world/MenuProvider;Lorg/spongepowered/asm/mixin/injection/callback/CallbackInfoReturnable;)V does use it's CallbackInfoReturnable
[04:29:32] [main/DEBUG] (FabricLoader/Mixin) architectury.mixins.json:MixinServerPlayer from mod architectury->@Inject::openMenu(Lnet/minecraft/world/MenuProvider;Lorg/spongepowered/asm/mixin/injection/callback/CallbackInfoReturnable;)V does use it's CallbackInfoReturnable
[04:29:32] [main/DEBUG] (FabricLoader/Mixin) architectury.mixins.json:MixinServerPlayer from mod architectury->@Inject::openHorseInventory(Lnet/minecraft/world/entity/animal/horse/AbstractHorse;Lnet/minecraft/world/Container;Lorg/spongepowered/asm/mixin/injection/callback/CallbackInfo;)V doesn't use it's CallbackInfo
[04:29:32] [main/DEBUG] (FabricLoader/Mixin) architectury.mixins.json:MixinServerPlayer from mod architectury->@Inject::openHorseInventory(Lnet/minecraft/world/entity/animal/horse/AbstractHorse;Lnet/minecraft/world/Container;Lorg/spongepowered/asm/mixin/injection/callback/CallbackInfo;)V has 0 override(s) in child classes
[04:29:32] [main/DEBUG] (FabricLoader/Mixin) architectury.mixins.json:MixinServerPlayer from mod architectury->@Inject::openHorseInventory(Lnet/minecraft/world/entity/animal/horse/AbstractHorse;Lnet/minecraft/world/Container;Lorg/spongepowered/asm/mixin/injection/callback/CallbackInfo;)V won't be passed a CallbackInfo as a result
[04:29:32] [main/DEBUG] (FabricLoader/Mixin) architectury.mixins.json:MixinServerPlayer from mod architectury->@Inject::doCloseContainer(Lorg/spongepowered/asm/mixin/injection/callback/CallbackInfo;)V doesn't use it's CallbackInfo
[04:29:32] [main/DEBUG] (FabricLoader/Mixin) architectury.mixins.json:MixinServerPlayer from mod architectury->@Inject::doCloseContainer(Lorg/spongepowered/asm/mixin/injection/callback/CallbackInfo;)V has 0 override(s) in child classes
[04:29:32] [main/DEBUG] (FabricLoader/Mixin) architectury.mixins.json:MixinServerPlayer from mod architectury->@Inject::doCloseContainer(Lorg/spongepowered/asm/mixin/injection/callback/CallbackInfo;)V won't be passed a CallbackInfo as a result
[04:29:32] [main/DEBUG] (FabricLoader/Mixin) architectury.mixins.json:MixinServerPlayer from mod architectury->@Inject::changeDimension(Lnet/minecraft/server/level/ServerLevel;Lorg/spongepowered/asm/mixin/injection/callback/CallbackInfo;)V doesn't use it's CallbackInfo
[04:29:32] [main/DEBUG] (FabricLoader/Mixin) architectury.mixins.json:MixinServerPlayer from mod architectury->@Inject::changeDimension(Lnet/minecraft/server/level/ServerLevel;Lorg/spongepowered/asm/mixin/injection/callback/CallbackInfo;)V has 0 override(s) in child classes
[04:29:32] [main/DEBUG] (FabricLoader/Mixin) architectury.mixins.json:MixinServerPlayer from mod architectury->@Inject::changeDimension(Lnet/minecraft/server/level/ServerLevel;Lorg/spongepowered/asm/mixin/injection/callback/CallbackInfo;)V won't be passed a CallbackInfo as a result
[04:29:32] [main/DEBUG] (FabricLoader/Mixin) fabric-events-interaction-v0.mixins.json:ServerPlayerEntityMixin from mod fabric-events-interaction-v0->@Inject::onPlayerInteractEntity(Lnet/minecraft/world/entity/Entity;Lorg/spongepowered/asm/mixin/injection/callback/CallbackInfo;)V does use it's CallbackInfo
[04:29:32] [main/DEBUG] (FabricLoader/Mixin) Mixing EntityTypeBuilderMixin from fabric-object-builder-v1.mixins.json into net.minecraft.world.entity.EntityType$Builder
[04:29:32] [main/DEBUG] (FabricLoader/Mixin) fabric-object-builder-v1.mixins.json:EntityTypeBuilderMixin from mod fabric-object-builder-api-v1->@Inject::applyChildBuilders(Ljava/lang/String;Lorg/spongepowered/asm/mixin/injection/callback/CallbackInfoReturnable;)V does use it's CallbackInfoReturnable
[04:29:32] [main/DEBUG] (FabricLoader/Mixin) Mixing StructuresToConfiguredStructuresFixMixin from fabric-registry-sync-v0.mixins.json into net.minecraft.util.datafix.fixes.StructuresBecomeConfiguredFix
[04:29:32] [main/DEBUG] (FabricLoader/Mixin) fabric-registry-sync-v0.mixins.json:StructuresToConfiguredStructuresFixMixin from mod fabric-registry-sync-v0->@Inject::method_41022(Lcom/mojang/datafixers/util/Pair;Lcom/mojang/serialization/Dynamic;Lorg/spongepowered/asm/mixin/injection/callback/CallbackInfoReturnable;)V does use it's CallbackInfoReturnable
[04:29:32] [main/DEBUG] (FabricLoader/Mixin) Mixing TaggedChoiceTypeMixin from fabric-dimensions-v1.mixins.json into com.mojang.datafixers.types.templates.TaggedChoice$TaggedChoiceType
[04:29:32] [main/DEBUG] (FabricLoader/Mixin) fabric-dimensions-v1.mixins.json:TaggedChoiceTypeMixin from mod fabric-dimensions-v1->@Inject::onGetCodec(Ljava/lang/Object;Lorg/spongepowered/asm/mixin/injection/callback/CallbackInfoReturnable;)V does use it's CallbackInfoReturnable
[04:29:32] [main/DEBUG] (FabricLoader/Mixin) Mixing TaggedChoiceMixin from fabric-dimensions-v1.mixins.json into com.mojang.datafixers.types.templates.TaggedChoice
[04:29:32] [main/DEBUG] (FabricLoader/Mixin) fabric-dimensions-v1.mixins.json:TaggedChoiceMixin from mod fabric-dimensions-v1->@Inject::onApply(Lcom/mojang/datafixers/util/Pair;Lorg/spongepowered/asm/mixin/injection/callback/CallbackInfoReturnable;)V does use it's CallbackInfoReturnable
[04:29:32] [main/DEBUG] (FabricLoader/Mixin) Mixing Schema2832Mixin from fabric-dimensions-v1.mixins.json into net.minecraft.util.datafix.schemas.V2832
[04:29:32] [main/DEBUG] (FabricLoader/Mixin) Mixing HorseTameInvoker from architectury.mixins.json into net.minecraft.world.entity.ai.goal.RunAroundLikeCrazyGoal
[04:29:32] [main/DEBUG] (FabricLoader/Mixin) architectury.mixins.json:HorseTameInvoker from mod architectury: Class version 61 required is higher than the class version supported by the current version of Mixin (JAVA_16 supports class version 60)
[04:29:32] [main/DEBUG] (FabricLoader/Mixin) architectury.mixins.json:HorseTameInvoker from mod architectury->@Inject::tick(Lorg/spongepowered/asm/mixin/injection/callback/CallbackInfo;)V does use it's CallbackInfo
[04:29:32] [main/DEBUG] (FabricLoader/Mixin) Mixing CatEntityMixin from fabric-item-api-v1.mixins.json into net.minecraft.world.entity.animal.Cat
[04:29:32] [main/DEBUG] (FabricLoader/Mixin) Mixing MixinTamableAnimal from architectury.mixins.json into net.minecraft.world.entity.TamableAnimal
[04:29:32] [main/DEBUG] (FabricLoader/Mixin) architectury.mixins.json:MixinTamableAnimal from mod architectury: Class version 61 required is higher than the class version supported by the current version of Mixin (JAVA_16 supports class version 60)
[04:29:32] [main/DEBUG] (FabricLoader/Mixin) architectury.mixins.json:MixinTamableAnimal from mod architectury->@Inject::tame(Lnet/minecraft/world/entity/player/Player;Lorg/spongepowered/asm/mixin/injection/callback/CallbackInfo;)V does use it's CallbackInfo
[04:29:33] [Datafixer Bootstrap/INFO] (com.mojang.datafixers.DataFixerBuilder) 198 Datafixer optimizations took 103 milliseconds
[04:29:33] [main/DEBUG] (FabricLoader/Mixin) Mixing FoxEntityMixin from fabric-item-api-v1.mixins.json into net.minecraft.world.entity.animal.Fox
[04:29:33] [main/DEBUG] (FabricLoader/Mixin) Mixing MooshroomEntityMixin from fabric-entity-events-v1.mixins.json into net.minecraft.world.entity.animal.MushroomCow
[04:29:33] [main/DEBUG] (FabricLoader/Mixin) Mixing MixinOcelot from architectury.mixins.json into net.minecraft.world.entity.animal.Ocelot
[04:29:33] [main/DEBUG] (FabricLoader/Mixin) architectury.mixins.json:MixinOcelot from mod architectury: Class version 61 required is higher than the class version supported by the current version of Mixin (JAVA_16 supports class version 60)
[04:29:33] [main/DEBUG] (FabricLoader/Mixin) architectury.mixins.json:MixinOcelot from mod architectury->@Inject::mobInteract(Lnet/minecraft/world/entity/player/Player;Lnet/minecraft/world/InteractionHand;Lorg/spongepowered/asm/mixin/injection/callback/CallbackInfoReturnable;)V does use it's CallbackInfoReturnable
[04:29:33] [main/DEBUG] (FabricLoader/Mixin) Mixing PigEntityMixin from fabric-entity-events-v1.mixins.json into net.minecraft.world.entity.animal.Pig
[04:29:33] [main/DEBUG] (FabricLoader/Mixin) Mixing MixinBaseSpawner from architectury.mixins.json into net.minecraft.world.level.BaseSpawner
[04:29:33] [main/DEBUG] (FabricLoader/Mixin) architectury.mixins.json:MixinBaseSpawner from mod architectury: Class version 61 required is higher than the class version supported by the current version of Mixin (JAVA_16 supports class version 60)
[04:29:33] [main/DEBUG] (FabricLoader/Mixin) Mixing AttachmentTargetsMixin from fabric-data-attachment-api-v1.mixins.json into net.minecraft.world.level.chunk.ChunkAccess
[04:29:33] [main/DEBUG] (FabricLoader/Mixin) Mixing WorldChunkMixin from fabric-data-attachment-api-v1.mixins.json into net.minecraft.world.level.chunk.LevelChunk
[04:29:33] [main/DEBUG] (FabricLoader/Mixin) Mixing WorldChunkMixin from fabric-lifecycle-events-v1.client.mixins.json into net.minecraft.world.level.chunk.LevelChunk
[04:29:33] [main/DEBUG] (FabricLoader/Mixin) fabric-data-attachment-api-v1.mixins.json:WorldChunkMixin from mod fabric-data-attachment-api-v1->@Inject::transferProtoChunkAttachement(Lnet/minecraft/server/level/ServerLevel;Lnet/minecraft/world/level/chunk/ProtoChunk;Lnet/minecraft/world/level/chunk/LevelChunk$PostLoadProcessor;Lorg/spongepowered/asm/mixin/injection/callback/CallbackInfo;)V doesn't use it's CallbackInfo
[04:29:33] [main/DEBUG] (FabricLoader/Mixin) fabric-data-attachment-api-v1.mixins.json:WorldChunkMixin from mod fabric-data-attachment-api-v1->@Inject::transferProtoChunkAttachement(Lnet/minecraft/server/level/ServerLevel;Lnet/minecraft/world/level/chunk/ProtoChunk;Lnet/minecraft/world/level/chunk/LevelChunk$PostLoadProcessor;Lorg/spongepowered/asm/mixin/injection/callback/CallbackInfo;)V has 0 override(s) in child classes
[04:29:33] [main/DEBUG] (FabricLoader/Mixin) fabric-data-attachment-api-v1.mixins.json:WorldChunkMixin from mod fabric-data-attachment-api-v1->@Inject::transferProtoChunkAttachement(Lnet/minecraft/server/level/ServerLevel;Lnet/minecraft/world/level/chunk/ProtoChunk;Lnet/minecraft/world/level/chunk/LevelChunk$PostLoadProcessor;Lorg/spongepowered/asm/mixin/injection/callback/CallbackInfo;)V won't be passed a CallbackInfo as a result
[04:29:33] [main/DEBUG] (FabricLoader/Mixin) fabric-lifecycle-events-v1.client.mixins.json:WorldChunkMixin from mod fabric-lifecycle-events-v1->@Inject::onLoadBlockEntity(Lnet/minecraft/world/level/block/entity/BlockEntity;Lorg/spongepowered/asm/mixin/injection/callback/CallbackInfo;Lnet/minecraft/core/BlockPos;Lnet/minecraft/world/level/block/entity/BlockEntity;)V doesn't use it's CallbackInfo
[04:29:33] [main/DEBUG] (FabricLoader/Mixin) fabric-lifecycle-events-v1.client.mixins.json:WorldChunkMixin from mod fabric-lifecycle-events-v1->@Inject::onLoadBlockEntity(Lnet/minecraft/world/level/block/entity/BlockEntity;Lorg/spongepowered/asm/mixin/injection/callback/CallbackInfo;Lnet/minecraft/core/BlockPos;Lnet/minecraft/world/level/block/entity/BlockEntity;)V has 0 override(s) in child classes
[04:29:33] [main/DEBUG] (FabricLoader/Mixin) fabric-lifecycle-events-v1.client.mixins.json:WorldChunkMixin from mod fabric-lifecycle-events-v1->@Inject::onLoadBlockEntity(Lnet/minecraft/world/level/block/entity/BlockEntity;Lorg/spongepowered/asm/mixin/injection/callback/CallbackInfo;Lnet/minecraft/core/BlockPos;Lnet/minecraft/world/level/block/entity/BlockEntity;)V won't be passed a CallbackInfo as a result
[04:29:33] [main/DEBUG] (FabricLoader/Mixin) fabric-lifecycle-events-v1.client.mixins.json:WorldChunkMixin from mod fabric-lifecycle-events-v1->@Inject::onRemoveBlockEntity(Lnet/minecraft/world/level/block/entity/BlockEntity;Lorg/spongepowered/asm/mixin/injection/callback/CallbackInfo;Lnet/minecraft/core/BlockPos;Lnet/minecraft/world/level/block/entity/BlockEntity;)V doesn't use it's CallbackInfo
[04:29:33] [main/DEBUG] (FabricLoader/Mixin) fabric-lifecycle-events-v1.client.mixins.json:WorldChunkMixin from mod fabric-lifecycle-events-v1->@Inject::onRemoveBlockEntity(Lnet/minecraft/world/level/block/entity/BlockEntity;Lorg/spongepowered/asm/mixin/injection/callback/CallbackInfo;Lnet/minecraft/core/BlockPos;Lnet/minecraft/world/level/block/entity/BlockEntity;)V has 0 override(s) in child classes
[04:29:33] [main/DEBUG] (FabricLoader/Mixin) fabric-lifecycle-events-v1.client.mixins.json:WorldChunkMixin from mod fabric-lifecycle-events-v1->@Inject::onRemoveBlockEntity(Lnet/minecraft/world/level/block/entity/BlockEntity;Lorg/spongepowered/asm/mixin/injection/callback/CallbackInfo;Lnet/minecraft/core/BlockPos;Lnet/minecraft/world/level/block/entity/BlockEntity;)V won't be passed a CallbackInfo as a result
[04:29:33] [main/DEBUG] (FabricLoader/Mixin) fabric-lifecycle-events-v1.client.mixins.json:WorldChunkMixin from mod fabric-lifecycle-events-v1->@Inject::onRemoveBlockEntity(Lnet/minecraft/core/BlockPos;Lorg/spongepowered/asm/mixin/injection/callback/CallbackInfo;Lnet/minecraft/world/level/block/entity/BlockEntity;)V doesn't use it's CallbackInfo
[04:29:33] [main/DEBUG] (FabricLoader/Mixin) fabric-lifecycle-events-v1.client.mixins.json:WorldChunkMixin from mod fabric-lifecycle-events-v1->@Inject::onRemoveBlockEntity(Lnet/minecraft/core/BlockPos;Lorg/spongepowered/asm/mixin/injection/callback/CallbackInfo;Lnet/minecraft/world/level/block/entity/BlockEntity;)V has 0 override(s) in child classes
[04:29:33] [main/DEBUG] (FabricLoader/Mixin) fabric-lifecycle-events-v1.client.mixins.json:WorldChunkMixin from mod fabric-lifecycle-events-v1->@Inject::onRemoveBlockEntity(Lnet/minecraft/core/BlockPos;Lorg/spongepowered/asm/mixin/injection/callback/CallbackInfo;Lnet/minecraft/world/level/block/entity/BlockEntity;)V won't be passed a CallbackInfo as a result
[04:29:33] [main/DEBUG] (FabricLoader/Mixin) Mixing VillagerEntityMixin from fabric-entity-events-v1.mixins.json into net.minecraft.world.entity.npc.Villager
[04:29:33] [main/DEBUG] (FabricLoader/Mixin) Mixing VillagerEntityAccessor from fabric-content-registries-v0.mixins.json into net.minecraft.world.entity.npc.Villager
[04:29:33] [main/DEBUG] (FabricLoader/Mixin) Renaming @Accessor method fabric_setItemFoodValues(Ljava/util/Map;)V to fabric_setItemFoodValues$fabric-content-registries-v0_$md$2e53f5$0 in fabric-content-registries-v0.mixins.json:VillagerEntityAccessor from mod fabric-content-registries-v0
[04:29:33] [main/DEBUG] (FabricLoader/Mixin) Renaming @Accessor method fabric_setGatherableItems(Ljava/util/Set;)V to fabric_setGatherableItems$fabric-content-registries-v0_$md$2e53f5$1 in fabric-content-registries-v0.mixins.json:VillagerEntityAccessor from mod fabric-content-registries-v0
[04:29:33] [main/DEBUG] (FabricLoader/Mixin) Renaming @Accessor method fabric_getGatherableItems()Ljava/util/Set; to fabric_getGatherableItems$fabric-content-registries-v0_$md$2e53f5$2 in fabric-content-registries-v0.mixins.json:VillagerEntityAccessor from mod fabric-content-registries-v0
[04:29:33] [main/DEBUG] (FabricLoader/Mixin) Mixing WolfEntityMixin from fabric-item-api-v1.mixins.json into net.minecraft.world.entity.animal.Wolf
[04:29:33] [main/DEBUG] (FabricLoader/Mixin) fabric-item-api-v1.mixins.json:WolfEntityMixin from mod fabric-item-api-v1->@Inject::storeCopy(Lnet/minecraft/world/entity/player/Player;Lnet/minecraft/world/InteractionHand;Lorg/spongepowered/asm/mixin/injection/callback/CallbackInfoReturnable;)V doesn't use it's CallbackInfoReturnable
[04:29:33] [main/DEBUG] (FabricLoader/Mixin) fabric-item-api-v1.mixins.json:WolfEntityMixin from mod fabric-item-api-v1->@Inject::storeCopy(Lnet/minecraft/world/entity/player/Player;Lnet/minecraft/world/InteractionHand;Lorg/spongepowered/asm/mixin/injection/callback/CallbackInfoReturnable;)V has 0 override(s) in child classes
[04:29:33] [main/DEBUG] (FabricLoader/Mixin) fabric-item-api-v1.mixins.json:WolfEntityMixin from mod fabric-item-api-v1->@Inject::storeCopy(Lnet/minecraft/world/entity/player/Player;Lnet/minecraft/world/InteractionHand;Lorg/spongepowered/asm/mixin/injection/callback/CallbackInfoReturnable;)V won't be passed a CallbackInfoReturnable as a result
[04:29:33] [main/DEBUG] (FabricLoader/Mixin) Mixing emotion.FishingHookMixin from depression.mixins.json into net.minecraft.world.entity.projectile.FishingHook
[04:29:33] [main/DEBUG] (FabricLoader/Mixin) depression.mixins.json:emotion.FishingHookMixin from mod depression->@Inject::onRetrieve(Lnet/minecraft/world/item/ItemStack;Lorg/spongepowered/asm/mixin/injection/callback/CallbackInfoReturnable;)V doesn't use it's CallbackInfoReturnable
[04:29:33] [main/DEBUG] (FabricLoader/Mixin) depression.mixins.json:emotion.FishingHookMixin from mod depression->@Inject::onRetrieve(Lnet/minecraft/world/item/ItemStack;Lorg/spongepowered/asm/mixin/injection/callback/CallbackInfoReturnable;)V has 0 override(s) in child classes
[04:29:33] [main/DEBUG] (FabricLoader/Mixin) depression.mixins.json:emotion.FishingHookMixin from mod depression->@Inject::onRetrieve(Lnet/minecraft/world/item/ItemStack;Lorg/spongepowered/asm/mixin/injection/callback/CallbackInfoReturnable;)V won't be passed a CallbackInfoReturnable as a result
[04:29:33] [main/DEBUG] (FabricLoader/Mixin) Mixing ingredient.IngredientMixin from fabric-recipe-api-v1.mixins.json into net.minecraft.world.item.crafting.Ingredient
[04:29:33] [main/DEBUG] (FabricLoader/Mixin) Renaming synthetic method lambda$injectCodec$3(Lnet/minecraft/world/item/crafting/Ingredient;)Lcom/mojang/datafixers/util/Either; to md2e53f5$fabric-recipe-api-v1$lambda$injectCodec$3$0 in fabric-recipe-api-v1.mixins.json:ingredient.IngredientMixin from mod fabric-recipe-api-v1
[04:29:33] [main/DEBUG] (FabricLoader/Mixin) Renaming synthetic method lambda$injectCodec$2(Lcom/mojang/datafixers/util/Either;)Lnet/minecraft/world/item/crafting/Ingredient; to md2e53f5$fabric-recipe-api-v1$lambda$injectCodec$2$1 in fabric-recipe-api-v1.mixins.json:ingredient.IngredientMixin from mod fabric-recipe-api-v1
[04:29:33] [main/DEBUG] (FabricLoader/Mixin) Renaming synthetic method lambda$injectCodec$1(Lnet/minecraft/world/item/crafting/Ingredient;)Lnet/minecraft/world/item/crafting/Ingredient; to md2e53f5$fabric-recipe-api-v1$lambda$injectCodec$1$2 in fabric-recipe-api-v1.mixins.json:ingredient.IngredientMixin from mod fabric-recipe-api-v1
[04:29:33] [main/DEBUG] (FabricLoader/Mixin) Renaming synthetic method lambda$injectCodec$0(ZLnet/fabricmc/fabric/api/recipe/v1/ingredient/CustomIngredientSerializer;)Lcom/mojang/serialization/Codec; to md2e53f5$fabric-recipe-api-v1$lambda$injectCodec$0$3 in fabric-recipe-api-v1.mixins.json:ingredient.IngredientMixin from mod fabric-recipe-api-v1
[04:29:33] [main/DEBUG] (FabricLoader/Mixin) fabric-recipe-api-v1.mixins.json:ingredient.IngredientMixin from mod fabric-recipe-api-v1->@Inject::injectCodec(ZLorg/spongepowered/asm/mixin/injection/callback/CallbackInfoReturnable;)V does use it's CallbackInfoReturnable
[04:29:33] [main/DEBUG] (FabricLoader/Mixin) fabric-recipe-api-v1.mixins.json:ingredient.IngredientMixin from mod fabric-recipe-api-v1->@Inject::injectFromPacket(Lnet/minecraft/network/FriendlyByteBuf;Lorg/spongepowered/asm/mixin/injection/callback/CallbackInfoReturnable;)V does use it's CallbackInfoReturnable
[04:29:33] [main/DEBUG] (FabricLoader/Mixin) Mixing inject.MixinFoodPropertiesBuilder from architectury-common.mixins.json into net.minecraft.world.food.FoodProperties$Builder
[04:29:33] [main/DEBUG] (FabricLoader/Mixin) architectury-common.mixins.json:inject.MixinFoodPropertiesBuilder from mod architectury: Class version 61 required is higher than the class version supported by the current version of Mixin (JAVA_16 supports class version 60)
[04:29:33] [main/DEBUG] (FabricLoader/Mixin) Mixing EntitySelectorOptionsAccessor from fabric-command-api-v2.mixins.json into net.minecraft.commands.arguments.selector.options.EntitySelectorOptions
[04:29:33] [main/DEBUG] (FabricLoader/Mixin) Renaming @Invoker method callPutOption(Ljava/lang/String;Lnet/minecraft/commands/arguments/selector/options/EntitySelectorOptions$Modifier;Ljava/util/function/Predicate;Lnet/minecraft/network/chat/Component;)V to callPutOption$fabric-command-api-v2_$md$2e53f5$0 in fabric-command-api-v2.mixins.json:EntitySelectorOptionsAccessor from mod fabric-command-api-v2
[04:29:33] [main/DEBUG] (FabricLoader/Mixin) Mixing EntitySelectorReaderMixin from fabric-command-api-v2.mixins.json into net.minecraft.commands.arguments.selector.EntitySelectorParser
[04:29:33] [main/DEBUG] (FabricLoader/Mixin) Mixing BlockEntityTypeBuilderMixin from fabric-object-builder-v1.mixins.json into net.minecraft.world.level.block.entity.BlockEntityType$Builder
[04:29:33] [main/DEBUG] (FabricLoader/Mixin) Generating mapped inner class net/minecraft/world/level/block/entity/ChiseledBookShelfBlockEntity$Anonymous$5883cb19f7964d8ba48b6ef9240558c0 (originally net/fabricmc/fabric/mixin/transfer/ChiseledBookshelfBlockEntityMixin$1)
[04:29:33] [main/DEBUG] (FabricLoader/Mixin) Mixing StructureTemplateManagerMixin from fabric-gametest-api-v1.mixins.json into net.minecraft.world.level.levelgen.structure.templatesystem.StructureTemplateManager
[04:29:33] [main/DEBUG] (FabricLoader/Mixin) fabric-gametest-api-v1.mixins.json:StructureTemplateManagerMixin from mod fabric-gametest-api-v1->@Inject::addFabricTemplateProvider(Lnet/minecraft/server/packs/resources/ResourceManager;Lnet/minecraft/world/level/storage/LevelStorageSource$LevelStorageAccess;Lcom/mojang/datafixers/DataFixer;Lnet/minecraft/core/HolderGetter;Lorg/spongepowered/asm/mixin/injection/callback/CallbackInfo;Lcom/google/common/collect/ImmutableList$Builder;)V doesn't use it's CallbackInfo
[04:29:33] [main/DEBUG] (FabricLoader/Mixin) fabric-gametest-api-v1.mixins.json:StructureTemplateManagerMixin from mod fabric-gametest-api-v1->@Inject::addFabricTemplateProvider(Lnet/minecraft/server/packs/resources/ResourceManager;Lnet/minecraft/world/level/storage/LevelStorageSource$LevelStorageAccess;Lcom/mojang/datafixers/DataFixer;Lnet/minecraft/core/HolderGetter;Lorg/spongepowered/asm/mixin/injection/callback/CallbackInfo;Lcom/google/common/collect/ImmutableList$Builder;)V has 0 override(s) in child classes
[04:29:33] [main/DEBUG] (FabricLoader/Mixin) fabric-gametest-api-v1.mixins.json:StructureTemplateManagerMixin from mod fabric-gametest-api-v1->@Inject::addFabricTemplateProvider(Lnet/minecraft/server/packs/resources/ResourceManager;Lnet/minecraft/world/level/storage/LevelStorageSource$LevelStorageAccess;Lcom/mojang/datafixers/DataFixer;Lnet/minecraft/core/HolderGetter;Lorg/spongepowered/asm/mixin/injection/callback/CallbackInfo;Lcom/google/common/collect/ImmutableList$Builder;)V won't be passed a CallbackInfo as a result
[04:29:33] [main/DEBUG] (FabricLoader/Mixin) Mixing MixinInventory from architectury.mixins.json into net.minecraft.world.entity.player.Inventory
[04:29:33] [main/DEBUG] (FabricLoader/Mixin) architectury.mixins.json:MixinInventory from mod architectury: Class version 61 required is higher than the class version supported by the current version of Mixin (JAVA_16 supports class version 60)
[04:29:33] [main/DEBUG] (FabricLoader/Mixin) architectury.mixins.json:MixinInventory from mod architectury->@Inject::updateItems(Lorg/spongepowered/asm/mixin/injection/callback/CallbackInfo;)V doesn't use it's CallbackInfo
[04:29:33] [main/DEBUG] (FabricLoader/Mixin) architectury.mixins.json:MixinInventory from mod architectury->@Inject::updateItems(Lorg/spongepowered/asm/mixin/injection/callback/CallbackInfo;)V has 0 override(s) in child classes
[04:29:33] [main/DEBUG] (FabricLoader/Mixin) architectury.mixins.json:MixinInventory from mod architectury->@Inject::updateItems(Lorg/spongepowered/asm/mixin/injection/callback/CallbackInfo;)V won't be passed a CallbackInfo as a result
[04:29:33] [main/DEBUG] (FabricLoader/Mixin) Mixing SimpleInventoryMixin from fabric-transfer-api-v1.mixins.json into net.minecraft.world.SimpleContainer
[04:29:33] [main/DEBUG] (FabricLoader/Mixin) Mixing MixinFurnaceResultSlot from architectury.mixins.json into net.minecraft.world.inventory.FurnaceResultSlot
[04:29:33] [main/DEBUG] (FabricLoader/Mixin) architectury.mixins.json:MixinFurnaceResultSlot from mod architectury: Class version 61 required is higher than the class version supported by the current version of Mixin (JAVA_16 supports class version 60)
[04:29:33] [main/DEBUG] (FabricLoader/Mixin) architectury.mixins.json:MixinFurnaceResultSlot from mod architectury->@Inject::checkTakeAchievements(Lnet/minecraft/world/item/ItemStack;Lorg/spongepowered/asm/mixin/injection/callback/CallbackInfo;)V doesn't use it's CallbackInfo
[04:29:33] [main/DEBUG] (FabricLoader/Mixin) architectury.mixins.json:MixinFurnaceResultSlot from mod architectury->@Inject::checkTakeAchievements(Lnet/minecraft/world/item/ItemStack;Lorg/spongepowered/asm/mixin/injection/callback/CallbackInfo;)V has 0 override(s) in child classes
[04:29:33] [main/DEBUG] (FabricLoader/Mixin) architectury.mixins.json:MixinFurnaceResultSlot from mod architectury->@Inject::checkTakeAchievements(Lnet/minecraft/world/item/ItemStack;Lorg/spongepowered/asm/mixin/injection/callback/CallbackInfo;)V won't be passed a CallbackInfo as a result
[04:29:33] [main/DEBUG] (FabricLoader/Mixin) Mixing MixinResultSlot from architectury.mixins.json into net.minecraft.world.inventory.ResultSlot
[04:29:33] [main/DEBUG] (FabricLoader/Mixin) architectury.mixins.json:MixinResultSlot from mod architectury: Class version 61 required is higher than the class version supported by the current version of Mixin (JAVA_16 supports class version 60)
[04:29:33] [main/DEBUG] (FabricLoader/Mixin) architectury.mixins.json:MixinResultSlot from mod architectury->@Inject::craft(Lnet/minecraft/world/item/ItemStack;Lorg/spongepowered/asm/mixin/injection/callback/CallbackInfo;)V doesn't use it's CallbackInfo
[04:29:33] [main/DEBUG] (FabricLoader/Mixin) architectury.mixins.json:MixinResultSlot from mod architectury->@Inject::craft(Lnet/minecraft/world/item/ItemStack;Lorg/spongepowered/asm/mixin/injection/callback/CallbackInfo;)V has 0 override(s) in child classes
[04:29:33] [main/DEBUG] (FabricLoader/Mixin) architectury.mixins.json:MixinResultSlot from mod architectury->@Inject::craft(Lnet/minecraft/world/item/ItemStack;Lorg/spongepowered/asm/mixin/injection/callback/CallbackInfo;)V won't be passed a CallbackInfo as a result
[04:29:33] [main/DEBUG] (FabricLoader/Mixin) Mixing RecipeMixin from fabric-item-api-v1.mixins.json into net.minecraft.world.item.crafting.Recipe
[04:29:33] [main/DEBUG] (FabricLoader/Mixin) fabric-item-api-v1.mixins.json:RecipeMixin from mod fabric-item-api-v1->@Inject::captureStack(Lnet/minecraft/world/Container;Lorg/spongepowered/asm/mixin/injection/callback/CallbackInfoReturnable;Lnet/minecraft/core/NonNullList;I)V doesn't use it's CallbackInfoReturnable
[04:29:33] [main/DEBUG] (FabricLoader/Mixin) fabric-item-api-v1.mixins.json:RecipeMixin from mod fabric-item-api-v1->@Inject::captureStack(Lnet/minecraft/world/Container;Lorg/spongepowered/asm/mixin/injection/callback/CallbackInfoReturnable;Lnet/minecraft/core/NonNullList;I)V has 0 override(s) in child classes
[04:29:33] [main/DEBUG] (FabricLoader/Mixin) fabric-item-api-v1.mixins.json:RecipeMixin from mod fabric-item-api-v1->@Inject::captureStack(Lnet/minecraft/world/Container;Lorg/spongepowered/asm/mixin/injection/callback/CallbackInfoReturnable;Lnet/minecraft/core/NonNullList;I)V won't be passed a CallbackInfoReturnable as a result
[04:29:33] [main/DEBUG] (FabricLoader/Mixin) Mixing ingredient.ShapelessRecipeMixin from fabric-recipe-api-v1.mixins.json into net.minecraft.world.item.crafting.ShapelessRecipe
[04:29:33] [main/DEBUG] (FabricLoader/Mixin) fabric-recipe-api-v1.mixins.json:ingredient.ShapelessRecipeMixin from mod fabric-recipe-api-v1->@Inject::cacheRequiresTesting(Ljava/lang/String;Lnet/minecraft/world/item/crafting/CraftingBookCategory;Lnet/minecraft/world/item/ItemStack;Lnet/minecraft/core/NonNullList;Lorg/spongepowered/asm/mixin/injection/callback/CallbackInfo;)V doesn't use it's CallbackInfo
[04:29:33] [main/DEBUG] (FabricLoader/Mixin) fabric-recipe-api-v1.mixins.json:ingredient.ShapelessRecipeMixin from mod fabric-recipe-api-v1->@Inject::cacheRequiresTesting(Ljava/lang/String;Lnet/minecraft/world/item/crafting/CraftingBookCategory;Lnet/minecraft/world/item/ItemStack;Lnet/minecraft/core/NonNullList;Lorg/spongepowered/asm/mixin/injection/callback/CallbackInfo;)V has 0 override(s) in child classes
[04:29:33] [main/DEBUG] (FabricLoader/Mixin) fabric-recipe-api-v1.mixins.json:ingredient.ShapelessRecipeMixin from mod fabric-recipe-api-v1->@Inject::cacheRequiresTesting(Ljava/lang/String;Lnet/minecraft/world/item/crafting/CraftingBookCategory;Lnet/minecraft/world/item/ItemStack;Lnet/minecraft/core/NonNullList;Lorg/spongepowered/asm/mixin/injection/callback/CallbackInfo;)V won't be passed a CallbackInfo as a result
[04:29:33] [main/DEBUG] (FabricLoader/Mixin) fabric-recipe-api-v1.mixins.json:ingredient.ShapelessRecipeMixin from mod fabric-recipe-api-v1->@Inject::customIngredientMatch(Lnet/minecraft/world/inventory/CraftingContainer;Lnet/minecraft/world/level/Level;Lorg/spongepowered/asm/mixin/injection/callback/CallbackInfoReturnable;)V does use it's CallbackInfoReturnable
[04:29:33] [main/DEBUG] (FabricLoader/Mixin) Mixing ItemPredicateMixin from fabric-item-api-v1.mixins.json into net.minecraft.advancements.critereon.ItemPredicate
[04:29:33] [main/DEBUG] (FabricLoader/Mixin) Mixing EnchantRandomlyLootFunctionMixin from fabric-item-api-v1.mixins.json into net.minecraft.world.level.storage.loot.functions.EnchantRandomlyFunction
[04:29:33] [main/DEBUG] (FabricLoader/Mixin) Mixing RegistryCodecsMixin from fabric-dimensions-v1.mixins.json into net.minecraft.core.RegistryCodecs
[04:29:34] [main/DEBUG] (FabricLoader/Mixin) Mixing StructureTemplatePoolAccess from depression.mixins.json into net.minecraft.world.level.levelgen.structure.pools.StructureTemplatePool
[04:29:34] [main/DEBUG] (FabricLoader/Mixin) Mixing BiomeSourceMixin from fabric-biome-api-v1.mixins.json into net.minecraft.world.level.biome.BiomeSource
[04:29:34] [main/DEBUG] (FabricLoader/Mixin) Mixing MultiNoiseBiomeSourceMixin from fabric-biome-api-v1.mixins.json into net.minecraft.world.level.biome.MultiNoiseBiomeSource
[04:29:34] [main/DEBUG] (FabricLoader/Mixin) Mixing NetherBiomePresetMixin from fabric-biome-api-v1.mixins.json into net.minecraft.world.level.biome.MultiNoiseBiomeSourceParameterList$Preset$1
[04:29:34] [main/DEBUG] (FabricLoader/Mixin) fabric-biome-api-v1.mixins.json:NetherBiomePresetMixin from mod fabric-biome-api-v1->@Inject::apply(Ljava/util/function/Function;Lorg/spongepowered/asm/mixin/injection/callback/CallbackInfoReturnable;)V does use it's CallbackInfoReturnable
[04:29:34] [main/DEBUG] (FabricLoader/Mixin) Mixing TheEndBiomeSourceMixin from fabric-biome-api-v1.mixins.json into net.minecraft.world.level.biome.TheEndBiomeSource
[04:29:34] [main/DEBUG] (FabricLoader/Mixin) Renaming synthetic method lambda$init$1(Lnet/minecraft/core/HolderGetter;)Lnet/fabricmc/fabric/impl/biome/TheEndBiomeData$Overrides; to md2e53f5$fabric-biome-api-v1$lambda$init$1$0 in fabric-biome-api-v1.mixins.json:TheEndBiomeSourceMixin from mod fabric-biome-api-v1
[04:29:34] [main/DEBUG] (FabricLoader/Mixin) Renaming synthetic method lambda$modifyCodec$0(Lcom/mojang/serialization/codecs/RecordCodecBuilder$Instance;)Lcom/mojang/datafixers/kinds/App; to md2e53f5$fabric-biome-api-v1$lambda$modifyCodec$0$1 in fabric-biome-api-v1.mixins.json:TheEndBiomeSourceMixin from mod fabric-biome-api-v1
[04:29:34] [main/DEBUG] (FabricLoader/Mixin) fabric-biome-api-v1.mixins.json:TheEndBiomeSourceMixin from mod fabric-biome-api-v1->@Inject::modifyCodec(Lorg/spongepowered/asm/mixin/injection/callback/CallbackInfo;)V doesn't use it's CallbackInfo
[04:29:34] [main/DEBUG] (FabricLoader/Mixin) fabric-biome-api-v1.mixins.json:TheEndBiomeSourceMixin from mod fabric-biome-api-v1->@Inject::rememberLookup(Lnet/minecraft/core/HolderGetter;Lorg/spongepowered/asm/mixin/injection/callback/CallbackInfoReturnable;)V doesn't use it's CallbackInfoReturnable
[04:29:34] [main/DEBUG] (FabricLoader/Mixin) fabric-biome-api-v1.mixins.json:TheEndBiomeSourceMixin from mod fabric-biome-api-v1->@Inject::clearLookup(Lnet/minecraft/core/HolderGetter;Lorg/spongepowered/asm/mixin/injection/callback/CallbackInfoReturnable;)V doesn't use it's CallbackInfoReturnable
[04:29:34] [main/DEBUG] (FabricLoader/Mixin) fabric-biome-api-v1.mixins.json:TheEndBiomeSourceMixin from mod fabric-biome-api-v1->@Inject::init(Lnet/minecraft/core/Holder;Lnet/minecraft/core/Holder;Lnet/minecraft/core/Holder;Lnet/minecraft/core/Holder;Lnet/minecraft/core/Holder;Lorg/spongepowered/asm/mixin/injection/callback/CallbackInfo;)V doesn't use it's CallbackInfo
[04:29:34] [main/DEBUG] (FabricLoader/Mixin) fabric-biome-api-v1.mixins.json:TheEndBiomeSourceMixin from mod fabric-biome-api-v1->@Inject::init(Lnet/minecraft/core/Holder;Lnet/minecraft/core/Holder;Lnet/minecraft/core/Holder;Lnet/minecraft/core/Holder;Lnet/minecraft/core/Holder;Lorg/spongepowered/asm/mixin/injection/callback/CallbackInfo;)V has 0 override(s) in child classes
[04:29:34] [main/DEBUG] (FabricLoader/Mixin) fabric-biome-api-v1.mixins.json:TheEndBiomeSourceMixin from mod fabric-biome-api-v1->@Inject::init(Lnet/minecraft/core/Holder;Lnet/minecraft/core/Holder;Lnet/minecraft/core/Holder;Lnet/minecraft/core/Holder;Lnet/minecraft/core/Holder;Lorg/spongepowered/asm/mixin/injection/callback/CallbackInfo;)V won't be passed a CallbackInfo as a result
[04:29:34] [main/DEBUG] (FabricLoader/Mixin) fabric-biome-api-v1.mixins.json:TheEndBiomeSourceMixin from mod fabric-biome-api-v1->@Inject::getWeightedEndBiome(IIILnet/minecraft/world/level/biome/Climate$Sampler;Lorg/spongepowered/asm/mixin/injection/callback/CallbackInfoReturnable;)V does use it's CallbackInfoReturnable
[04:29:34] [main/DEBUG] (FabricLoader/Mixin) fabric-biome-api-v1.mixins.json:TheEndBiomeSourceMixin from mod fabric-biome-api-v1->@Inject::getWeightedEndBiome(IIILnet/minecraft/world/level/biome/Climate$Sampler;Lorg/spongepowered/asm/mixin/injection/callback/CallbackInfoReturnable;)V does use it's CallbackInfoReturnable
[04:29:34] [main/DEBUG] (FabricLoader/Mixin) fabric-biome-api-v1.mixins.json:TheEndBiomeSourceMixin from mod fabric-biome-api-v1->@Inject::getWeightedEndBiome(IIILnet/minecraft/world/level/biome/Climate$Sampler;Lorg/spongepowered/asm/mixin/injection/callback/CallbackInfoReturnable;)V does use it's CallbackInfoReturnable
[04:29:34] [main/DEBUG] (FabricLoader/Mixin) fabric-biome-api-v1.mixins.json:TheEndBiomeSourceMixin from mod fabric-biome-api-v1->@Inject::getWeightedEndBiome(IIILnet/minecraft/world/level/biome/Climate$Sampler;Lorg/spongepowered/asm/mixin/injection/callback/CallbackInfoReturnable;)V does use it's CallbackInfoReturnable
[04:29:34] [main/DEBUG] (FabricLoader/Mixin) fabric-biome-api-v1.mixins.json:TheEndBiomeSourceMixin from mod fabric-biome-api-v1->@Inject::getWeightedEndBiome(IIILnet/minecraft/world/level/biome/Climate$Sampler;Lorg/spongepowered/asm/mixin/injection/callback/CallbackInfoReturnable;)V does use it's CallbackInfoReturnable
[04:29:34] [main/DEBUG] (FabricLoader/Mixin) Mixing DebugChunkGeneratorAccessor from fabric-registry-sync-v0.mixins.json into net.minecraft.world.level.levelgen.DebugLevelSource
[04:29:34] [main/DEBUG] (FabricLoader/Mixin) Renaming @Accessor method setBLOCK_STATES(Ljava/util/List;)V to setBLOCK_STATES$fabric-registry-sync-v0_$md$2e53f5$0 in fabric-registry-sync-v0.mixins.json:DebugChunkGeneratorAccessor from mod fabric-registry-sync-v0
[04:29:34] [main/DEBUG] (FabricLoader/Mixin) Renaming @Accessor method setX_SIDE_LENGTH(I)V to setX_SIDE_LENGTH$fabric-registry-sync-v0_$md$2e53f5$1 in fabric-registry-sync-v0.mixins.json:DebugChunkGeneratorAccessor from mod fabric-registry-sync-v0
[04:29:34] [main/DEBUG] (FabricLoader/Mixin) Renaming @Accessor method setZ_SIDE_LENGTH(I)V to setZ_SIDE_LENGTH$fabric-registry-sync-v0_$md$2e53f5$2 in fabric-registry-sync-v0.mixins.json:DebugChunkGeneratorAccessor from mod fabric-registry-sync-v0
[04:29:34] [main/DEBUG] (FabricLoader/Mixin) Mixing DefaultAttributeRegistryAccessor from fabric-object-builder-v1.mixins.json into net.minecraft.world.entity.ai.attributes.DefaultAttributes
[04:29:34] [main/DEBUG] (FabricLoader/Mixin) Renaming @Accessor method getRegistry()Ljava/util/Map; to getRegistry$fabric-object-builder-api-v1_$md$2e53f5$0 in fabric-object-builder-v1.mixins.json:DefaultAttributeRegistryAccessor from mod fabric-object-builder-api-v1
[04:29:34] [main/DEBUG] (FabricLoader/Mixin) Mixing DefaultAttributeRegistryMixin from fabric-object-builder-v1.mixins.json into net.minecraft.world.entity.ai.attributes.DefaultAttributes
[04:29:34] [main/DEBUG] (FabricLoader/Mixin) fabric-object-builder-v1.mixins.json:DefaultAttributeRegistryMixin from mod fabric-object-builder-api-v1->@Inject::injectAttributes(Lorg/spongepowered/asm/mixin/injection/callback/CallbackInfo;)V doesn't use it's CallbackInfo
[04:29:34] [Render thread/DEBUG] (FabricLoader/Mixin) Mixing MinecraftClientMixin from fabric-registry-sync-v0.client.mixins.json into net.minecraft.client.Minecraft
[04:29:34] [Render thread/DEBUG] (FabricLoader/Mixin) Mixing MinecraftClientMixin from fabric-lifecycle-events-v1.client.mixins.json into net.minecraft.client.Minecraft
[04:29:34] [Render thread/DEBUG] (FabricLoader/Mixin) Mixing MinecraftClientMixin from fabric-screen-api-v1.mixins.json into net.minecraft.client.Minecraft
[04:29:34] [Render thread/DEBUG] (FabricLoader/Mixin) Renaming @Unique field LOGGERLorg/slf4j/Logger; to fd2e53f5$LOGGER$0 in fabric-screen-api-v1.mixins.json:MinecraftClientMixin from mod fabric-screen-api-v1
[04:29:34] [Render thread/DEBUG] (FabricLoader/Mixin) Mixing client.MixinMinecraft from architectury.mixins.json into net.minecraft.client.Minecraft
[04:29:34] [Render thread/DEBUG] (FabricLoader/Mixin) architectury.mixins.json:client.MixinMinecraft from mod architectury: Class version 61 required is higher than the class version supported by the current version of Mixin (JAVA_16 supports class version 60)
[04:29:34] [Render thread/DEBUG] (FabricLoader/Mixin) Mixing MinecraftClientMixin from fabric-data-generation-api-v1.client.mixins.json into net.minecraft.client.Minecraft
[04:29:34] [Render thread/DEBUG] (FabricLoader/Mixin) Mixing MinecraftClientMixin from fabric-events-interaction-v0.client.mixins.json into net.minecraft.client.Minecraft
[04:29:34] [Render thread/DEBUG] (FabricLoader/Mixin) Mixing accessor.MinecraftClientAccessor from fabric-networking-api-v1.client.mixins.json into net.minecraft.client.Minecraft
[04:29:34] [Render thread/DEBUG] (FabricLoader/Mixin) fabric-registry-sync-v0.client.mixins.json:MinecraftClientMixin from mod fabric-registry-sync-v0->@Inject::disconnectAfter(Lnet/minecraft/client/gui/screens/Screen;Lorg/spongepowered/asm/mixin/injection/callback/CallbackInfo;)V doesn't use it's CallbackInfo
[04:29:34] [Render thread/DEBUG] (FabricLoader/Mixin) fabric-registry-sync-v0.client.mixins.json:MinecraftClientMixin from mod fabric-registry-sync-v0->@Inject::disconnectAfter(Lnet/minecraft/client/gui/screens/Screen;Lorg/spongepowered/asm/mixin/injection/callback/CallbackInfo;)V has 0 override(s) in child classes
[04:29:34] [Render thread/DEBUG] (FabricLoader/Mixin) fabric-registry-sync-v0.client.mixins.json:MinecraftClientMixin from mod fabric-registry-sync-v0->@Inject::disconnectAfter(Lnet/minecraft/client/gui/screens/Screen;Lorg/spongepowered/asm/mixin/injection/callback/CallbackInfo;)V won't be passed a CallbackInfo as a result
[04:29:34] [Render thread/DEBUG] (FabricLoader/Mixin) fabric-registry-sync-v0.client.mixins.json:MinecraftClientMixin from mod fabric-registry-sync-v0->@Inject::onStart(Lorg/spongepowered/asm/mixin/injection/callback/CallbackInfo;)V doesn't use it's CallbackInfo
[04:29:34] [Render thread/DEBUG] (FabricLoader/Mixin) fabric-registry-sync-v0.client.mixins.json:MinecraftClientMixin from mod fabric-registry-sync-v0->@Inject::onStart(Lorg/spongepowered/asm/mixin/injection/callback/CallbackInfo;)V has 0 override(s) in child classes
[04:29:34] [Render thread/DEBUG] (FabricLoader/Mixin) fabric-registry-sync-v0.client.mixins.json:MinecraftClientMixin from mod fabric-registry-sync-v0->@Inject::onStart(Lorg/spongepowered/asm/mixin/injection/callback/CallbackInfo;)V won't be passed a CallbackInfo as a result
[04:29:34] [Render thread/DEBUG] (FabricLoader/Mixin) fabric-lifecycle-events-v1.client.mixins.json:MinecraftClientMixin from mod fabric-lifecycle-events-v1->@Inject::onStartTick(Lorg/spongepowered/asm/mixin/injection/callback/CallbackInfo;)V doesn't use it's CallbackInfo
[04:29:34] [Render thread/DEBUG] (FabricLoader/Mixin) fabric-lifecycle-events-v1.client.mixins.json:MinecraftClientMixin from mod fabric-lifecycle-events-v1->@Inject::onStartTick(Lorg/spongepowered/asm/mixin/injection/callback/CallbackInfo;)V has 0 override(s) in child classes
[04:29:34] [Render thread/DEBUG] (FabricLoader/Mixin) fabric-lifecycle-events-v1.client.mixins.json:MinecraftClientMixin from mod fabric-lifecycle-events-v1->@Inject::onStartTick(Lorg/spongepowered/asm/mixin/injection/callback/CallbackInfo;)V won't be passed a CallbackInfo as a result
[04:29:34] [Render thread/DEBUG] (FabricLoader/Mixin) fabric-lifecycle-events-v1.client.mixins.json:MinecraftClientMixin from mod fabric-lifecycle-events-v1->@Inject::onEndTick(Lorg/spongepowered/asm/mixin/injection/callback/CallbackInfo;)V doesn't use it's CallbackInfo
[04:29:34] [Render thread/DEBUG] (FabricLoader/Mixin) fabric-lifecycle-events-v1.client.mixins.json:MinecraftClientMixin from mod fabric-lifecycle-events-v1->@Inject::onEndTick(Lorg/spongepowered/asm/mixin/injection/callback/CallbackInfo;)V has 0 override(s) in child classes
[04:29:34] [Render thread/DEBUG] (FabricLoader/Mixin) fabric-lifecycle-events-v1.client.mixins.json:MinecraftClientMixin from mod fabric-lifecycle-events-v1->@Inject::onEndTick(Lorg/spongepowered/asm/mixin/injection/callback/CallbackInfo;)V won't be passed a CallbackInfo as a result
[04:29:34] [Render thread/DEBUG] (FabricLoader/Mixin) fabric-lifecycle-events-v1.client.mixins.json:MinecraftClientMixin from mod fabric-lifecycle-events-v1->@Inject::onStopping(Lorg/spongepowered/asm/mixin/injection/callback/CallbackInfo;)V doesn't use it's CallbackInfo
[04:29:34] [Render thread/DEBUG] (FabricLoader/Mixin) fabric-lifecycle-events-v1.client.mixins.json:MinecraftClientMixin from mod fabric-lifecycle-events-v1->@Inject::onStopping(Lorg/spongepowered/asm/mixin/injection/callback/CallbackInfo;)V has 0 override(s) in child classes
[04:29:34] [Render thread/DEBUG] (FabricLoader/Mixin) fabric-lifecycle-events-v1.client.mixins.json:MinecraftClientMixin from mod fabric-lifecycle-events-v1->@Inject::onStopping(Lorg/spongepowered/asm/mixin/injection/callback/CallbackInfo;)V won't be passed a CallbackInfo as a result
[04:29:34] [Render thread/DEBUG] (FabricLoader/Mixin) fabric-lifecycle-events-v1.client.mixins.json:MinecraftClientMixin from mod fabric-lifecycle-events-v1->@Inject::onStart(Lorg/spongepowered/asm/mixin/injection/callback/CallbackInfo;)V doesn't use it's CallbackInfo
[04:29:34] [Render thread/DEBUG] (FabricLoader/Mixin) fabric-lifecycle-events-v1.client.mixins.json:MinecraftClientMixin from mod fabric-lifecycle-events-v1->@Inject::onStart(Lorg/spongepowered/asm/mixin/injection/callback/CallbackInfo;)V has 0 override(s) in child classes
[04:29:34] [Render thread/DEBUG] (FabricLoader/Mixin) fabric-lifecycle-events-v1.client.mixins.json:MinecraftClientMixin from mod fabric-lifecycle-events-v1->@Inject::onStart(Lorg/spongepowered/asm/mixin/injection/callback/CallbackInfo;)V won't be passed a CallbackInfo as a result
[04:29:34] [Render thread/DEBUG] (FabricLoader/Mixin) fabric-screen-api-v1.mixins.json:MinecraftClientMixin from mod fabric-screen-api-v1->@Inject::checkThreadOnDev(Lnet/minecraft/client/gui/screens/Screen;Lorg/spongepowered/asm/mixin/injection/callback/CallbackInfo;)V doesn't use it's CallbackInfo
[04:29:34] [Render thread/DEBUG] (FabricLoader/Mixin) fabric-screen-api-v1.mixins.json:MinecraftClientMixin from mod fabric-screen-api-v1->@Inject::checkThreadOnDev(Lnet/minecraft/client/gui/screens/Screen;Lorg/spongepowered/asm/mixin/injection/callback/CallbackInfo;)V has 0 override(s) in child classes
[04:29:34] [Render thread/DEBUG] (FabricLoader/Mixin) fabric-screen-api-v1.mixins.json:MinecraftClientMixin from mod fabric-screen-api-v1->@Inject::checkThreadOnDev(Lnet/minecraft/client/gui/screens/Screen;Lorg/spongepowered/asm/mixin/injection/callback/CallbackInfo;)V won't be passed a CallbackInfo as a result
[04:29:34] [Render thread/DEBUG] (FabricLoader/Mixin) fabric-screen-api-v1.mixins.json:MinecraftClientMixin from mod fabric-screen-api-v1->@Inject::onScreenRemove(Lnet/minecraft/client/gui/screens/Screen;Lorg/spongepowered/asm/mixin/injection/callback/CallbackInfo;)V doesn't use it's CallbackInfo
[04:29:34] [Render thread/DEBUG] (FabricLoader/Mixin) fabric-screen-api-v1.mixins.json:MinecraftClientMixin from mod fabric-screen-api-v1->@Inject::onScreenRemove(Lnet/minecraft/client/gui/screens/Screen;Lorg/spongepowered/asm/mixin/injection/callback/CallbackInfo;)V has 0 override(s) in child classes
[04:29:34] [Render thread/DEBUG] (FabricLoader/Mixin) fabric-screen-api-v1.mixins.json:MinecraftClientMixin from mod fabric-screen-api-v1->@Inject::onScreenRemove(Lnet/minecraft/client/gui/screens/Screen;Lorg/spongepowered/asm/mixin/injection/callback/CallbackInfo;)V won't be passed a CallbackInfo as a result
[04:29:34] [Render thread/DEBUG] (FabricLoader/Mixin) fabric-screen-api-v1.mixins.json:MinecraftClientMixin from mod fabric-screen-api-v1->@Inject::onScreenRemoveBecauseStopping(Lorg/spongepowered/asm/mixin/injection/callback/CallbackInfo;)V doesn't use it's CallbackInfo
[04:29:34] [Render thread/DEBUG] (FabricLoader/Mixin) fabric-screen-api-v1.mixins.json:MinecraftClientMixin from mod fabric-screen-api-v1->@Inject::onScreenRemoveBecauseStopping(Lorg/spongepowered/asm/mixin/injection/callback/CallbackInfo;)V has 0 override(s) in child classes
[04:29:34] [Render thread/DEBUG] (FabricLoader/Mixin) fabric-screen-api-v1.mixins.json:MinecraftClientMixin from mod fabric-screen-api-v1->@Inject::onScreenRemoveBecauseStopping(Lorg/spongepowered/asm/mixin/injection/callback/CallbackInfo;)V won't be passed a CallbackInfo as a result
[04:29:34] [Render thread/DEBUG] (FabricLoader/Mixin) fabric-screen-api-v1.mixins.json:MinecraftClientMixin from mod fabric-screen-api-v1->@Inject::beforeScreenTick(Lorg/spongepowered/asm/mixin/injection/callback/CallbackInfo;)V doesn't use it's CallbackInfo
[04:29:34] [Render thread/DEBUG] (FabricLoader/Mixin) fabric-screen-api-v1.mixins.json:MinecraftClientMixin from mod fabric-screen-api-v1->@Inject::beforeScreenTick(Lorg/spongepowered/asm/mixin/injection/callback/CallbackInfo;)V has 0 override(s) in child classes
[04:29:34] [Render thread/DEBUG] (FabricLoader/Mixin) fabric-screen-api-v1.mixins.json:MinecraftClientMixin from mod fabric-screen-api-v1->@Inject::beforeScreenTick(Lorg/spongepowered/asm/mixin/injection/callback/CallbackInfo;)V won't be passed a CallbackInfo as a result
[04:29:34] [Render thread/DEBUG] (FabricLoader/Mixin) fabric-screen-api-v1.mixins.json:MinecraftClientMixin from mod fabric-screen-api-v1->@Inject::afterScreenTick(Lorg/spongepowered/asm/mixin/injection/callback/CallbackInfo;)V doesn't use it's CallbackInfo
[04:29:34] [Render thread/DEBUG] (FabricLoader/Mixin) fabric-screen-api-v1.mixins.json:MinecraftClientMixin from mod fabric-screen-api-v1->@Inject::afterScreenTick(Lorg/spongepowered/asm/mixin/injection/callback/CallbackInfo;)V has 0 override(s) in child classes
[04:29:34] [Render thread/DEBUG] (FabricLoader/Mixin) fabric-screen-api-v1.mixins.json:MinecraftClientMixin from mod fabric-screen-api-v1->@Inject::afterScreenTick(Lorg/spongepowered/asm/mixin/injection/callback/CallbackInfo;)V won't be passed a CallbackInfo as a result
[04:29:34] [Render thread/DEBUG] (FabricLoader/Mixin) fabric-screen-api-v1.mixins.json:MinecraftClientMixin from mod fabric-screen-api-v1->@Inject::beforeLoadingScreenTick(Lorg/spongepowered/asm/mixin/injection/callback/CallbackInfo;)V doesn't use it's CallbackInfo
[04:29:34] [Render thread/DEBUG] (FabricLoader/Mixin) fabric-screen-api-v1.mixins.json:MinecraftClientMixin from mod fabric-screen-api-v1->@Inject::beforeLoadingScreenTick(Lorg/spongepowered/asm/mixin/injection/callback/CallbackInfo;)V has 0 override(s) in child classes
[04:29:34] [Render thread/DEBUG] (FabricLoader/Mixin) fabric-screen-api-v1.mixins.json:MinecraftClientMixin from mod fabric-screen-api-v1->@Inject::beforeLoadingScreenTick(Lorg/spongepowered/asm/mixin/injection/callback/CallbackInfo;)V won't be passed a CallbackInfo as a result
[04:29:34] [Render thread/DEBUG] (FabricLoader/Mixin) fabric-screen-api-v1.mixins.json:MinecraftClientMixin from mod fabric-screen-api-v1->@Inject::afterLoadingScreenTick(Lorg/spongepowered/asm/mixin/injection/callback/CallbackInfo;)V doesn't use it's CallbackInfo
[04:29:34] [Render thread/DEBUG] (FabricLoader/Mixin) fabric-screen-api-v1.mixins.json:MinecraftClientMixin from mod fabric-screen-api-v1->@Inject::afterLoadingScreenTick(Lorg/spongepowered/asm/mixin/injection/callback/CallbackInfo;)V has 0 override(s) in child classes
[04:29:34] [Render thread/DEBUG] (FabricLoader/Mixin) fabric-screen-api-v1.mixins.json:MinecraftClientMixin from mod fabric-screen-api-v1->@Inject::afterLoadingScreenTick(Lorg/spongepowered/asm/mixin/injection/callback/CallbackInfo;)V won't be passed a CallbackInfo as a result
[04:29:34] [Render thread/DEBUG] (FabricLoader/Mixin) architectury.mixins.json:client.MixinMinecraft from mod architectury->@Inject::handleLogin(Lnet/minecraft/client/gui/screens/Screen;Lorg/spongepowered/asm/mixin/injection/callback/CallbackInfo;)V doesn't use it's CallbackInfo
[04:29:34] [Render thread/DEBUG] (FabricLoader/Mixin) architectury.mixins.json:client.MixinMinecraft from mod architectury->@Inject::handleLogin(Lnet/minecraft/client/gui/screens/Screen;Lorg/spongepowered/asm/mixin/injection/callback/CallbackInfo;)V has 0 override(s) in child classes
[04:29:34] [Render thread/DEBUG] (FabricLoader/Mixin) architectury.mixins.json:client.MixinMinecraft from mod architectury->@Inject::handleLogin(Lnet/minecraft/client/gui/screens/Screen;Lorg/spongepowered/asm/mixin/injection/callback/CallbackInfo;)V won't be passed a CallbackInfo as a result
[04:29:34] [Render thread/DEBUG] (FabricLoader/Mixin) architectury.mixins.json:client.MixinMinecraft from mod architectury->@Inject::rightClickAir(Lorg/spongepowered/asm/mixin/injection/callback/CallbackInfo;[Lnet/minecraft/world/InteractionHand;IILnet/minecraft/world/InteractionHand;Lnet/minecraft/world/item/ItemStack;)V doesn't use it's CallbackInfo
[04:29:34] [Render thread/DEBUG] (FabricLoader/Mixin) architectury.mixins.json:client.MixinMinecraft from mod architectury->@Inject::rightClickAir(Lorg/spongepowered/asm/mixin/injection/callback/CallbackInfo;[Lnet/minecraft/world/InteractionHand;IILnet/minecraft/world/InteractionHand;Lnet/minecraft/world/item/ItemStack;)V has 0 override(s) in child classes
[04:29:34] [Render thread/DEBUG] (FabricLoader/Mixin) architectury.mixins.json:client.MixinMinecraft from mod architectury->@Inject::rightClickAir(Lorg/spongepowered/asm/mixin/injection/callback/CallbackInfo;[Lnet/minecraft/world/InteractionHand;IILnet/minecraft/world/InteractionHand;Lnet/minecraft/world/item/ItemStack;)V won't be passed a CallbackInfo as a result
[04:29:34] [Render thread/DEBUG] (FabricLoader/Mixin) architectury.mixins.json:client.MixinMinecraft from mod architectury->@Inject::leftClickAir(Lorg/spongepowered/asm/mixin/injection/callback/CallbackInfoReturnable;)V doesn't use it's CallbackInfoReturnable
[04:29:34] [Render thread/DEBUG] (FabricLoader/Mixin) architectury.mixins.json:client.MixinMinecraft from mod architectury->@Inject::leftClickAir(Lorg/spongepowered/asm/mixin/injection/callback/CallbackInfoReturnable;)V has 0 override(s) in child classes
[04:29:34] [Render thread/DEBUG] (FabricLoader/Mixin) architectury.mixins.json:client.MixinMinecraft from mod architectury->@Inject::leftClickAir(Lorg/spongepowered/asm/mixin/injection/callback/CallbackInfoReturnable;)V won't be passed a CallbackInfoReturnable as a result
[04:29:34] [Render thread/DEBUG] (FabricLoader/Mixin) architectury.mixins.json:client.MixinMinecraft from mod architectury->@Inject::cancelSetScreen(Lnet/minecraft/client/gui/screens/Screen;Lorg/spongepowered/asm/mixin/injection/callback/CallbackInfo;)V does use it's CallbackInfo
[04:29:34] [Render thread/DEBUG] (FabricLoader/Mixin) fabric-data-generation-api-v1.client.mixins.json:MinecraftClientMixin from mod fabric-data-generation-api-v1->@Inject::main(Lorg/spongepowered/asm/mixin/injection/callback/CallbackInfo;)V doesn't use it's CallbackInfo
[04:29:34] [Render thread/DEBUG] (FabricLoader/Mixin) fabric-data-generation-api-v1.client.mixins.json:MinecraftClientMixin from mod fabric-data-generation-api-v1->@Inject::main(Lorg/spongepowered/asm/mixin/injection/callback/CallbackInfo;)V has 0 override(s) in child classes
[04:29:34] [Render thread/DEBUG] (FabricLoader/Mixin) fabric-data-generation-api-v1.client.mixins.json:MinecraftClientMixin from mod fabric-data-generation-api-v1->@Inject::main(Lorg/spongepowered/asm/mixin/injection/callback/CallbackInfo;)V won't be passed a CallbackInfo as a result
[04:29:34] [Render thread/DEBUG] (FabricLoader/Mixin) fabric-events-interaction-v0.client.mixins.json:MinecraftClientMixin from mod fabric-events-interaction-v0->@Inject::fabric_doItemPickWrapper(Lorg/spongepowered/asm/mixin/injection/callback/CallbackInfo;)V does use it's CallbackInfo
[04:29:34] [Render thread/DEBUG] (FabricLoader/Mixin) fabric-events-interaction-v0.client.mixins.json:MinecraftClientMixin from mod fabric-events-interaction-v0->@Inject::cancelItemPick(Lorg/spongepowered/asm/mixin/injection/callback/CallbackInfo;)V does use it's CallbackInfo
[04:29:34] [Render thread/DEBUG] (FabricLoader/Mixin) fabric-events-interaction-v0.client.mixins.json:MinecraftClientMixin from mod fabric-events-interaction-v0->@Inject::injectUseEntityCallback(Lorg/spongepowered/asm/mixin/injection/callback/CallbackInfo;[Lnet/minecraft/world/InteractionHand;IILnet/minecraft/world/InteractionHand;Lnet/minecraft/world/item/ItemStack;Lnet/minecraft/world/phys/EntityHitResult;Lnet/minecraft/world/entity/Entity;)V does use it's CallbackInfo
[04:29:34] [Render thread/DEBUG] (FabricLoader/Mixin) fabric-events-interaction-v0.client.mixins.json:MinecraftClientMixin from mod fabric-events-interaction-v0->@Inject::injectHandleInputEventsForPreAttackCallback(Lorg/spongepowered/asm/mixin/injection/callback/CallbackInfo;)V doesn't use it's CallbackInfo
[04:29:34] [Render thread/DEBUG] (FabricLoader/Mixin) fabric-events-interaction-v0.client.mixins.json:MinecraftClientMixin from mod fabric-events-interaction-v0->@Inject::injectHandleInputEventsForPreAttackCallback(Lorg/spongepowered/asm/mixin/injection/callback/CallbackInfo;)V has 0 override(s) in child classes
[04:29:34] [Render thread/DEBUG] (FabricLoader/Mixin) fabric-events-interaction-v0.client.mixins.json:MinecraftClientMixin from mod fabric-events-interaction-v0->@Inject::injectHandleInputEventsForPreAttackCallback(Lorg/spongepowered/asm/mixin/injection/callback/CallbackInfo;)V won't be passed a CallbackInfo as a result
[04:29:34] [Render thread/DEBUG] (FabricLoader/Mixin) fabric-events-interaction-v0.client.mixins.json:MinecraftClientMixin from mod fabric-events-interaction-v0->@Inject::injectDoAttackForCancelling(Lorg/spongepowered/asm/mixin/injection/callback/CallbackInfoReturnable;)V does use it's CallbackInfoReturnable
[04:29:34] [Render thread/DEBUG] (FabricLoader/Mixin) fabric-events-interaction-v0.client.mixins.json:MinecraftClientMixin from mod fabric-events-interaction-v0->@Inject::injectHandleBlockBreakingForCancelling(ZLorg/spongepowered/asm/mixin/injection/callback/CallbackInfo;)V does use it's CallbackInfo
[04:29:34] [Render thread/DEBUG] (FabricLoader/Mixin) Mixing ScreenAccessor from fabric-screen-api-v1.mixins.json into net.minecraft.client.gui.screens.Screen
[04:29:34] [Render thread/DEBUG] (FabricLoader/Mixin) Mixing ScreenMixin from fabric-screen-api-v1.mixins.json into net.minecraft.client.gui.screens.Screen
[04:29:34] [Render thread/DEBUG] (FabricLoader/Mixin) Mixing client.MixinScreen from architectury.mixins.json into net.minecraft.client.gui.screens.Screen
[04:29:34] [Render thread/DEBUG] (FabricLoader/Mixin) architectury.mixins.json:client.MixinScreen from mod architectury: Class version 61 required is higher than the class version supported by the current version of Mixin (JAVA_16 supports class version 60)
[04:29:34] [Render thread/DEBUG] (FabricLoader/Mixin) fabric-screen-api-v1.mixins.json:ScreenMixin from mod fabric-screen-api-v1->@Inject::beforeInitScreen(Lnet/minecraft/client/Minecraft;IILorg/spongepowered/asm/mixin/injection/callback/CallbackInfo;)V doesn't use it's CallbackInfo
[04:29:34] [Render thread/DEBUG] (FabricLoader/Mixin) fabric-screen-api-v1.mixins.json:ScreenMixin from mod fabric-screen-api-v1->@Inject::beforeInitScreen(Lnet/minecraft/client/Minecraft;IILorg/spongepowered/asm/mixin/injection/callback/CallbackInfo;)V has 0 override(s) in child classes
[04:29:34] [Render thread/DEBUG] (FabricLoader/Mixin) fabric-screen-api-v1.mixins.json:ScreenMixin from mod fabric-screen-api-v1->@Inject::beforeInitScreen(Lnet/minecraft/client/Minecraft;IILorg/spongepowered/asm/mixin/injection/callback/CallbackInfo;)V won't be passed a CallbackInfo as a result
[04:29:34] [Render thread/DEBUG] (FabricLoader/Mixin) fabric-screen-api-v1.mixins.json:ScreenMixin from mod fabric-screen-api-v1->@Inject::afterInitScreen(Lnet/minecraft/client/Minecraft;IILorg/spongepowered/asm/mixin/injection/callback/CallbackInfo;)V doesn't use it's CallbackInfo
[04:29:34] [Render thread/DEBUG] (FabricLoader/Mixin) fabric-screen-api-v1.mixins.json:ScreenMixin from mod fabric-screen-api-v1->@Inject::afterInitScreen(Lnet/minecraft/client/Minecraft;IILorg/spongepowered/asm/mixin/injection/callback/CallbackInfo;)V has 0 override(s) in child classes
[04:29:34] [Render thread/DEBUG] (FabricLoader/Mixin) fabric-screen-api-v1.mixins.json:ScreenMixin from mod fabric-screen-api-v1->@Inject::afterInitScreen(Lnet/minecraft/client/Minecraft;IILorg/spongepowered/asm/mixin/injection/callback/CallbackInfo;)V won't be passed a CallbackInfo as a result
[04:29:34] [Render thread/DEBUG] (FabricLoader/Mixin) fabric-screen-api-v1.mixins.json:ScreenMixin from mod fabric-screen-api-v1->@Inject::beforeResizeScreen(Lnet/minecraft/client/Minecraft;IILorg/spongepowered/asm/mixin/injection/callback/CallbackInfo;)V doesn't use it's CallbackInfo
[04:29:34] [Render thread/DEBUG] (FabricLoader/Mixin) fabric-screen-api-v1.mixins.json:ScreenMixin from mod fabric-screen-api-v1->@Inject::beforeResizeScreen(Lnet/minecraft/client/Minecraft;IILorg/spongepowered/asm/mixin/injection/callback/CallbackInfo;)V has 0 override(s) in child classes
[04:29:34] [Render thread/DEBUG] (FabricLoader/Mixin) fabric-screen-api-v1.mixins.json:ScreenMixin from mod fabric-screen-api-v1->@Inject::beforeResizeScreen(Lnet/minecraft/client/Minecraft;IILorg/spongepowered/asm/mixin/injection/callback/CallbackInfo;)V won't be passed a CallbackInfo as a result
[04:29:34] [Render thread/DEBUG] (FabricLoader/Mixin) fabric-screen-api-v1.mixins.json:ScreenMixin from mod fabric-screen-api-v1->@Inject::afterResizeScreen(Lnet/minecraft/client/Minecraft;IILorg/spongepowered/asm/mixin/injection/callback/CallbackInfo;)V doesn't use it's CallbackInfo
[04:29:34] [Render thread/DEBUG] (FabricLoader/Mixin) fabric-screen-api-v1.mixins.json:ScreenMixin from mod fabric-screen-api-v1->@Inject::afterResizeScreen(Lnet/minecraft/client/Minecraft;IILorg/spongepowered/asm/mixin/injection/callback/CallbackInfo;)V has 0 override(s) in child classes
[04:29:34] [Render thread/DEBUG] (FabricLoader/Mixin) fabric-screen-api-v1.mixins.json:ScreenMixin from mod fabric-screen-api-v1->@Inject::afterResizeScreen(Lnet/minecraft/client/Minecraft;IILorg/spongepowered/asm/mixin/injection/callback/CallbackInfo;)V won't be passed a CallbackInfo as a result
[04:29:34] [Render thread/DEBUG] (FabricLoader/Mixin) architectury.mixins.json:client.MixinScreen from mod architectury->@Inject::preInit(Lnet/minecraft/client/Minecraft;IILorg/spongepowered/asm/mixin/injection/callback/CallbackInfo;)V does use it's CallbackInfo
[04:29:34] [Render thread/DEBUG] (FabricLoader/Mixin) architectury.mixins.json:client.MixinScreen from mod architectury->@Inject::postInit(Lorg/spongepowered/asm/mixin/injection/callback/CallbackInfo;)V doesn't use it's CallbackInfo
[04:29:34] [Render thread/DEBUG] (FabricLoader/Mixin) architectury.mixins.json:client.MixinScreen from mod architectury->@Inject::postInit(Lorg/spongepowered/asm/mixin/injection/callback/CallbackInfo;)V has 0 override(s) in child classes
[04:29:34] [Render thread/DEBUG] (FabricLoader/Mixin) architectury.mixins.json:client.MixinScreen from mod architectury->@Inject::postInit(Lorg/spongepowered/asm/mixin/injection/callback/CallbackInfo;)V won't be passed a CallbackInfo as a result
[04:29:34] [Render thread/DEBUG] (FabricLoader/Mixin) architectury.mixins.json:client.MixinScreen from mod architectury->@Inject::preInit2(Lorg/spongepowered/asm/mixin/injection/callback/CallbackInfo;)V does use it's CallbackInfo
[04:29:34] [Render thread/DEBUG] (FabricLoader/Mixin) architectury.mixins.json:client.MixinScreen from mod architectury->@Inject::postInit2(Lorg/spongepowered/asm/mixin/injection/callback/CallbackInfo;)V doesn't use it's CallbackInfo
[04:29:34] [Render thread/DEBUG] (FabricLoader/Mixin) architectury.mixins.json:client.MixinScreen from mod architectury->@Inject::postInit2(Lorg/spongepowered/asm/mixin/injection/callback/CallbackInfo;)V has 0 override(s) in child classes
[04:29:34] [Render thread/DEBUG] (FabricLoader/Mixin) architectury.mixins.json:client.MixinScreen from mod architectury->@Inject::postInit2(Lorg/spongepowered/asm/mixin/injection/callback/CallbackInfo;)V won't be passed a CallbackInfo as a result
[04:29:34] [Render thread/DEBUG] (FabricLoader/Mixin) Mixing elytra.ClientPlayerEntityMixin from fabric-entity-events-v1.client.mixins.json into net.minecraft.client.player.LocalPlayer
[04:29:34] [Render thread/DEBUG] (FabricLoader/Mixin) Mixing client.ClientPlayerAttackInvoker from architectury.mixins.json into net.minecraft.client.player.LocalPlayer
[04:29:34] [Render thread/DEBUG] (FabricLoader/Mixin) architectury.mixins.json:client.ClientPlayerAttackInvoker from mod architectury: Class version 61 required is higher than the class version supported by the current version of Mixin (JAVA_16 supports class version 60)
[04:29:34] [Render thread/DEBUG] (FabricLoader/Mixin) Mixing client.LocalPlayerMixin from depression.mixins.json into net.minecraft.client.player.LocalPlayer
[04:29:34] [Render thread/DEBUG] (FabricLoader/Mixin) fabric-entity-events-v1.client.mixins.json:elytra.ClientPlayerEntityMixin from mod fabric-entity-events-v1->@Inject::injectElytraStart(Lorg/spongepowered/asm/mixin/injection/callback/CallbackInfo;)V doesn't use it's CallbackInfo
[04:29:34] [Render thread/DEBUG] (FabricLoader/Mixin) fabric-entity-events-v1.client.mixins.json:elytra.ClientPlayerEntityMixin from mod fabric-entity-events-v1->@Inject::injectElytraStart(Lorg/spongepowered/asm/mixin/injection/callback/CallbackInfo;)V has 0 override(s) in child classes
[04:29:34] [Render thread/DEBUG] (FabricLoader/Mixin) fabric-entity-events-v1.client.mixins.json:elytra.ClientPlayerEntityMixin from mod fabric-entity-events-v1->@Inject::injectElytraStart(Lorg/spongepowered/asm/mixin/injection/callback/CallbackInfo;)V won't be passed a CallbackInfo as a result
[04:29:34] [Render thread/DEBUG] (FabricLoader/Mixin) architectury.mixins.json:client.ClientPlayerAttackInvoker from mod architectury->@Inject::hurt(Lnet/minecraft/world/damagesource/DamageSource;FLorg/spongepowered/asm/mixin/injection/callback/CallbackInfoReturnable;)V does use it's CallbackInfoReturnable
[04:29:34] [Render thread/DEBUG] (FabricLoader/Mixin) depression.mixins.json:client.LocalPlayerMixin from mod depression->@Inject::openItemGui(Lnet/minecraft/world/item/ItemStack;Lnet/minecraft/world/InteractionHand;Lorg/spongepowered/asm/mixin/injection/callback/CallbackInfo;)V doesn't use it's CallbackInfo
[04:29:34] [Render thread/DEBUG] (FabricLoader/Mixin) depression.mixins.json:client.LocalPlayerMixin from mod depression->@Inject::openItemGui(Lnet/minecraft/world/item/ItemStack;Lnet/minecraft/world/InteractionHand;Lorg/spongepowered/asm/mixin/injection/callback/CallbackInfo;)V has 0 override(s) in child classes
[04:29:34] [Render thread/DEBUG] (FabricLoader/Mixin) depression.mixins.json:client.LocalPlayerMixin from mod depression->@Inject::openItemGui(Lnet/minecraft/world/item/ItemStack;Lnet/minecraft/world/InteractionHand;Lorg/spongepowered/asm/mixin/injection/callback/CallbackInfo;)V won't be passed a CallbackInfo as a result
[04:29:34] [Render thread/DEBUG] (FabricLoader/Mixin) Mixing client.MixinAbstractContainerScreen from architectury.mixins.json into net.minecraft.client.gui.screens.inventory.AbstractContainerScreen
[04:29:34] [Render thread/DEBUG] (FabricLoader/Mixin) architectury.mixins.json:client.MixinAbstractContainerScreen from mod architectury: Class version 61 required is higher than the class version supported by the current version of Mixin (JAVA_16 supports class version 60)
[04:29:34] [Render thread/DEBUG] (FabricLoader/Mixin) architectury.mixins.json:client.MixinAbstractContainerScreen from mod architectury->@Inject::renderBackground(Lnet/minecraft/client/gui/GuiGraphics;IIFLorg/spongepowered/asm/mixin/injection/callback/CallbackInfo;)V doesn't use it's CallbackInfo
[04:29:34] [Render thread/DEBUG] (FabricLoader/Mixin) architectury.mixins.json:client.MixinAbstractContainerScreen from mod architectury->@Inject::renderBackground(Lnet/minecraft/client/gui/GuiGraphics;IIFLorg/spongepowered/asm/mixin/injection/callback/CallbackInfo;)V has 0 override(s) in child classes
[04:29:34] [Render thread/DEBUG] (FabricLoader/Mixin) architectury.mixins.json:client.MixinAbstractContainerScreen from mod architectury->@Inject::renderBackground(Lnet/minecraft/client/gui/GuiGraphics;IIFLorg/spongepowered/asm/mixin/injection/callback/CallbackInfo;)V won't be passed a CallbackInfo as a result
[04:29:34] [Render thread/DEBUG] (FabricLoader/Mixin) architectury.mixins.json:client.MixinAbstractContainerScreen from mod architectury->@Inject::renderForeground(Lnet/minecraft/client/gui/GuiGraphics;IIFLorg/spongepowered/asm/mixin/injection/callback/CallbackInfo;)V doesn't use it's CallbackInfo
[04:29:34] [Render thread/DEBUG] (FabricLoader/Mixin) architectury.mixins.json:client.MixinAbstractContainerScreen from mod architectury->@Inject::renderForeground(Lnet/minecraft/client/gui/GuiGraphics;IIFLorg/spongepowered/asm/mixin/injection/callback/CallbackInfo;)V has 0 override(s) in child classes
[04:29:34] [Render thread/DEBUG] (FabricLoader/Mixin) architectury.mixins.json:client.MixinAbstractContainerScreen from mod architectury->@Inject::renderForeground(Lnet/minecraft/client/gui/GuiGraphics;IIFLorg/spongepowered/asm/mixin/injection/callback/CallbackInfo;)V won't be passed a CallbackInfo as a result
[04:29:34] [Render thread/DEBUG] (FabricLoader/Mixin) Mixing ClientWorldMixin from fabric-rendering-v1.mixins.json into net.minecraft.client.multiplayer.ClientLevel
[04:29:34] [Render thread/DEBUG] (FabricLoader/Mixin) Renaming synthetic method lambda$new$1(Lnet/minecraft/world/level/ColorResolver;)Lnet/minecraft/client/color/block/BlockTintCache; to md2e53f5$fabric-rendering-v1$lambda$new$1$0 in fabric-rendering-v1.mixins.json:ClientWorldMixin from mod fabric-rendering-v1
[04:29:34] [Render thread/DEBUG] (FabricLoader/Mixin) Renaming synthetic method lambda$new$0(Lnet/minecraft/world/level/ColorResolver;Lnet/minecraft/core/BlockPos;)I to md2e53f5$fabric-rendering-v1$lambda$new$0$1 in fabric-rendering-v1.mixins.json:ClientWorldMixin from mod fabric-rendering-v1
[04:29:34] [Render thread/DEBUG] (FabricLoader/Mixin) Mixing ClientWorldMixin from fabric-lifecycle-events-v1.client.mixins.json into net.minecraft.client.multiplayer.ClientLevel
[04:29:34] [Render thread/DEBUG] (FabricLoader/Mixin) Mixing client.MixinClientLevel from architectury.mixins.json into net.minecraft.client.multiplayer.ClientLevel
[04:29:34] [Render thread/DEBUG] (FabricLoader/Mixin) architectury.mixins.json:client.MixinClientLevel from mod architectury: Class version 61 required is higher than the class version supported by the current version of Mixin (JAVA_16 supports class version 60)
[04:29:34] [Render thread/DEBUG] (FabricLoader/Mixin) Mixing client.ClientLevelMixin from depression.mixins.json into net.minecraft.client.multiplayer.ClientLevel
[04:29:34] [Render thread/DEBUG] (FabricLoader/Mixin) Renaming synthetic method lambda$tick$0(JLcom/mojang/datafixers/util/Pair;)Z to md2e53f5$depression$lambda$tick$0$2 in depression.mixins.json:client.ClientLevelMixin from mod depression
[04:29:34] [Render thread/DEBUG] (FabricLoader/Mixin) fabric-rendering-v1.mixins.json:ClientWorldMixin from mod fabric-rendering-v1->@Inject::onResetChunkColor(Lnet/minecraft/world/level/ChunkPos;Lorg/spongepowered/asm/mixin/injection/callback/CallbackInfo;)V doesn't use it's CallbackInfo
[04:29:34] [Render thread/DEBUG] (FabricLoader/Mixin) fabric-rendering-v1.mixins.json:ClientWorldMixin from mod fabric-rendering-v1->@Inject::onResetChunkColor(Lnet/minecraft/world/level/ChunkPos;Lorg/spongepowered/asm/mixin/injection/callback/CallbackInfo;)V has 0 override(s) in child classes
[04:29:34] [Render thread/DEBUG] (FabricLoader/Mixin) fabric-rendering-v1.mixins.json:ClientWorldMixin from mod fabric-rendering-v1->@Inject::onResetChunkColor(Lnet/minecraft/world/level/ChunkPos;Lorg/spongepowered/asm/mixin/injection/callback/CallbackInfo;)V won't be passed a CallbackInfo as a result
[04:29:34] [Render thread/DEBUG] (FabricLoader/Mixin) fabric-rendering-v1.mixins.json:ClientWorldMixin from mod fabric-rendering-v1->@Inject::onReloadColor(Lorg/spongepowered/asm/mixin/injection/callback/CallbackInfo;)V doesn't use it's CallbackInfo
[04:29:34] [Render thread/DEBUG] (FabricLoader/Mixin) fabric-rendering-v1.mixins.json:ClientWorldMixin from mod fabric-rendering-v1->@Inject::onReloadColor(Lorg/spongepowered/asm/mixin/injection/callback/CallbackInfo;)V has 0 override(s) in child classes
[04:29:34] [Render thread/DEBUG] (FabricLoader/Mixin) fabric-rendering-v1.mixins.json:ClientWorldMixin from mod fabric-rendering-v1->@Inject::onReloadColor(Lorg/spongepowered/asm/mixin/injection/callback/CallbackInfo;)V won't be passed a CallbackInfo as a result
[04:29:34] [Render thread/DEBUG] (FabricLoader/Mixin) fabric-lifecycle-events-v1.client.mixins.json:ClientWorldMixin from mod fabric-lifecycle-events-v1->@Inject::tickWorldAfterBlockEntities(Lorg/spongepowered/asm/mixin/injection/callback/CallbackInfo;)V doesn't use it's CallbackInfo
[04:29:34] [Render thread/DEBUG] (FabricLoader/Mixin) fabric-lifecycle-events-v1.client.mixins.json:ClientWorldMixin from mod fabric-lifecycle-events-v1->@Inject::tickWorldAfterBlockEntities(Lorg/spongepowered/asm/mixin/injection/callback/CallbackInfo;)V has 0 override(s) in child classes
[04:29:34] [Render thread/DEBUG] (FabricLoader/Mixin) fabric-lifecycle-events-v1.client.mixins.json:ClientWorldMixin from mod fabric-lifecycle-events-v1->@Inject::tickWorldAfterBlockEntities(Lorg/spongepowered/asm/mixin/injection/callback/CallbackInfo;)V won't be passed a CallbackInfo as a result
[04:29:34] [Render thread/DEBUG] (FabricLoader/Mixin) fabric-lifecycle-events-v1.client.mixins.json:ClientWorldMixin from mod fabric-lifecycle-events-v1->@Inject::startWorldTick(Lorg/spongepowered/asm/mixin/injection/callback/CallbackInfo;)V doesn't use it's CallbackInfo
[04:29:34] [Render thread/DEBUG] (FabricLoader/Mixin) fabric-lifecycle-events-v1.client.mixins.json:ClientWorldMixin from mod fabric-lifecycle-events-v1->@Inject::startWorldTick(Lorg/spongepowered/asm/mixin/injection/callback/CallbackInfo;)V has 0 override(s) in child classes
[04:29:34] [Render thread/DEBUG] (FabricLoader/Mixin) fabric-lifecycle-events-v1.client.mixins.json:ClientWorldMixin from mod fabric-lifecycle-events-v1->@Inject::startWorldTick(Lorg/spongepowered/asm/mixin/injection/callback/CallbackInfo;)V won't be passed a CallbackInfo as a result
[04:29:34] [Render thread/DEBUG] (FabricLoader/Mixin) architectury.mixins.json:client.MixinClientLevel from mod architectury->@Inject::construct(Lnet/minecraft/client/multiplayer/ClientPacketListener;Lnet/minecraft/client/multiplayer/ClientLevel$ClientLevelData;Lnet/minecraft/resources/ResourceKey;Lnet/minecraft/core/Holder;IILjava/util/function/Supplier;Lnet/minecraft/client/renderer/LevelRenderer;ZJLorg/spongepowered/asm/mixin/injection/callback/CallbackInfo;)V doesn't use it's CallbackInfo
[04:29:34] [Render thread/DEBUG] (FabricLoader/Mixin) architectury.mixins.json:client.MixinClientLevel from mod architectury->@Inject::construct(Lnet/minecraft/client/multiplayer/ClientPacketListener;Lnet/minecraft/client/multiplayer/ClientLevel$ClientLevelData;Lnet/minecraft/resources/ResourceKey;Lnet/minecraft/core/Holder;IILjava/util/function/Supplier;Lnet/minecraft/client/renderer/LevelRenderer;ZJLorg/spongepowered/asm/mixin/injection/callback/CallbackInfo;)V has 0 override(s) in child classes
[04:29:34] [Render thread/DEBUG] (FabricLoader/Mixin) architectury.mixins.json:client.MixinClientLevel from mod architectury->@Inject::construct(Lnet/minecraft/client/multiplayer/ClientPacketListener;Lnet/minecraft/client/multiplayer/ClientLevel$ClientLevelData;Lnet/minecraft/resources/ResourceKey;Lnet/minecraft/core/Holder;IILjava/util/function/Supplier;Lnet/minecraft/client/renderer/LevelRenderer;ZJLorg/spongepowered/asm/mixin/injection/callback/CallbackInfo;)V won't be passed a CallbackInfo as a result
[04:29:34] [Render thread/DEBUG] (FabricLoader/Mixin) architectury.mixins.json:client.MixinClientLevel from mod architectury->@Inject::addEntity(Lnet/minecraft/world/entity/Entity;Lorg/spongepowered/asm/mixin/injection/callback/CallbackInfo;)V does use it's CallbackInfo
[04:29:34] [Render thread/DEBUG] (FabricLoader/Mixin) depression.mixins.json:client.ClientLevelMixin from mod depression->@Inject::tick(Lorg/spongepowered/asm/mixin/injection/callback/CallbackInfo;)V doesn't use it's CallbackInfo
[04:29:34] [Render thread/DEBUG] (FabricLoader/Mixin) depression.mixins.json:client.ClientLevelMixin from mod depression->@Inject::tick(Lorg/spongepowered/asm/mixin/injection/callback/CallbackInfo;)V has 0 override(s) in child classes
[04:29:34] [Render thread/DEBUG] (FabricLoader/Mixin) depression.mixins.json:client.ClientLevelMixin from mod depression->@Inject::tick(Lorg/spongepowered/asm/mixin/injection/callback/CallbackInfo;)V won't be passed a CallbackInfo as a result
[04:29:34] [Render thread/DEBUG] (FabricLoader/Mixin) depression.mixins.json:client.ClientLevelMixin from mod depression->@Inject::playLocalSound(DDDLnet/minecraft/sounds/SoundEvent;Lnet/minecraft/sounds/SoundSource;FFZLorg/spongepowered/asm/mixin/injection/callback/CallbackInfo;)V doesn't use it's CallbackInfo
[04:29:34] [Render thread/DEBUG] (FabricLoader/Mixin) depression.mixins.json:client.ClientLevelMixin from mod depression->@Inject::playLocalSound(DDDLnet/minecraft/sounds/SoundEvent;Lnet/minecraft/sounds/SoundSource;FFZLorg/spongepowered/asm/mixin/injection/callback/CallbackInfo;)V has 0 override(s) in child classes
[04:29:34] [Render thread/DEBUG] (FabricLoader/Mixin) depression.mixins.json:client.ClientLevelMixin from mod depression->@Inject::playLocalSound(DDDLnet/minecraft/sounds/SoundEvent;Lnet/minecraft/sounds/SoundSource;FFZLorg/spongepowered/asm/mixin/injection/callback/CallbackInfo;)V won't be passed a CallbackInfo as a result
[04:29:34] [Render thread/DEBUG] (FabricLoader/Mixin) depression.mixins.json:client.ClientLevelMixin from mod depression->@Inject::playLocalSound(Lnet/minecraft/world/entity/Entity;Lnet/minecraft/sounds/SoundEvent;Lnet/minecraft/sounds/SoundSource;FFLorg/spongepowered/asm/mixin/injection/callback/CallbackInfo;)V doesn't use it's CallbackInfo
[04:29:34] [Render thread/DEBUG] (FabricLoader/Mixin) depression.mixins.json:client.ClientLevelMixin from mod depression->@Inject::playLocalSound(Lnet/minecraft/world/entity/Entity;Lnet/minecraft/sounds/SoundEvent;Lnet/minecraft/sounds/SoundSource;FFLorg/spongepowered/asm/mixin/injection/callback/CallbackInfo;)V has 0 override(s) in child classes
[04:29:34] [Render thread/DEBUG] (FabricLoader/Mixin) depression.mixins.json:client.ClientLevelMixin from mod depression->@Inject::playLocalSound(Lnet/minecraft/world/entity/Entity;Lnet/minecraft/sounds/SoundEvent;Lnet/minecraft/sounds/SoundSource;FFLorg/spongepowered/asm/mixin/injection/callback/CallbackInfo;)V won't be passed a CallbackInfo as a result
[04:29:34] [Render thread/DEBUG] (FabricLoader/Mixin) Mixing SinglePreparationResourceReloaderMixin from fabric-resource-conditions-api-v1.mixins.json into net.minecraft.server.packs.resources.SimplePreparableReloadListener
[04:29:34] [Render thread/DEBUG] (FabricLoader/Mixin) fabric-resource-conditions-api-v1.mixins.json:SinglePreparationResourceReloaderMixin from mod fabric-resource-conditions-api-v1->@Inject::applyResourceConditions(Lnet/minecraft/server/packs/resources/ResourceManager;Lnet/minecraft/util/profiling/ProfilerFiller;Ljava/lang/Object;Lorg/spongepowered/asm/mixin/injection/callback/CallbackInfo;)V doesn't use it's CallbackInfo
[04:29:34] [Render thread/DEBUG] (FabricLoader/Mixin) fabric-resource-conditions-api-v1.mixins.json:SinglePreparationResourceReloaderMixin from mod fabric-resource-conditions-api-v1->@Inject::applyResourceConditions(Lnet/minecraft/server/packs/resources/ResourceManager;Lnet/minecraft/util/profiling/ProfilerFiller;Ljava/lang/Object;Lorg/spongepowered/asm/mixin/injection/callback/CallbackInfo;)V has 0 override(s) in child classes
[04:29:34] [Render thread/DEBUG] (FabricLoader/Mixin) fabric-resource-conditions-api-v1.mixins.json:SinglePreparationResourceReloaderMixin from mod fabric-resource-conditions-api-v1->@Inject::applyResourceConditions(Lnet/minecraft/server/packs/resources/ResourceManager;Lnet/minecraft/util/profiling/ProfilerFiller;Ljava/lang/Object;Lorg/spongepowered/asm/mixin/injection/callback/CallbackInfo;)V won't be passed a CallbackInfo as a result
[04:29:34] [Render thread/DEBUG] (FabricLoader/Mixin) Mixing VanillaResourcePackProviderMixin from fabric-resource-loader-v0.client.mixins.json into net.minecraft.server.packs.repository.BuiltInPackSource
[04:29:34] [Render thread/DEBUG] (FabricLoader/Mixin) fabric-resource-loader-v0.client.mixins.json:VanillaResourcePackProviderMixin from mod fabric-resource-loader-v0->@Inject::addBuiltinResourcePacks(Ljava/util/function/Consumer;Lorg/spongepowered/asm/mixin/injection/callback/CallbackInfo;)V doesn't use it's CallbackInfo
[04:29:34] [Render thread/DEBUG] (FabricLoader/Mixin) fabric-resource-loader-v0.client.mixins.json:VanillaResourcePackProviderMixin from mod fabric-resource-loader-v0->@Inject::addBuiltinResourcePacks(Ljava/util/function/Consumer;Lorg/spongepowered/asm/mixin/injection/callback/CallbackInfo;)V has 0 override(s) in child classes
[04:29:34] [Render thread/DEBUG] (FabricLoader/Mixin) fabric-resource-loader-v0.client.mixins.json:VanillaResourcePackProviderMixin from mod fabric-resource-loader-v0->@Inject::addBuiltinResourcePacks(Ljava/util/function/Consumer;Lorg/spongepowered/asm/mixin/injection/callback/CallbackInfo;)V won't be passed a CallbackInfo as a result
[04:29:34] [Render thread/DEBUG] (FabricLoader/Mixin) Mixing ResourcePackManagerMixin from fabric-resource-loader-v0.mixins.json into net.minecraft.server.packs.repository.PackRepository
[04:29:34] [Render thread/DEBUG] (FabricLoader/Mixin) Renaming synthetic method lambda$handleAutoDisable$0(Ljava/util/Set;Lnet/minecraft/server/packs/repository/Pack;)Z to md2e53f5$fabric-resource-loader-v0$lambda$handleAutoDisable$0$0 in fabric-resource-loader-v0.mixins.json:ResourcePackManagerMixin from mod fabric-resource-loader-v0
[04:29:34] [Render thread/DEBUG] (FabricLoader/Mixin) fabric-resource-loader-v0.mixins.json:ResourcePackManagerMixin from mod fabric-resource-loader-v0->@Inject::construct([Lnet/minecraft/server/packs/repository/RepositorySource;Lorg/spongepowered/asm/mixin/injection/callback/CallbackInfo;)V doesn't use it's CallbackInfo
[04:29:34] [Render thread/DEBUG] (FabricLoader/Mixin) fabric-resource-loader-v0.mixins.json:ResourcePackManagerMixin from mod fabric-resource-loader-v0->@Inject::construct([Lnet/minecraft/server/packs/repository/RepositorySource;Lorg/spongepowered/asm/mixin/injection/callback/CallbackInfo;)V has 0 override(s) in child classes
[04:29:34] [Render thread/DEBUG] (FabricLoader/Mixin) fabric-resource-loader-v0.mixins.json:ResourcePackManagerMixin from mod fabric-resource-loader-v0->@Inject::construct([Lnet/minecraft/server/packs/repository/RepositorySource;Lorg/spongepowered/asm/mixin/injection/callback/CallbackInfo;)V won't be passed a CallbackInfo as a result
[04:29:34] [Render thread/DEBUG] (FabricLoader/Mixin) fabric-resource-loader-v0.mixins.json:ResourcePackManagerMixin from mod fabric-resource-loader-v0->@Inject::handleAutoEnableDisable(Ljava/util/Collection;Lorg/spongepowered/asm/mixin/injection/callback/CallbackInfoReturnable;)V doesn't use it's CallbackInfoReturnable
[04:29:34] [Render thread/DEBUG] (FabricLoader/Mixin) fabric-resource-loader-v0.mixins.json:ResourcePackManagerMixin from mod fabric-resource-loader-v0->@Inject::handleAutoEnableDisable(Ljava/util/Collection;Lorg/spongepowered/asm/mixin/injection/callback/CallbackInfoReturnable;)V has 0 override(s) in child classes
[04:29:34] [Render thread/DEBUG] (FabricLoader/Mixin) fabric-resource-loader-v0.mixins.json:ResourcePackManagerMixin from mod fabric-resource-loader-v0->@Inject::handleAutoEnableDisable(Ljava/util/Collection;Lorg/spongepowered/asm/mixin/injection/callback/CallbackInfoReturnable;)V won't be passed a CallbackInfoReturnable as a result
[04:29:34] [Render thread/DEBUG] (FabricLoader/Mixin) fabric-resource-loader-v0.mixins.json:ResourcePackManagerMixin from mod fabric-resource-loader-v0->@Inject::handleAutoEnable(Ljava/lang/String;Lorg/spongepowered/asm/mixin/injection/callback/CallbackInfoReturnable;)V doesn't use it's CallbackInfoReturnable
[04:29:34] [Render thread/DEBUG] (FabricLoader/Mixin) fabric-resource-loader-v0.mixins.json:ResourcePackManagerMixin from mod fabric-resource-loader-v0->@Inject::handleAutoEnable(Ljava/lang/String;Lorg/spongepowered/asm/mixin/injection/callback/CallbackInfoReturnable;)V has 0 override(s) in child classes
[04:29:34] [Render thread/DEBUG] (FabricLoader/Mixin) fabric-resource-loader-v0.mixins.json:ResourcePackManagerMixin from mod fabric-resource-loader-v0->@Inject::handleAutoEnable(Ljava/lang/String;Lorg/spongepowered/asm/mixin/injection/callback/CallbackInfoReturnable;)V won't be passed a CallbackInfoReturnable as a result
[04:29:34] [Render thread/DEBUG] (FabricLoader/Mixin) fabric-resource-loader-v0.mixins.json:ResourcePackManagerMixin from mod fabric-resource-loader-v0->@Inject::handleAutoDisable(Ljava/lang/String;Lorg/spongepowered/asm/mixin/injection/callback/CallbackInfoReturnable;)V doesn't use it's CallbackInfoReturnable
[04:29:34] [Render thread/DEBUG] (FabricLoader/Mixin) fabric-resource-loader-v0.mixins.json:ResourcePackManagerMixin from mod fabric-resource-loader-v0->@Inject::handleAutoDisable(Ljava/lang/String;Lorg/spongepowered/asm/mixin/injection/callback/CallbackInfoReturnable;)V has 0 override(s) in child classes
[04:29:34] [Render thread/DEBUG] (FabricLoader/Mixin) fabric-resource-loader-v0.mixins.json:ResourcePackManagerMixin from mod fabric-resource-loader-v0->@Inject::handleAutoDisable(Ljava/lang/String;Lorg/spongepowered/asm/mixin/injection/callback/CallbackInfoReturnable;)V won't be passed a CallbackInfoReturnable as a result
[04:29:34] [Render thread/INFO] (com.mojang.authlib.yggdrasil.YggdrasilAuthenticationService) Environment: Environment[sessionHost=https://sessionserver.mojang.com, servicesHost=https://api.minecraftservices.com, name=PROD]
[04:29:34] [Yggdrasil Key Fetcher/DEBUG] (com.mojang.authlib.minecraft.client.MinecraftClient) Connecting to https://api.minecraftservices.com/publickeys
[04:29:34] [Download-1/DEBUG] (com.mojang.authlib.minecraft.client.MinecraftClient) Connecting to https://sessionserver.mojang.com/session/minecraft/profile/798045753cdf34b18aa3c1036031e749?unsigned=false
[04:29:34] [Render thread/INFO] (net.minecraft.client.Minecraft) Setting user: Player674
[04:29:34] [Render thread/DEBUG] (FabricLoader/Mixin) Mixing KeyBindingAccessor from fabric-key-binding-api-v1.mixins.json into net.minecraft.client.KeyMapping
[04:29:34] [Render thread/DEBUG] (FabricLoader/Mixin) Renaming @Accessor method fabric_getCategoryMap()Ljava/util/Map; to fabric_getCategoryMap$fabric-key-binding-api-v1_$md$2e53f5$0 in fabric-key-binding-api-v1.mixins.json:KeyBindingAccessor from mod fabric-key-binding-api-v1
[04:29:34] [Download-2/DEBUG] (com.mojang.authlib.minecraft.client.MinecraftClient) Connecting to https://api.minecraftservices.com/player/attributes
[04:29:34] [Render thread/DEBUG] (FabricLoader/Mixin) Mixing KeyBindingAccessor from fabric-events-interaction-v0.client.mixins.json into net.minecraft.client.KeyMapping
[04:29:34] [Render thread/DEBUG] (FabricLoader/Entrypoint) Iterating over entrypoint 'main'
[04:29:34] [Render thread/DEBUG] (FabricLoader/Mixin) Mixing ServerConfigurationNetworkHandlerMixin from fabric-networking-api-v1.mixins.json into net.minecraft.server.network.ServerConfigurationPacketListenerImpl
[04:29:34] [Render thread/DEBUG] (FabricLoader/Mixin) fabric-networking-api-v1.mixins.json:ServerConfigurationNetworkHandlerMixin from mod fabric-networking-api-v1->@Inject::initAddon(Lorg/spongepowered/asm/mixin/injection/callback/CallbackInfo;)V doesn't use it's CallbackInfo
[04:29:34] [Render thread/DEBUG] (FabricLoader/Mixin) fabric-networking-api-v1.mixins.json:ServerConfigurationNetworkHandlerMixin from mod fabric-networking-api-v1->@Inject::initAddon(Lorg/spongepowered/asm/mixin/injection/callback/CallbackInfo;)V has 0 override(s) in child classes
[04:29:34] [Render thread/DEBUG] (FabricLoader/Mixin) fabric-networking-api-v1.mixins.json:ServerConfigurationNetworkHandlerMixin from mod fabric-networking-api-v1->@Inject::initAddon(Lorg/spongepowered/asm/mixin/injection/callback/CallbackInfo;)V won't be passed a CallbackInfo as a result
[04:29:34] [Render thread/DEBUG] (FabricLoader/Mixin) fabric-networking-api-v1.mixins.json:ServerConfigurationNetworkHandlerMixin from mod fabric-networking-api-v1->@Inject::onClientReady(Lorg/spongepowered/asm/mixin/injection/callback/CallbackInfo;)V does use it's CallbackInfo
[04:29:34] [Render thread/DEBUG] (FabricLoader/Mixin) Mixing ServerCommonNetworkHandlerMixin from fabric-networking-api-v1.mixins.json into net.minecraft.server.network.ServerCommonPacketListenerImpl
[04:29:34] [Render thread/DEBUG] (FabricLoader/Mixin) Mixing accessor.ServerCommonNetworkHandlerAccessor from fabric-networking-api-v1.mixins.json into net.minecraft.server.network.ServerCommonPacketListenerImpl
[04:29:34] [Render thread/DEBUG] (FabricLoader/Mixin) fabric-networking-api-v1.mixins.json:ServerCommonNetworkHandlerMixin from mod fabric-networking-api-v1->@Inject::handleCustomPayloadReceivedAsync(Lnet/minecraft/network/protocol/common/ServerboundCustomPayloadPacket;Lorg/spongepowered/asm/mixin/injection/callback/CallbackInfo;)V does use it's CallbackInfo
[04:29:34] [Render thread/DEBUG] (FabricLoader/Mixin) fabric-networking-api-v1.mixins.json:ServerCommonNetworkHandlerMixin from mod fabric-networking-api-v1->@Inject::onPlayPong(Lnet/minecraft/network/protocol/common/ServerboundPongPacket;Lorg/spongepowered/asm/mixin/injection/callback/CallbackInfo;)V doesn't use it's CallbackInfo
[04:29:34] [Render thread/DEBUG] (FabricLoader/Mixin) fabric-networking-api-v1.mixins.json:ServerCommonNetworkHandlerMixin from mod fabric-networking-api-v1->@Inject::onPlayPong(Lnet/minecraft/network/protocol/common/ServerboundPongPacket;Lorg/spongepowered/asm/mixin/injection/callback/CallbackInfo;)V has 0 override(s) in child classes
[04:29:34] [Render thread/DEBUG] (FabricLoader/Mixin) fabric-networking-api-v1.mixins.json:ServerCommonNetworkHandlerMixin from mod fabric-networking-api-v1->@Inject::onPlayPong(Lnet/minecraft/network/protocol/common/ServerboundPongPacket;Lorg/spongepowered/asm/mixin/injection/callback/CallbackInfo;)V won't be passed a CallbackInfo as a result
[04:29:34] [Render thread/DEBUG] (FabricLoader/Mixin) Mixing modification.MinecraftServerMixin from fabric-biome-api-v1.mixins.json into net.minecraft.server.MinecraftServer
[04:29:34] [Render thread/DEBUG] (FabricLoader/Mixin) Mixing MinecraftServerMixin from fabric-message-api-v1.mixins.json into net.minecraft.server.MinecraftServer
[04:29:34] [Render thread/DEBUG] (FabricLoader/Mixin) Renaming synthetic method lambda$onGetChatDecorator$0(Lnet/minecraft/server/level/ServerPlayer;Lnet/minecraft/network/chat/Component;)Lnet/minecraft/network/chat/Component; to md2e53f5$fabric-message-api-v1$lambda$onGetChatDecorator$0$0 in fabric-message-api-v1.mixins.json:MinecraftServerMixin from mod fabric-message-api-v1
[04:29:34] [Render thread/DEBUG] (FabricLoader/Mixin) Mixing MinecraftServerMixin from fabric-registry-sync-v0.mixins.json into net.minecraft.server.MinecraftServer
[04:29:34] [Render thread/DEBUG] (FabricLoader/Mixin) Mixing MinecraftServerMixin from fabric-resource-loader-v0.mixins.json into net.minecraft.server.MinecraftServer
[04:29:34] [Render thread/DEBUG] (FabricLoader/Mixin) Mixing MinecraftServerMixin from fabric-lifecycle-events-v1.mixins.json into net.minecraft.server.MinecraftServer
[04:29:34] [Render thread/DEBUG] (FabricLoader/Mixin) Renaming synthetic method lambda$endResourceReload$0(Ljava/lang/Void;Ljava/lang/Throwable;)Ljava/lang/Void; to md2e53f5$fabric-lifecycle-events-v1$lambda$endResourceReload$0$1 in fabric-lifecycle-events-v1.mixins.json:MinecraftServerMixin from mod fabric-lifecycle-events-v1
[04:29:34] [Render thread/DEBUG] (FabricLoader/Mixin) Mixing MinecraftServerMixin from fabric-gametest-api-v1.mixins.json into net.minecraft.server.MinecraftServer
[04:29:34] [Render thread/DEBUG] (FabricLoader/Mixin) fabric-biome-api-v1.mixins.json:modification.MinecraftServerMixin from mod fabric-biome-api-v1->@Inject::finalizeWorldGen(Lorg/spongepowered/asm/mixin/injection/callback/CallbackInfo;)V doesn't use it's CallbackInfo
[04:29:34] [Render thread/DEBUG] (FabricLoader/Mixin) fabric-biome-api-v1.mixins.json:modification.MinecraftServerMixin from mod fabric-biome-api-v1->@Inject::finalizeWorldGen(Lorg/spongepowered/asm/mixin/injection/callback/CallbackInfo;)V has 0 override(s) in child classes
[04:29:34] [Render thread/DEBUG] (FabricLoader/Mixin) fabric-biome-api-v1.mixins.json:modification.MinecraftServerMixin from mod fabric-biome-api-v1->@Inject::finalizeWorldGen(Lorg/spongepowered/asm/mixin/injection/callback/CallbackInfo;)V won't be passed a CallbackInfo as a result
[04:29:34] [Render thread/DEBUG] (FabricLoader/Mixin) fabric-message-api-v1.mixins.json:MinecraftServerMixin from mod fabric-message-api-v1->@Inject::onGetChatDecorator(Lorg/spongepowered/asm/mixin/injection/callback/CallbackInfoReturnable;)V does use it's CallbackInfoReturnable
[04:29:34] [Render thread/DEBUG] (FabricLoader/Mixin) fabric-registry-sync-v0.mixins.json:MinecraftServerMixin from mod fabric-registry-sync-v0->@Inject::beforeSetupServer(Lorg/spongepowered/asm/mixin/injection/callback/CallbackInfo;)V doesn't use it's CallbackInfo
[04:29:34] [Render thread/DEBUG] (FabricLoader/Mixin) fabric-registry-sync-v0.mixins.json:MinecraftServerMixin from mod fabric-registry-sync-v0->@Inject::beforeSetupServer(Lorg/spongepowered/asm/mixin/injection/callback/CallbackInfo;)V has 0 override(s) in child classes
[04:29:34] [Render thread/DEBUG] (FabricLoader/Mixin) fabric-registry-sync-v0.mixins.json:MinecraftServerMixin from mod fabric-registry-sync-v0->@Inject::beforeSetupServer(Lorg/spongepowered/asm/mixin/injection/callback/CallbackInfo;)V won't be passed a CallbackInfo as a result
[04:29:34] [Render thread/DEBUG] (FabricLoader/Mixin) fabric-lifecycle-events-v1.mixins.json:MinecraftServerMixin from mod fabric-lifecycle-events-v1->@Inject::beforeSetupServer(Lorg/spongepowered/asm/mixin/injection/callback/CallbackInfo;)V doesn't use it's CallbackInfo
[04:29:34] [Render thread/DEBUG] (FabricLoader/Mixin) fabric-lifecycle-events-v1.mixins.json:MinecraftServerMixin from mod fabric-lifecycle-events-v1->@Inject::beforeSetupServer(Lorg/spongepowered/asm/mixin/injection/callback/CallbackInfo;)V has 0 override(s) in child classes
[04:29:34] [Render thread/DEBUG] (FabricLoader/Mixin) fabric-lifecycle-events-v1.mixins.json:MinecraftServerMixin from mod fabric-lifecycle-events-v1->@Inject::beforeSetupServer(Lorg/spongepowered/asm/mixin/injection/callback/CallbackInfo;)V won't be passed a CallbackInfo as a result
[04:29:34] [Render thread/DEBUG] (FabricLoader/Mixin) fabric-lifecycle-events-v1.mixins.json:MinecraftServerMixin from mod fabric-lifecycle-events-v1->@Inject::afterSetupServer(Lorg/spongepowered/asm/mixin/injection/callback/CallbackInfo;)V doesn't use it's CallbackInfo
[04:29:34] [Render thread/DEBUG] (FabricLoader/Mixin) fabric-lifecycle-events-v1.mixins.json:MinecraftServerMixin from mod fabric-lifecycle-events-v1->@Inject::afterSetupServer(Lorg/spongepowered/asm/mixin/injection/callback/CallbackInfo;)V has 0 override(s) in child classes
[04:29:34] [Render thread/DEBUG] (FabricLoader/Mixin) fabric-lifecycle-events-v1.mixins.json:MinecraftServerMixin from mod fabric-lifecycle-events-v1->@Inject::afterSetupServer(Lorg/spongepowered/asm/mixin/injection/callback/CallbackInfo;)V won't be passed a CallbackInfo as a result
[04:29:34] [Render thread/DEBUG] (FabricLoader/Mixin) fabric-lifecycle-events-v1.mixins.json:MinecraftServerMixin from mod fabric-lifecycle-events-v1->@Inject::beforeShutdownServer(Lorg/spongepowered/asm/mixin/injection/callback/CallbackInfo;)V doesn't use it's CallbackInfo
[04:29:34] [Render thread/DEBUG] (FabricLoader/Mixin) fabric-lifecycle-events-v1.mixins.json:MinecraftServerMixin from mod fabric-lifecycle-events-v1->@Inject::beforeShutdownServer(Lorg/spongepowered/asm/mixin/injection/callback/CallbackInfo;)V has 0 override(s) in child classes
[04:29:34] [Render thread/DEBUG] (FabricLoader/Mixin) fabric-lifecycle-events-v1.mixins.json:MinecraftServerMixin from mod fabric-lifecycle-events-v1->@Inject::beforeShutdownServer(Lorg/spongepowered/asm/mixin/injection/callback/CallbackInfo;)V won't be passed a CallbackInfo as a result
[04:29:34] [Render thread/DEBUG] (FabricLoader/Mixin) fabric-lifecycle-events-v1.mixins.json:MinecraftServerMixin from mod fabric-lifecycle-events-v1->@Inject::afterShutdownServer(Lorg/spongepowered/asm/mixin/injection/callback/CallbackInfo;)V doesn't use it's CallbackInfo
[04:29:34] [Render thread/DEBUG] (FabricLoader/Mixin) fabric-lifecycle-events-v1.mixins.json:MinecraftServerMixin from mod fabric-lifecycle-events-v1->@Inject::afterShutdownServer(Lorg/spongepowered/asm/mixin/injection/callback/CallbackInfo;)V has 0 override(s) in child classes
[04:29:34] [Render thread/DEBUG] (FabricLoader/Mixin) fabric-lifecycle-events-v1.mixins.json:MinecraftServerMixin from mod fabric-lifecycle-events-v1->@Inject::afterShutdownServer(Lorg/spongepowered/asm/mixin/injection/callback/CallbackInfo;)V won't be passed a CallbackInfo as a result
[04:29:34] [Render thread/DEBUG] (FabricLoader/Mixin) fabric-lifecycle-events-v1.mixins.json:MinecraftServerMixin from mod fabric-lifecycle-events-v1->@Inject::onStartTick(Ljava/util/function/BooleanSupplier;Lorg/spongepowered/asm/mixin/injection/callback/CallbackInfo;)V doesn't use it's CallbackInfo
[04:29:34] [Render thread/DEBUG] (FabricLoader/Mixin) fabric-lifecycle-events-v1.mixins.json:MinecraftServerMixin from mod fabric-lifecycle-events-v1->@Inject::onStartTick(Ljava/util/function/BooleanSupplier;Lorg/spongepowered/asm/mixin/injection/callback/CallbackInfo;)V has 0 override(s) in child classes
[04:29:34] [Render thread/DEBUG] (FabricLoader/Mixin) fabric-lifecycle-events-v1.mixins.json:MinecraftServerMixin from mod fabric-lifecycle-events-v1->@Inject::onStartTick(Ljava/util/function/BooleanSupplier;Lorg/spongepowered/asm/mixin/injection/callback/CallbackInfo;)V won't be passed a CallbackInfo as a result
[04:29:34] [Render thread/DEBUG] (FabricLoader/Mixin) fabric-lifecycle-events-v1.mixins.json:MinecraftServerMixin from mod fabric-lifecycle-events-v1->@Inject::onEndTick(Ljava/util/function/BooleanSupplier;Lorg/spongepowered/asm/mixin/injection/callback/CallbackInfo;)V doesn't use it's CallbackInfo
[04:29:34] [Render thread/DEBUG] (FabricLoader/Mixin) fabric-lifecycle-events-v1.mixins.json:MinecraftServerMixin from mod fabric-lifecycle-events-v1->@Inject::onEndTick(Ljava/util/function/BooleanSupplier;Lorg/spongepowered/asm/mixin/injection/callback/CallbackInfo;)V has 0 override(s) in child classes
[04:29:34] [Render thread/DEBUG] (FabricLoader/Mixin) fabric-lifecycle-events-v1.mixins.json:MinecraftServerMixin from mod fabric-lifecycle-events-v1->@Inject::onEndTick(Ljava/util/function/BooleanSupplier;Lorg/spongepowered/asm/mixin/injection/callback/CallbackInfo;)V won't be passed a CallbackInfo as a result
[04:29:34] [Render thread/DEBUG] (FabricLoader/Mixin) fabric-lifecycle-events-v1.mixins.json:MinecraftServerMixin from mod fabric-lifecycle-events-v1->@Inject::onUnloadWorldAtShutdown(Lorg/spongepowered/asm/mixin/injection/callback/CallbackInfo;Ljava/util/Iterator;Lnet/minecraft/server/level/ServerLevel;)V doesn't use it's CallbackInfo
[04:29:34] [Render thread/DEBUG] (FabricLoader/Mixin) fabric-lifecycle-events-v1.mixins.json:MinecraftServerMixin from mod fabric-lifecycle-events-v1->@Inject::onUnloadWorldAtShutdown(Lorg/spongepowered/asm/mixin/injection/callback/CallbackInfo;Ljava/util/Iterator;Lnet/minecraft/server/level/ServerLevel;)V has 0 override(s) in child classes
[04:29:34] [Render thread/DEBUG] (FabricLoader/Mixin) fabric-lifecycle-events-v1.mixins.json:MinecraftServerMixin from mod fabric-lifecycle-events-v1->@Inject::onUnloadWorldAtShutdown(Lorg/spongepowered/asm/mixin/injection/callback/CallbackInfo;Ljava/util/Iterator;Lnet/minecraft/server/level/ServerLevel;)V won't be passed a CallbackInfo as a result
[04:29:34] [Render thread/DEBUG] (FabricLoader/Mixin) fabric-lifecycle-events-v1.mixins.json:MinecraftServerMixin from mod fabric-lifecycle-events-v1->@Inject::startResourceReload(Ljava/util/Collection;Lorg/spongepowered/asm/mixin/injection/callback/CallbackInfoReturnable;)V doesn't use it's CallbackInfoReturnable
[04:29:34] [Render thread/DEBUG] (FabricLoader/Mixin) fabric-lifecycle-events-v1.mixins.json:MinecraftServerMixin from mod fabric-lifecycle-events-v1->@Inject::startResourceReload(Ljava/util/Collection;Lorg/spongepowered/asm/mixin/injection/callback/CallbackInfoReturnable;)V has 0 override(s) in child classes
[04:29:34] [Render thread/DEBUG] (FabricLoader/Mixin) fabric-lifecycle-events-v1.mixins.json:MinecraftServerMixin from mod fabric-lifecycle-events-v1->@Inject::startResourceReload(Ljava/util/Collection;Lorg/spongepowered/asm/mixin/injection/callback/CallbackInfoReturnable;)V won't be passed a CallbackInfoReturnable as a result
[04:29:34] [Render thread/DEBUG] (FabricLoader/Mixin) fabric-lifecycle-events-v1.mixins.json:MinecraftServerMixin from mod fabric-lifecycle-events-v1->@Inject::endResourceReload(Ljava/util/Collection;Lorg/spongepowered/asm/mixin/injection/callback/CallbackInfoReturnable;)V does use it's CallbackInfoReturnable
[04:29:34] [Render thread/DEBUG] (FabricLoader/Mixin) fabric-lifecycle-events-v1.mixins.json:MinecraftServerMixin from mod fabric-lifecycle-events-v1->@Inject::startSave(ZZZLorg/spongepowered/asm/mixin/injection/callback/CallbackInfoReturnable;)V doesn't use it's CallbackInfoReturnable
[04:29:34] [Render thread/DEBUG] (FabricLoader/Mixin) fabric-lifecycle-events-v1.mixins.json:MinecraftServerMixin from mod fabric-lifecycle-events-v1->@Inject::startSave(ZZZLorg/spongepowered/asm/mixin/injection/callback/CallbackInfoReturnable;)V has 0 override(s) in child classes
[04:29:34] [Render thread/DEBUG] (FabricLoader/Mixin) fabric-lifecycle-events-v1.mixins.json:MinecraftServerMixin from mod fabric-lifecycle-events-v1->@Inject::startSave(ZZZLorg/spongepowered/asm/mixin/injection/callback/CallbackInfoReturnable;)V won't be passed a CallbackInfoReturnable as a result
[04:29:34] [Render thread/DEBUG] (FabricLoader/Mixin) fabric-lifecycle-events-v1.mixins.json:MinecraftServerMixin from mod fabric-lifecycle-events-v1->@Inject::endSave(ZZZLorg/spongepowered/asm/mixin/injection/callback/CallbackInfoReturnable;)V doesn't use it's CallbackInfoReturnable
[04:29:34] [Render thread/DEBUG] (FabricLoader/Mixin) fabric-lifecycle-events-v1.mixins.json:MinecraftServerMixin from mod fabric-lifecycle-events-v1->@Inject::endSave(ZZZLorg/spongepowered/asm/mixin/injection/callback/CallbackInfoReturnable;)V has 0 override(s) in child classes
[04:29:34] [Render thread/DEBUG] (FabricLoader/Mixin) fabric-lifecycle-events-v1.mixins.json:MinecraftServerMixin from mod fabric-lifecycle-events-v1->@Inject::endSave(ZZZLorg/spongepowered/asm/mixin/injection/callback/CallbackInfoReturnable;)V won't be passed a CallbackInfoReturnable as a result
[04:29:34] [Render thread/DEBUG] (FabricLoader/Mixin) fabric-gametest-api-v1.mixins.json:MinecraftServerMixin from mod fabric-gametest-api-v1->@Inject::tickWorlds(Ljava/util/function/BooleanSupplier;Lorg/spongepowered/asm/mixin/injection/callback/CallbackInfo;)V doesn't use it's CallbackInfo
[04:29:34] [Render thread/DEBUG] (FabricLoader/Mixin) fabric-gametest-api-v1.mixins.json:MinecraftServerMixin from mod fabric-gametest-api-v1->@Inject::tickWorlds(Ljava/util/function/BooleanSupplier;Lorg/spongepowered/asm/mixin/injection/callback/CallbackInfo;)V has 0 override(s) in child classes
[04:29:34] [Render thread/DEBUG] (FabricLoader/Mixin) fabric-gametest-api-v1.mixins.json:MinecraftServerMixin from mod fabric-gametest-api-v1->@Inject::tickWorlds(Ljava/util/function/BooleanSupplier;Lorg/spongepowered/asm/mixin/injection/callback/CallbackInfo;)V won't be passed a CallbackInfo as a result
[04:29:34] [Render thread/DEBUG] (FabricLoader/Mixin) Mixing NetworkStateInternalPacketHandlerMixin from fabric-networking-api-v1.mixins.json into net.minecraft.network.ConnectionProtocol$PacketSet
[04:29:34] [Render thread/DEBUG] (FabricLoader/Mixin) Renaming synthetic method lambda$replaceCustomPayloadFactory$1(Lnet/minecraft/network/FriendlyByteBuf;)Lnet/minecraft/network/protocol/Packet; to md2e53f5$fabric-networking-api-v1$lambda$replaceCustomPayloadFactory$1$0 in fabric-networking-api-v1.mixins.json:NetworkStateInternalPacketHandlerMixin from mod fabric-networking-api-v1
[04:29:34] [Render thread/DEBUG] (FabricLoader/Mixin) Renaming synthetic method lambda$replaceCustomPayloadFactory$0(Lnet/minecraft/network/FriendlyByteBuf;)Lnet/minecraft/network/protocol/Packet; to md2e53f5$fabric-networking-api-v1$lambda$replaceCustomPayloadFactory$0$1 in fabric-networking-api-v1.mixins.json:NetworkStateInternalPacketHandlerMixin from mod fabric-networking-api-v1
[04:29:34] [Render thread/DEBUG] (FabricLoader/Mixin) Mixing CustomPayloadC2SPacketMixin from fabric-networking-api-v1.mixins.json into net.minecraft.network.protocol.common.ServerboundCustomPayloadPacket
[04:29:34] [Render thread/DEBUG] (FabricLoader/Mixin) fabric-networking-api-v1.mixins.json:CustomPayloadC2SPacketMixin from mod fabric-networking-api-v1->@Inject::readPayload(Lnet/minecraft/resources/ResourceLocation;Lnet/minecraft/network/FriendlyByteBuf;Lorg/spongepowered/asm/mixin/injection/callback/CallbackInfoReturnable;)V does use it's CallbackInfoReturnable
[04:29:34] [Render thread/DEBUG] (FabricLoader/Mixin) Mixing CustomPayloadS2CPacketMixin from fabric-networking-api-v1.mixins.json into net.minecraft.network.protocol.common.ClientboundCustomPayloadPacket
[04:29:34] [Render thread/DEBUG] (FabricLoader/Mixin) fabric-networking-api-v1.mixins.json:CustomPayloadS2CPacketMixin from mod fabric-networking-api-v1->@Inject::readPayload(Lnet/minecraft/resources/ResourceLocation;Lnet/minecraft/network/FriendlyByteBuf;Lorg/spongepowered/asm/mixin/injection/callback/CallbackInfoReturnable;)V does use it's CallbackInfoReturnable
[04:29:34] [Render thread/DEBUG] (FabricLoader/Mixin) Mixing BlockEntityUpdateS2CPacketMixin from fabric-data-attachment-api-v1.mixins.json into net.minecraft.network.protocol.game.ClientboundBlockEntityDataPacket
[04:29:34] [Render thread/DEBUG] (FabricLoader/Mixin) Renaming synthetic method lambda$stripPersistentAttachmentData$0(Ljava/util/function/Function;Lnet/minecraft/world/level/block/entity/BlockEntity;)Lnet/minecraft/nbt/CompoundTag; to md2e53f5$fabric-data-attachment-api-v1$lambda$stripPersistentAttachmentData$0$0 in fabric-data-attachment-api-v1.mixins.json:BlockEntityUpdateS2CPacketMixin from mod fabric-data-attachment-api-v1
[04:29:34] [Render thread/DEBUG] (FabricLoader/Mixin) Mixing LoginQueryRequestS2CPacketMixin from fabric-networking-api-v1.mixins.json into net.minecraft.network.protocol.login.ClientboundCustomQueryPacket
[04:29:34] [Render thread/DEBUG] (FabricLoader/Mixin) fabric-networking-api-v1.mixins.json:LoginQueryRequestS2CPacketMixin from mod fabric-networking-api-v1->@Inject::readPayload(Lnet/minecraft/resources/ResourceLocation;Lnet/minecraft/network/FriendlyByteBuf;Lorg/spongepowered/asm/mixin/injection/callback/CallbackInfoReturnable;)V does use it's CallbackInfoReturnable
[04:29:34] [Render thread/DEBUG] (FabricLoader/Mixin) Mixing LoginQueryResponseC2SPacketMixin from fabric-networking-api-v1.mixins.json into net.minecraft.network.protocol.login.ServerboundCustomQueryAnswerPacket
[04:29:34] [Render thread/DEBUG] (FabricLoader/Mixin) fabric-networking-api-v1.mixins.json:LoginQueryResponseC2SPacketMixin from mod fabric-networking-api-v1->@Inject::readResponse(ILnet/minecraft/network/FriendlyByteBuf;Lorg/spongepowered/asm/mixin/injection/callback/CallbackInfoReturnable;)V does use it's CallbackInfoReturnable
[04:29:34] [Render thread/INFO] (fabric-networking-api-v1) Force Packet Serialization is enabled to mimic remote connection on single player, this is the default behaviour on dev env. Add -Dfabric-api.networking.force-packet-serialization=false JVM arg to disable it.
[04:29:34] [Render thread/DEBUG] (FabricLoader/Mixin) Mixing client.MixinIntegratedServer from architectury.mixins.json into net.minecraft.client.server.IntegratedServer
[04:29:34] [Render thread/DEBUG] (FabricLoader/Mixin) architectury.mixins.json:client.MixinIntegratedServer from mod architectury: Class version 61 required is higher than the class version supported by the current version of Mixin (JAVA_16 supports class version 60)
[04:29:34] [Render thread/DEBUG] (FabricLoader/Mixin) architectury.mixins.json:client.MixinIntegratedServer from mod architectury->@Inject::initServer(Lorg/spongepowered/asm/mixin/injection/callback/CallbackInfoReturnable;)V does use it's CallbackInfoReturnable
[04:29:34] [Render thread/DEBUG] (FabricLoader/Mixin) Mixing client.MixinGuiGraphics from architectury.mixins.json into net.minecraft.client.gui.GuiGraphics
[04:29:34] [Render thread/DEBUG] (FabricLoader/Mixin) architectury.mixins.json:client.MixinGuiGraphics from mod architectury: Class version 61 required is higher than the class version supported by the current version of Mixin (JAVA_16 supports class version 60)
[04:29:34] [Render thread/DEBUG] (FabricLoader/Mixin) architectury.mixins.json:client.MixinGuiGraphics from mod architectury->@Inject::preRenderTooltipItem(Lnet/minecraft/client/gui/Font;Lnet/minecraft/world/item/ItemStack;IILorg/spongepowered/asm/mixin/injection/callback/CallbackInfo;)V doesn't use it's CallbackInfo
[04:29:34] [Render thread/DEBUG] (FabricLoader/Mixin) architectury.mixins.json:client.MixinGuiGraphics from mod architectury->@Inject::preRenderTooltipItem(Lnet/minecraft/client/gui/Font;Lnet/minecraft/world/item/ItemStack;IILorg/spongepowered/asm/mixin/injection/callback/CallbackInfo;)V has 0 override(s) in child classes
[04:29:34] [Render thread/DEBUG] (FabricLoader/Mixin) architectury.mixins.json:client.MixinGuiGraphics from mod architectury->@Inject::preRenderTooltipItem(Lnet/minecraft/client/gui/Font;Lnet/minecraft/world/item/ItemStack;IILorg/spongepowered/asm/mixin/injection/callback/CallbackInfo;)V won't be passed a CallbackInfo as a result
[04:29:34] [Render thread/DEBUG] (FabricLoader/Mixin) architectury.mixins.json:client.MixinGuiGraphics from mod architectury->@Inject::postRenderTooltipItem(Lnet/minecraft/client/gui/Font;Lnet/minecraft/world/item/ItemStack;IILorg/spongepowered/asm/mixin/injection/callback/CallbackInfo;)V doesn't use it's CallbackInfo
[04:29:34] [Render thread/DEBUG] (FabricLoader/Mixin) architectury.mixins.json:client.MixinGuiGraphics from mod architectury->@Inject::postRenderTooltipItem(Lnet/minecraft/client/gui/Font;Lnet/minecraft/world/item/ItemStack;IILorg/spongepowered/asm/mixin/injection/callback/CallbackInfo;)V has 0 override(s) in child classes
[04:29:34] [Render thread/DEBUG] (FabricLoader/Mixin) architectury.mixins.json:client.MixinGuiGraphics from mod architectury->@Inject::postRenderTooltipItem(Lnet/minecraft/client/gui/Font;Lnet/minecraft/world/item/ItemStack;IILorg/spongepowered/asm/mixin/injection/callback/CallbackInfo;)V won't be passed a CallbackInfo as a result
[04:29:34] [Render thread/DEBUG] (FabricLoader/Mixin) architectury.mixins.json:client.MixinGuiGraphics from mod architectury->@Inject::renderTooltip(Lnet/minecraft/client/gui/Font;Ljava/util/List;IILnet/minecraft/client/gui/screens/inventory/tooltip/ClientTooltipPositioner;Lorg/spongepowered/asm/mixin/injection/callback/CallbackInfo;)V does use it's CallbackInfo
[04:29:34] [Render thread/DEBUG] (FabricLoader/Mixin) Mixing LootManagerMixin from fabric-resource-conditions-api-v1.mixins.json into net.minecraft.world.level.storage.loot.LootDataManager
[04:29:34] [Render thread/DEBUG] (FabricLoader/Mixin) Mixing KeyedResourceReloadListenerMixin from fabric-resource-loader-v0.mixins.json into net.minecraft.world.level.storage.loot.LootDataManager
[04:29:34] [Render thread/DEBUG] (FabricLoader/Mixin) Mixing LootManagerMixin from fabric-loot-api-v2.mixins.json into net.minecraft.world.level.storage.loot.LootDataManager
[04:29:34] [Render thread/DEBUG] (FabricLoader/Mixin) Renaming synthetic method lambda$applyLootTableEvents$1(Lcom/google/common/collect/ImmutableMap$Builder;Lnet/minecraft/server/packs/resources/ResourceManager;Lnet/minecraft/world/level/storage/loot/LootDataManager;Lnet/minecraft/world/level/storage/loot/LootDataId;Ljava/lang/Object;)V to md2e53f5$fabric-loot-api-v2$lambda$applyLootTableEvents$1$0 in fabric-loot-api-v2.mixins.json:LootManagerMixin from mod fabric-loot-api-v2
[04:29:34] [Render thread/DEBUG] (FabricLoader/Mixin) Renaming synthetic method lambda$reload$0(Lnet/minecraft/server/packs/resources/ResourceManager;Lnet/minecraft/world/level/storage/loot/LootDataManager;)V to md2e53f5$fabric-loot-api-v2$lambda$reload$0$1 in fabric-loot-api-v2.mixins.json:LootManagerMixin from mod fabric-loot-api-v2
[04:29:34] [Render thread/DEBUG] (FabricLoader/Mixin) fabric-resource-conditions-api-v1.mixins.json:LootManagerMixin from mod fabric-resource-conditions-api-v1->@Inject::load(Lnet/minecraft/world/level/storage/loot/LootDataType;Lnet/minecraft/server/packs/resources/ResourceManager;Ljava/util/concurrent/Executor;Ljava/util/Map;Lorg/spongepowered/asm/mixin/injection/callback/CallbackInfoReturnable;Ljava/util/Map;)V doesn't use it's CallbackInfoReturnable
[04:29:34] [Render thread/DEBUG] (FabricLoader/Mixin) fabric-resource-conditions-api-v1.mixins.json:LootManagerMixin from mod fabric-resource-conditions-api-v1->@Inject::runAsync(Lnet/minecraft/server/packs/resources/ResourceManager;Lnet/minecraft/world/level/storage/loot/LootDataType;Ljava/util/Map;Lorg/spongepowered/asm/mixin/injection/callback/CallbackInfo;)V doesn't use it's CallbackInfo
[04:29:34] [Render thread/DEBUG] (FabricLoader/Mixin) fabric-resource-conditions-api-v1.mixins.json:LootManagerMixin from mod fabric-resource-conditions-api-v1->@Inject::applyResourceConditions(Lnet/minecraft/world/level/storage/loot/LootDataType;Ljava/util/Map;Lnet/minecraft/resources/ResourceLocation;Lcom/google/gson/JsonElement;Lorg/spongepowered/asm/mixin/injection/callback/CallbackInfo;)V does use it's CallbackInfo
[04:29:34] [Render thread/DEBUG] (FabricLoader/Mixin) fabric-resource-conditions-api-v1.mixins.json:LootManagerMixin from mod fabric-resource-conditions-api-v1->@Inject::runAsyncEnd(Lnet/minecraft/server/packs/resources/ResourceManager;Lnet/minecraft/world/level/storage/loot/LootDataType;Ljava/util/Map;Lorg/spongepowered/asm/mixin/injection/callback/CallbackInfo;)V doesn't use it's CallbackInfo
[04:29:34] [Render thread/DEBUG] (FabricLoader/Mixin) fabric-loot-api-v2.mixins.json:LootManagerMixin from mod fabric-loot-api-v2->@Inject::reload(Lnet/minecraft/server/packs/resources/PreparableReloadListener$PreparationBarrier;Lnet/minecraft/server/packs/resources/ResourceManager;Lnet/minecraft/util/profiling/ProfilerFiller;Lnet/minecraft/util/profiling/ProfilerFiller;Ljava/util/concurrent/Executor;Ljava/util/concurrent/Executor;Lorg/spongepowered/asm/mixin/injection/callback/CallbackInfoReturnable;)V does use it's CallbackInfoReturnable
[04:29:34] [Render thread/DEBUG] (FabricLoader/Mixin) Mixing emotion.LootTableMixin from depression.mixins.json into net.minecraft.world.level.storage.loot.LootTable
[04:29:34] [Render thread/DEBUG] (FabricLoader/Mixin) Mixing LootTableAccessor from fabric-loot-api-v2.mixins.json into net.minecraft.world.level.storage.loot.LootTable
[04:29:34] [Render thread/DEBUG] (FabricLoader/Mixin) depression.mixins.json:emotion.LootTableMixin from mod depression->@Inject::onFill(Lorg/spongepowered/asm/mixin/injection/callback/CallbackInfo;)V doesn't use it's CallbackInfo
[04:29:34] [Render thread/DEBUG] (FabricLoader/Mixin) depression.mixins.json:emotion.LootTableMixin from mod depression->@Inject::onFill(Lorg/spongepowered/asm/mixin/injection/callback/CallbackInfo;)V has 0 override(s) in child classes
[04:29:34] [Render thread/DEBUG] (FabricLoader/Mixin) depression.mixins.json:emotion.LootTableMixin from mod depression->@Inject::onFill(Lorg/spongepowered/asm/mixin/injection/callback/CallbackInfo;)V won't be passed a CallbackInfo as a result
[04:29:34] [Render thread/DEBUG] (FabricLoader/Mixin) Mixing LootTableBuilderMixin from fabric-loot-api-v2.mixins.json into net.minecraft.world.level.storage.loot.LootTable$Builder
[04:29:34] [Render thread/INFO] (dev.architectury.networking.fabric.NetworkManagerImpl) Registering C2S receiver with id depression:mental_trait_packet
[04:29:34] [Render thread/DEBUG] (FabricLoader/Mixin) Mixing ServerPlayNetworkHandlerMixin from fabric-networking-api-v1.mixins.json into net.minecraft.server.network.ServerGamePacketListenerImpl
[04:29:34] [Render thread/DEBUG] (FabricLoader/Mixin) fabric-networking-api-v1.mixins.json:ServerPlayNetworkHandlerMixin from mod fabric-networking-api-v1->@Inject::initAddon(Lorg/spongepowered/asm/mixin/injection/callback/CallbackInfo;)V doesn't use it's CallbackInfo
[04:29:34] [Render thread/DEBUG] (FabricLoader/Mixin) fabric-networking-api-v1.mixins.json:ServerPlayNetworkHandlerMixin from mod fabric-networking-api-v1->@Inject::initAddon(Lorg/spongepowered/asm/mixin/injection/callback/CallbackInfo;)V has 0 override(s) in child classes
[04:29:34] [Render thread/DEBUG] (FabricLoader/Mixin) fabric-networking-api-v1.mixins.json:ServerPlayNetworkHandlerMixin from mod fabric-networking-api-v1->@Inject::initAddon(Lorg/spongepowered/asm/mixin/injection/callback/CallbackInfo;)V won't be passed a CallbackInfo as a result
[04:29:34] [Render thread/INFO] (dev.architectury.networking.fabric.NetworkManagerImpl) Registering C2S receiver with id depression:diary_update_packet
[04:29:34] [Render thread/INFO] (dev.architectury.networking.fabric.NetworkManagerImpl) Registering C2S receiver with id depression:play_sound_packet
[04:29:35] [Render thread/DEBUG] (FabricLoader/Mixin) Mixing TradeOffersTypeAwareBuyForOneEmeraldFactoryMixin from fabric-object-builder-v1.mixins.json into net.minecraft.world.entity.npc.VillagerTrades$EmeraldsForVillagerTypeItem
[04:29:35] [Render thread/DEBUG] (FabricLoader/Mixin) fabric-object-builder-v1.mixins.json:TradeOffersTypeAwareBuyForOneEmeraldFactoryMixin from mod fabric-object-builder-api-v1->@Inject::failOnNullItem(Lnet/minecraft/world/entity/Entity;Lnet/minecraft/util/RandomSource;Lorg/spongepowered/asm/mixin/injection/callback/CallbackInfoReturnable;Lnet/minecraft/world/entity/npc/VillagerDataHolder;Lnet/minecraft/world/item/ItemStack;)V does use it's CallbackInfoReturnable
[04:29:35] [Render thread/DEBUG] (FabricLoader/Mixin) Mixing EnchantmentHelperMixin from fabric-item-api-v1.mixins.json into net.minecraft.world.item.enchantment.EnchantmentHelper
[04:29:35] [Render thread/DEBUG] (FabricLoader/Mixin) Renaming synthetic method lambda$setCurrentStack$0(Lnet/minecraft/world/item/ItemStack;Lnet/minecraft/world/item/enchantment/EnchantmentHelper$EnchantmentVisitor;Lnet/minecraft/nbt/CompoundTag;Lnet/minecraft/world/item/enchantment/Enchantment;)V to md2e53f5$fabric-item-api-v1$lambda$setCurrentStack$0$0 in fabric-item-api-v1.mixins.json:EnchantmentHelperMixin from mod fabric-item-api-v1
[04:29:35] [Render thread/DEBUG] (FabricLoader/Entrypoint) Iterating over entrypoint 'client'
[04:29:35] [Render thread/DEBUG] (FabricLoader/Mixin) Mixing ClientConfigurationNetworkHandlerMixin from fabric-networking-api-v1.client.mixins.json into net.minecraft.client.multiplayer.ClientConfigurationPacketListenerImpl
[04:29:35] [Render thread/DEBUG] (FabricLoader/Mixin) Mixing accessor.ClientConfigurationNetworkHandlerAccessor from fabric-networking-api-v1.client.mixins.json into net.minecraft.client.multiplayer.ClientConfigurationPacketListenerImpl
[04:29:35] [Render thread/DEBUG] (FabricLoader/Mixin) fabric-networking-api-v1.client.mixins.json:ClientConfigurationNetworkHandlerMixin from mod fabric-networking-api-v1->@Inject::initAddon(Lorg/spongepowered/asm/mixin/injection/callback/CallbackInfo;)V doesn't use it's CallbackInfo
[04:29:35] [Render thread/DEBUG] (FabricLoader/Mixin) fabric-networking-api-v1.client.mixins.json:ClientConfigurationNetworkHandlerMixin from mod fabric-networking-api-v1->@Inject::initAddon(Lorg/spongepowered/asm/mixin/injection/callback/CallbackInfo;)V has 0 override(s) in child classes
[04:29:35] [Render thread/DEBUG] (FabricLoader/Mixin) fabric-networking-api-v1.client.mixins.json:ClientConfigurationNetworkHandlerMixin from mod fabric-networking-api-v1->@Inject::initAddon(Lorg/spongepowered/asm/mixin/injection/callback/CallbackInfo;)V won't be passed a CallbackInfo as a result
[04:29:35] [Render thread/DEBUG] (FabricLoader/Mixin) fabric-networking-api-v1.client.mixins.json:ClientConfigurationNetworkHandlerMixin from mod fabric-networking-api-v1->@Inject::onReady(Lnet/minecraft/network/protocol/configuration/ClientboundFinishConfigurationPacket;Lorg/spongepowered/asm/mixin/injection/callback/CallbackInfo;)V doesn't use it's CallbackInfo
[04:29:35] [Render thread/DEBUG] (FabricLoader/Mixin) fabric-networking-api-v1.client.mixins.json:ClientConfigurationNetworkHandlerMixin from mod fabric-networking-api-v1->@Inject::onReady(Lnet/minecraft/network/protocol/configuration/ClientboundFinishConfigurationPacket;Lorg/spongepowered/asm/mixin/injection/callback/CallbackInfo;)V has 0 override(s) in child classes
[04:29:35] [Render thread/DEBUG] (FabricLoader/Mixin) fabric-networking-api-v1.client.mixins.json:ClientConfigurationNetworkHandlerMixin from mod fabric-networking-api-v1->@Inject::onReady(Lnet/minecraft/network/protocol/configuration/ClientboundFinishConfigurationPacket;Lorg/spongepowered/asm/mixin/injection/callback/CallbackInfo;)V won't be passed a CallbackInfo as a result
[04:29:35] [Render thread/DEBUG] (FabricLoader/Mixin) Mixing accessor.ClientCommonNetworkHandlerAccessor from fabric-networking-api-v1.client.mixins.json into net.minecraft.client.multiplayer.ClientCommonPacketListenerImpl
[04:29:35] [Render thread/DEBUG] (FabricLoader/Mixin) Mixing ClientCommonNetworkHandlerMixin from fabric-networking-api-v1.client.mixins.json into net.minecraft.client.multiplayer.ClientCommonPacketListenerImpl
[04:29:35] [Render thread/DEBUG] (FabricLoader/Mixin) fabric-networking-api-v1.client.mixins.json:ClientCommonNetworkHandlerMixin from mod fabric-networking-api-v1->@Inject::onCustomPayload(Lnet/minecraft/network/protocol/common/ClientboundCustomPayloadPacket;Lorg/spongepowered/asm/mixin/injection/callback/CallbackInfo;)V does use it's CallbackInfo
[04:29:35] [Download-1/DEBUG] (com.mojang.authlib.yggdrasil.YggdrasilMinecraftSessionService) Couldn't fetch profile properties for 79804575-3cdf-34b1-8aa3-c1036031e749 as the profile does not exist
[04:29:35] [Render thread/DEBUG] (FabricLoader/Mixin) Mixing ClientPlayNetworkHandlerMixin from fabric-message-api-v1.client.mixins.json into net.minecraft.client.multiplayer.ClientPacketListener
[04:29:35] [Render thread/DEBUG] (FabricLoader/Mixin) Mixing ClientPlayNetworkHandlerMixin from fabric-networking-api-v1.client.mixins.json into net.minecraft.client.multiplayer.ClientPacketListener
[04:29:35] [Render thread/DEBUG] (FabricLoader/Mixin) Mixing ClientPlayNetworkHandlerMixin from fabric-data-attachment-api-v1.client.mixins.json into net.minecraft.client.multiplayer.ClientPacketListener
[04:29:35] [Render thread/DEBUG] (FabricLoader/Mixin) Mixing ClientPlayNetworkHandlerMixin from fabric-command-api-v2.client.mixins.json into net.minecraft.client.multiplayer.ClientPacketListener
[04:29:35] [Render thread/DEBUG] (FabricLoader/Mixin) Mixing ClientPlayNetworkHandlerMixin from fabric-lifecycle-events-v1.client.mixins.json into net.minecraft.client.multiplayer.ClientPacketListener
[04:29:35] [Render thread/DEBUG] (FabricLoader/Mixin) Mixing client.MixinClientPacketListener from architectury.mixins.json into net.minecraft.client.multiplayer.ClientPacketListener
[04:29:35] [Render thread/DEBUG] (FabricLoader/Mixin) architectury.mixins.json:client.MixinClientPacketListener from mod architectury: Class version 61 required is higher than the class version supported by the current version of Mixin (JAVA_16 supports class version 60)
[04:29:35] [Render thread/DEBUG] (FabricLoader/Mixin) fabric-message-api-v1.client.mixins.json:ClientPlayNetworkHandlerMixin from mod fabric-message-api-v1->@Inject::fabric_allowSendChatMessage(Ljava/lang/String;Lorg/spongepowered/asm/mixin/injection/callback/CallbackInfo;)V does use it's CallbackInfo
[04:29:35] [Render thread/DEBUG] (FabricLoader/Mixin) fabric-message-api-v1.client.mixins.json:ClientPlayNetworkHandlerMixin from mod fabric-message-api-v1->@Inject::fabric_allowSendCommandMessage(Ljava/lang/String;Lorg/spongepowered/asm/mixin/injection/callback/CallbackInfo;)V does use it's CallbackInfo
[04:29:35] [Render thread/DEBUG] (FabricLoader/Mixin) fabric-networking-api-v1.client.mixins.json:ClientPlayNetworkHandlerMixin from mod fabric-networking-api-v1->@Inject::initAddon(Lorg/spongepowered/asm/mixin/injection/callback/CallbackInfo;)V doesn't use it's CallbackInfo
[04:29:35] [Render thread/DEBUG] (FabricLoader/Mixin) fabric-networking-api-v1.client.mixins.json:ClientPlayNetworkHandlerMixin from mod fabric-networking-api-v1->@Inject::initAddon(Lorg/spongepowered/asm/mixin/injection/callback/CallbackInfo;)V has 0 override(s) in child classes
[04:29:35] [Render thread/DEBUG] (FabricLoader/Mixin) fabric-networking-api-v1.client.mixins.json:ClientPlayNetworkHandlerMixin from mod fabric-networking-api-v1->@Inject::initAddon(Lorg/spongepowered/asm/mixin/injection/callback/CallbackInfo;)V won't be passed a CallbackInfo as a result
[04:29:35] [Render thread/DEBUG] (FabricLoader/Mixin) fabric-networking-api-v1.client.mixins.json:ClientPlayNetworkHandlerMixin from mod fabric-networking-api-v1->@Inject::handleServerPlayReady(Lnet/minecraft/network/protocol/game/ClientboundLoginPacket;Lorg/spongepowered/asm/mixin/injection/callback/CallbackInfo;)V doesn't use it's CallbackInfo
[04:29:35] [Render thread/DEBUG] (FabricLoader/Mixin) fabric-networking-api-v1.client.mixins.json:ClientPlayNetworkHandlerMixin from mod fabric-networking-api-v1->@Inject::handleServerPlayReady(Lnet/minecraft/network/protocol/game/ClientboundLoginPacket;Lorg/spongepowered/asm/mixin/injection/callback/CallbackInfo;)V has 0 override(s) in child classes
[04:29:35] [Render thread/DEBUG] (FabricLoader/Mixin) fabric-networking-api-v1.client.mixins.json:ClientPlayNetworkHandlerMixin from mod fabric-networking-api-v1->@Inject::handleServerPlayReady(Lnet/minecraft/network/protocol/game/ClientboundLoginPacket;Lorg/spongepowered/asm/mixin/injection/callback/CallbackInfo;)V won't be passed a CallbackInfo as a result
[04:29:35] [Render thread/DEBUG] (FabricLoader/Mixin) fabric-command-api-v2.client.mixins.json:ClientPlayNetworkHandlerMixin from mod fabric-command-api-v2->@Inject::onGameJoin(Lnet/minecraft/network/protocol/game/ClientboundLoginPacket;Lorg/spongepowered/asm/mixin/injection/callback/CallbackInfo;)V doesn't use it's CallbackInfo
[04:29:35] [Render thread/DEBUG] (FabricLoader/Mixin) fabric-command-api-v2.client.mixins.json:ClientPlayNetworkHandlerMixin from mod fabric-command-api-v2->@Inject::onGameJoin(Lnet/minecraft/network/protocol/game/ClientboundLoginPacket;Lorg/spongepowered/asm/mixin/injection/callback/CallbackInfo;)V has 0 override(s) in child classes
[04:29:35] [Render thread/DEBUG] (FabricLoader/Mixin) fabric-command-api-v2.client.mixins.json:ClientPlayNetworkHandlerMixin from mod fabric-command-api-v2->@Inject::onGameJoin(Lnet/minecraft/network/protocol/game/ClientboundLoginPacket;Lorg/spongepowered/asm/mixin/injection/callback/CallbackInfo;)V won't be passed a CallbackInfo as a result
[04:29:35] [Render thread/DEBUG] (FabricLoader/Mixin) fabric-command-api-v2.client.mixins.json:ClientPlayNetworkHandlerMixin from mod fabric-command-api-v2->@Inject::onOnCommandTree(Lnet/minecraft/network/protocol/game/ClientboundCommandsPacket;Lorg/spongepowered/asm/mixin/injection/callback/CallbackInfo;)V doesn't use it's CallbackInfo
[04:29:35] [Render thread/DEBUG] (FabricLoader/Mixin) fabric-command-api-v2.client.mixins.json:ClientPlayNetworkHandlerMixin from mod fabric-command-api-v2->@Inject::onOnCommandTree(Lnet/minecraft/network/protocol/game/ClientboundCommandsPacket;Lorg/spongepowered/asm/mixin/injection/callback/CallbackInfo;)V has 0 override(s) in child classes
[04:29:35] [Render thread/DEBUG] (FabricLoader/Mixin) fabric-command-api-v2.client.mixins.json:ClientPlayNetworkHandlerMixin from mod fabric-command-api-v2->@Inject::onOnCommandTree(Lnet/minecraft/network/protocol/game/ClientboundCommandsPacket;Lorg/spongepowered/asm/mixin/injection/callback/CallbackInfo;)V won't be passed a CallbackInfo as a result
[04:29:35] [Render thread/DEBUG] (FabricLoader/Mixin) fabric-command-api-v2.client.mixins.json:ClientPlayNetworkHandlerMixin from mod fabric-command-api-v2->@Inject::onSendCommand(Ljava/lang/String;Lorg/spongepowered/asm/mixin/injection/callback/CallbackInfoReturnable;)V does use it's CallbackInfoReturnable
[04:29:35] [Render thread/DEBUG] (FabricLoader/Mixin) fabric-command-api-v2.client.mixins.json:ClientPlayNetworkHandlerMixin from mod fabric-command-api-v2->@Inject::onSendCommand(Ljava/lang/String;Lorg/spongepowered/asm/mixin/injection/callback/CallbackInfo;)V does use it's CallbackInfo
[04:29:35] [Render thread/DEBUG] (FabricLoader/Mixin) fabric-lifecycle-events-v1.client.mixins.json:ClientPlayNetworkHandlerMixin from mod fabric-lifecycle-events-v1->@Inject::onPlayerRespawn(Lnet/minecraft/network/protocol/game/ClientboundRespawnPacket;Lorg/spongepowered/asm/mixin/injection/callback/CallbackInfo;)V doesn't use it's CallbackInfo
[04:29:35] [Render thread/DEBUG] (FabricLoader/Mixin) fabric-lifecycle-events-v1.client.mixins.json:ClientPlayNetworkHandlerMixin from mod fabric-lifecycle-events-v1->@Inject::onPlayerRespawn(Lnet/minecraft/network/protocol/game/ClientboundRespawnPacket;Lorg/spongepowered/asm/mixin/injection/callback/CallbackInfo;)V has 0 override(s) in child classes
[04:29:35] [Render thread/DEBUG] (FabricLoader/Mixin) fabric-lifecycle-events-v1.client.mixins.json:ClientPlayNetworkHandlerMixin from mod fabric-lifecycle-events-v1->@Inject::onPlayerRespawn(Lnet/minecraft/network/protocol/game/ClientboundRespawnPacket;Lorg/spongepowered/asm/mixin/injection/callback/CallbackInfo;)V won't be passed a CallbackInfo as a result
[04:29:35] [Render thread/DEBUG] (FabricLoader/Mixin) fabric-lifecycle-events-v1.client.mixins.json:ClientPlayNetworkHandlerMixin from mod fabric-lifecycle-events-v1->@Inject::onGameJoin(Lnet/minecraft/network/protocol/game/ClientboundLoginPacket;Lorg/spongepowered/asm/mixin/injection/callback/CallbackInfo;)V doesn't use it's CallbackInfo
[04:29:35] [Render thread/DEBUG] (FabricLoader/Mixin) fabric-lifecycle-events-v1.client.mixins.json:ClientPlayNetworkHandlerMixin from mod fabric-lifecycle-events-v1->@Inject::onGameJoin(Lnet/minecraft/network/protocol/game/ClientboundLoginPacket;Lorg/spongepowered/asm/mixin/injection/callback/CallbackInfo;)V has 0 override(s) in child classes
[04:29:35] [Render thread/DEBUG] (FabricLoader/Mixin) fabric-lifecycle-events-v1.client.mixins.json:ClientPlayNetworkHandlerMixin from mod fabric-lifecycle-events-v1->@Inject::onGameJoin(Lnet/minecraft/network/protocol/game/ClientboundLoginPacket;Lorg/spongepowered/asm/mixin/injection/callback/CallbackInfo;)V won't be passed a CallbackInfo as a result
[04:29:35] [Render thread/DEBUG] (FabricLoader/Mixin) fabric-lifecycle-events-v1.client.mixins.json:ClientPlayNetworkHandlerMixin from mod fabric-lifecycle-events-v1->@Inject::onClearWorld(Lorg/spongepowered/asm/mixin/injection/callback/CallbackInfo;)V doesn't use it's CallbackInfo
[04:29:35] [Render thread/DEBUG] (FabricLoader/Mixin) fabric-lifecycle-events-v1.client.mixins.json:ClientPlayNetworkHandlerMixin from mod fabric-lifecycle-events-v1->@Inject::onClearWorld(Lorg/spongepowered/asm/mixin/injection/callback/CallbackInfo;)V has 0 override(s) in child classes
[04:29:35] [Render thread/DEBUG] (FabricLoader/Mixin) fabric-lifecycle-events-v1.client.mixins.json:ClientPlayNetworkHandlerMixin from mod fabric-lifecycle-events-v1->@Inject::onClearWorld(Lorg/spongepowered/asm/mixin/injection/callback/CallbackInfo;)V won't be passed a CallbackInfo as a result
[04:29:35] [Render thread/DEBUG] (FabricLoader/Mixin) fabric-lifecycle-events-v1.client.mixins.json:ClientPlayNetworkHandlerMixin from mod fabric-lifecycle-events-v1->@Inject::hookOnSynchronizeTags(Lorg/spongepowered/asm/mixin/injection/callback/CallbackInfo;)V doesn't use it's CallbackInfo
[04:29:35] [Render thread/DEBUG] (FabricLoader/Mixin) fabric-lifecycle-events-v1.client.mixins.json:ClientPlayNetworkHandlerMixin from mod fabric-lifecycle-events-v1->@Inject::hookOnSynchronizeTags(Lorg/spongepowered/asm/mixin/injection/callback/CallbackInfo;)V has 0 override(s) in child classes
[04:29:35] [Render thread/DEBUG] (FabricLoader/Mixin) fabric-lifecycle-events-v1.client.mixins.json:ClientPlayNetworkHandlerMixin from mod fabric-lifecycle-events-v1->@Inject::hookOnSynchronizeTags(Lorg/spongepowered/asm/mixin/injection/callback/CallbackInfo;)V won't be passed a CallbackInfo as a result
[04:29:35] [Render thread/DEBUG] (FabricLoader/Mixin) architectury.mixins.json:client.MixinClientPacketListener from mod architectury->@Inject::handleLogin(Lnet/minecraft/network/protocol/game/ClientboundLoginPacket;Lorg/spongepowered/asm/mixin/injection/callback/CallbackInfo;)V doesn't use it's CallbackInfo
[04:29:35] [Render thread/DEBUG] (FabricLoader/Mixin) architectury.mixins.json:client.MixinClientPacketListener from mod architectury->@Inject::handleLogin(Lnet/minecraft/network/protocol/game/ClientboundLoginPacket;Lorg/spongepowered/asm/mixin/injection/callback/CallbackInfo;)V has 0 override(s) in child classes
[04:29:35] [Render thread/DEBUG] (FabricLoader/Mixin) architectury.mixins.json:client.MixinClientPacketListener from mod architectury->@Inject::handleLogin(Lnet/minecraft/network/protocol/game/ClientboundLoginPacket;Lorg/spongepowered/asm/mixin/injection/callback/CallbackInfo;)V won't be passed a CallbackInfo as a result
[04:29:35] [Render thread/DEBUG] (FabricLoader/Mixin) architectury.mixins.json:client.MixinClientPacketListener from mod architectury->@Inject::handleRespawnPre(Lnet/minecraft/network/protocol/game/ClientboundRespawnPacket;Lorg/spongepowered/asm/mixin/injection/callback/CallbackInfo;)V doesn't use it's CallbackInfo
[04:29:35] [Render thread/DEBUG] (FabricLoader/Mixin) architectury.mixins.json:client.MixinClientPacketListener from mod architectury->@Inject::handleRespawnPre(Lnet/minecraft/network/protocol/game/ClientboundRespawnPacket;Lorg/spongepowered/asm/mixin/injection/callback/CallbackInfo;)V has 0 override(s) in child classes
[04:29:35] [Render thread/DEBUG] (FabricLoader/Mixin) architectury.mixins.json:client.MixinClientPacketListener from mod architectury->@Inject::handleRespawnPre(Lnet/minecraft/network/protocol/game/ClientboundRespawnPacket;Lorg/spongepowered/asm/mixin/injection/callback/CallbackInfo;)V won't be passed a CallbackInfo as a result
[04:29:35] [Render thread/DEBUG] (FabricLoader/Mixin) architectury.mixins.json:client.MixinClientPacketListener from mod architectury->@Inject::handleRespawn(Lnet/minecraft/network/protocol/game/ClientboundRespawnPacket;Lorg/spongepowered/asm/mixin/injection/callback/CallbackInfo;)V doesn't use it's CallbackInfo
[04:29:35] [Render thread/DEBUG] (FabricLoader/Mixin) architectury.mixins.json:client.MixinClientPacketListener from mod architectury->@Inject::handleRespawn(Lnet/minecraft/network/protocol/game/ClientboundRespawnPacket;Lorg/spongepowered/asm/mixin/injection/callback/CallbackInfo;)V has 0 override(s) in child classes
[04:29:35] [Render thread/DEBUG] (FabricLoader/Mixin) architectury.mixins.json:client.MixinClientPacketListener from mod architectury->@Inject::handleRespawn(Lnet/minecraft/network/protocol/game/ClientboundRespawnPacket;Lorg/spongepowered/asm/mixin/injection/callback/CallbackInfo;)V won't be passed a CallbackInfo as a result
[04:29:35] [Render thread/DEBUG] (FabricLoader/Mixin) architectury.mixins.json:client.MixinClientPacketListener from mod architectury->@Inject::handleUpdateRecipes(Lnet/minecraft/network/protocol/game/ClientboundUpdateRecipesPacket;Lorg/spongepowered/asm/mixin/injection/callback/CallbackInfo;)V doesn't use it's CallbackInfo
[04:29:35] [Render thread/DEBUG] (FabricLoader/Mixin) architectury.mixins.json:client.MixinClientPacketListener from mod architectury->@Inject::handleUpdateRecipes(Lnet/minecraft/network/protocol/game/ClientboundUpdateRecipesPacket;Lorg/spongepowered/asm/mixin/injection/callback/CallbackInfo;)V has 0 override(s) in child classes
[04:29:35] [Render thread/DEBUG] (FabricLoader/Mixin) architectury.mixins.json:client.MixinClientPacketListener from mod architectury->@Inject::handleUpdateRecipes(Lnet/minecraft/network/protocol/game/ClientboundUpdateRecipesPacket;Lorg/spongepowered/asm/mixin/injection/callback/CallbackInfo;)V won't be passed a CallbackInfo as a result
[04:29:35] [Render thread/DEBUG] (FabricLoader/Mixin) architectury.mixins.json:client.MixinClientPacketListener from mod architectury->@Inject::chat(Ljava/lang/String;Lorg/spongepowered/asm/mixin/injection/callback/CallbackInfo;)V does use it's CallbackInfo
[04:29:35] [Render thread/INFO] (dev.architectury.networking.fabric.NetworkManagerImpl) Registering S2C receiver with id architectury:spawn_entity_packet
[04:29:35] [Render thread/DEBUG] (FabricLoader/Mixin) Mixing client.BookViewScreenMixin from depression.mixins.json into net.minecraft.client.gui.screens.inventory.BookViewScreen
[04:29:35] [Render thread/DEBUG] (FabricLoader/Mixin) depression.mixins.json:client.BookViewScreenMixin from mod depression->@Inject::renderBackground(Lnet/minecraft/client/gui/GuiGraphics;IIFLorg/spongepowered/asm/mixin/injection/callback/CallbackInfo;)V does use it's CallbackInfo
[04:29:35] [Render thread/DEBUG] (FabricLoader/Mixin) depression.mixins.json:client.BookViewScreenMixin from mod depression->@Inject::render(Lnet/minecraft/client/gui/GuiGraphics;IIFLorg/spongepowered/asm/mixin/injection/callback/CallbackInfo;)V does use it's CallbackInfo
[04:29:35] [Render thread/DEBUG] (FabricLoader/Mixin) Mixing SoundInstanceMixin from fabric-sound-api-v1.mixins.json into net.minecraft.client.resources.sounds.SoundInstance
[04:29:35] [Render thread/INFO] (dev.architectury.networking.fabric.NetworkManagerImpl) Registering S2C receiver with id depression:emotion_packet
[04:29:35] [Render thread/INFO] (dev.architectury.networking.fabric.NetworkManagerImpl) Registering S2C receiver with id depression:mental_health_packet
[04:29:35] [Render thread/INFO] (dev.architectury.networking.fabric.NetworkManagerImpl) Registering S2C receiver with id depression:overdose_packet
[04:29:35] [Render thread/INFO] (dev.architectury.networking.fabric.NetworkManagerImpl) Registering S2C receiver with id depression:bipolar_packet
[04:29:35] [Render thread/INFO] (dev.architectury.networking.fabric.NetworkManagerImpl) Registering S2C receiver with id depression:nearby_block_heal_packet
[04:29:35] [Render thread/INFO] (dev.architectury.networking.fabric.NetworkManagerImpl) Registering S2C receiver with id depression:break_block_heal_packet
[04:29:35] [Render thread/INFO] (dev.architectury.networking.fabric.NetworkManagerImpl) Registering S2C receiver with id depression:kill_entity_heal_packet
[04:29:35] [Render thread/INFO] (dev.architectury.networking.fabric.NetworkManagerImpl) Registering S2C receiver with id depression:fish_heal_packet
[04:29:35] [Render thread/INFO] (dev.architectury.networking.fabric.NetworkManagerImpl) Registering S2C receiver with id depression:feed_animal_heal_packet
[04:29:35] [Render thread/INFO] (dev.architectury.networking.fabric.NetworkManagerImpl) Registering S2C receiver with id depression:pet_heal_packet
[04:29:35] [Render thread/INFO] (dev.architectury.networking.fabric.NetworkManagerImpl) Registering S2C receiver with id depression:loot_heal_packet
[04:29:35] [Render thread/INFO] (dev.architectury.networking.fabric.NetworkManagerImpl) Registering S2C receiver with id depression:ptsd_form_packet
[04:29:35] [Render thread/INFO] (dev.architectury.networking.fabric.NetworkManagerImpl) Registering S2C receiver with id depression:ptsd_disperse_packet
[04:29:35] [Render thread/INFO] (dev.architectury.networking.fabric.NetworkManagerImpl) Registering S2C receiver with id depression:ptsd_remission_packet
[04:29:35] [Render thread/INFO] (dev.architectury.networking.fabric.NetworkManagerImpl) Registering S2C receiver with id depression:insomnia_packet
[04:29:35] [Render thread/INFO] (dev.architectury.networking.fabric.NetworkManagerImpl) Registering S2C receiver with id depression:mental_fatigue_packet
[04:29:35] [Render thread/INFO] (dev.architectury.networking.fabric.NetworkManagerImpl) Registering S2C receiver with id depression:close_eye_packet
[04:29:35] [Render thread/INFO] (dev.architectury.networking.fabric.NetworkManagerImpl) Registering S2C receiver with id depression:ptsd_onset_packet
[04:29:35] [Render thread/INFO] (dev.architectury.networking.fabric.NetworkManagerImpl) Registering S2C receiver with id depression:diary_update_packet
[04:29:35] [Render thread/INFO] (dev.architectury.networking.fabric.NetworkManagerImpl) Registering S2C receiver with id depression:phonism_packet
[04:29:35] [Render thread/INFO] (dev.architectury.networking.fabric.NetworkManagerImpl) Registering S2C receiver with id depression:mental_trait_packet
[04:29:35] [Download-2/ERROR] (net.minecraft.client.Minecraft) Failed to fetch user properties
com.mojang.authlib.exceptions.InvalidCredentialsException: Status: 401
	at com.mojang.authlib.exceptions.MinecraftClientHttpException.toAuthenticationException(MinecraftClientHttpException.java:59) ~[authlib-6.0.52.jar:?]
	at com.mojang.authlib.yggdrasil.YggdrasilUserApiService.fetchProperties(YggdrasilUserApiService.java:150) ~[authlib-6.0.52.jar:?]
	at net.minecraft.client.Minecraft.method_55608(Minecraft.java:467) ~[minecraft-merged-b507bda15f-1.20.4-loom.mappings.1_20_4.layered+hash.40359-v2.jar:?]
	at java.util.concurrent.CompletableFuture$AsyncSupply.run(CompletableFuture.java:1768) ~[?:?]
	at java.util.concurrent.ThreadPoolExecutor.runWorker(ThreadPoolExecutor.java:1136) ~[?:?]
	at java.util.concurrent.ThreadPoolExecutor$Worker.run(ThreadPoolExecutor.java:635) ~[?:?]
	at java.lang.Thread.run(Thread.java:833) ~[?:?]
Caused by: com.mojang.authlib.exceptions.MinecraftClientHttpException: Status: 401
	at com.mojang.authlib.minecraft.client.MinecraftClient.readInputStream(MinecraftClient.java:100) ~[authlib-6.0.52.jar:?]
	at com.mojang.authlib.minecraft.client.MinecraftClient.get(MinecraftClient.java:57) ~[authlib-6.0.52.jar:?]
	at com.mojang.authlib.yggdrasil.YggdrasilUserApiService.fetchProperties(YggdrasilUserApiService.java:121) ~[authlib-6.0.52.jar:?]
	... 5 more
[04:29:35] [Render thread/INFO] (net.fabricmc.fabric.impl.client.indigo.Indigo) [Indigo] Registering Indigo renderer!
[04:29:35] [Render thread/DEBUG] (FabricLoader/Mixin) Mixing shader.GameRendererMixin from fabric-rendering-v1.mixins.json into net.minecraft.client.renderer.GameRenderer
[04:29:35] [Render thread/DEBUG] (FabricLoader/Mixin) Renaming synthetic method lambda$registerShaders$0(Lnet/minecraft/server/packs/resources/ResourceProvider;Ljava/util/List;Lnet/minecraft/resources/ResourceLocation;Lcom/mojang/blaze3d/vertex/VertexFormat;Ljava/util/function/Consumer;)V to md2e53f5$fabric-rendering-v1$lambda$registerShaders$0$0 in fabric-rendering-v1.mixins.json:shader.GameRendererMixin from mod fabric-rendering-v1
[04:29:35] [Render thread/DEBUG] (FabricLoader/Mixin) Mixing GameRendererMixin from fabric-screen-api-v1.mixins.json into net.minecraft.client.renderer.GameRenderer
[04:29:35] [Render thread/DEBUG] (FabricLoader/Mixin) Mixing client.MixinGameRenderer from architectury.mixins.json into net.minecraft.client.renderer.GameRenderer
[04:29:35] [Render thread/DEBUG] (FabricLoader/Mixin) architectury.mixins.json:client.MixinGameRenderer from mod architectury: Class version 61 required is higher than the class version supported by the current version of Mixin (JAVA_16 supports class version 60)
[04:29:35] [Render thread/DEBUG] (FabricLoader/Mixin) Renaming synthetic method lambda$reloadShaders$0(Ljava/util/List;Lnet/minecraft/client/renderer/ShaderInstance;Ljava/util/function/Consumer;)V to md2e53f5$architectury$lambda$reloadShaders$0$1 in architectury.mixins.json:client.MixinGameRenderer from mod architectury
[04:29:35] [Render thread/DEBUG] (FabricLoader/Mixin) fabric-rendering-v1.mixins.json:shader.GameRendererMixin from mod fabric-rendering-v1->@Inject::registerShaders(Lnet/minecraft/server/packs/resources/ResourceProvider;Lorg/spongepowered/asm/mixin/injection/callback/CallbackInfo;Ljava/util/List;Ljava/util/List;)V doesn't use it's CallbackInfo
[04:29:35] [Render thread/DEBUG] (FabricLoader/Mixin) fabric-rendering-v1.mixins.json:shader.GameRendererMixin from mod fabric-rendering-v1->@Inject::registerShaders(Lnet/minecraft/server/packs/resources/ResourceProvider;Lorg/spongepowered/asm/mixin/injection/callback/CallbackInfo;Ljava/util/List;Ljava/util/List;)V has 0 override(s) in child classes
[04:29:35] [Render thread/DEBUG] (FabricLoader/Mixin) fabric-rendering-v1.mixins.json:shader.GameRendererMixin from mod fabric-rendering-v1->@Inject::registerShaders(Lnet/minecraft/server/packs/resources/ResourceProvider;Lorg/spongepowered/asm/mixin/injection/callback/CallbackInfo;Ljava/util/List;Ljava/util/List;)V won't be passed a CallbackInfo as a result
[04:29:35] [Render thread/DEBUG] (FabricLoader/Mixin) fabric-rendering-v1.mixins.json:shader.GameRendererMixin from mod fabric-rendering-v1->@Inject::registerShaders(Lnet/minecraft/server/packs/resources/ResourceProvider;Lorg/spongepowered/asm/mixin/injection/callback/CallbackInfo;Ljava/util/List;Ljava/util/List;)V doesn't use it's CallbackInfo
[04:29:35] [Render thread/DEBUG] (FabricLoader/Mixin) fabric-rendering-v1.mixins.json:shader.GameRendererMixin from mod fabric-rendering-v1->@Inject::registerShaders(Lnet/minecraft/server/packs/resources/ResourceProvider;Lorg/spongepowered/asm/mixin/injection/callback/CallbackInfo;Ljava/util/List;Ljava/util/List;)V has 0 override(s) in child classes
[04:29:35] [Render thread/DEBUG] (FabricLoader/Mixin) fabric-rendering-v1.mixins.json:shader.GameRendererMixin from mod fabric-rendering-v1->@Inject::registerShaders(Lnet/minecraft/server/packs/resources/ResourceProvider;Lorg/spongepowered/asm/mixin/injection/callback/CallbackInfo;Ljava/util/List;Ljava/util/List;)V won't be passed a CallbackInfo as a result
[04:29:35] [Render thread/DEBUG] (FabricLoader/Mixin) fabric-rendering-v1.mixins.json:shader.GameRendererMixin from mod fabric-rendering-v1->@Inject::registerShaders(Lnet/minecraft/server/packs/resources/ResourceProvider;Lorg/spongepowered/asm/mixin/injection/callback/CallbackInfo;Ljava/util/List;Ljava/util/List;)V doesn't use it's CallbackInfo
[04:29:35] [Render thread/DEBUG] (FabricLoader/Mixin) fabric-rendering-v1.mixins.json:shader.GameRendererMixin from mod fabric-rendering-v1->@Inject::registerShaders(Lnet/minecraft/server/packs/resources/ResourceProvider;Lorg/spongepowered/asm/mixin/injection/callback/CallbackInfo;Ljava/util/List;Ljava/util/List;)V has 0 override(s) in child classes
[04:29:35] [Render thread/DEBUG] (FabricLoader/Mixin) fabric-rendering-v1.mixins.json:shader.GameRendererMixin from mod fabric-rendering-v1->@Inject::registerShaders(Lnet/minecraft/server/packs/resources/ResourceProvider;Lorg/spongepowered/asm/mixin/injection/callback/CallbackInfo;Ljava/util/List;Ljava/util/List;)V won't be passed a CallbackInfo as a result
[04:29:35] [Render thread/DEBUG] (FabricLoader/Mixin) fabric-rendering-v1.mixins.json:shader.GameRendererMixin from mod fabric-rendering-v1->@Inject::registerShaders(Lnet/minecraft/server/packs/resources/ResourceProvider;Lorg/spongepowered/asm/mixin/injection/callback/CallbackInfo;Ljava/util/List;Ljava/util/List;)V doesn't use it's CallbackInfo
[04:29:35] [Render thread/DEBUG] (FabricLoader/Mixin) fabric-rendering-v1.mixins.json:shader.GameRendererMixin from mod fabric-rendering-v1->@Inject::registerShaders(Lnet/minecraft/server/packs/resources/ResourceProvider;Lorg/spongepowered/asm/mixin/injection/callback/CallbackInfo;Ljava/util/List;Ljava/util/List;)V has 0 override(s) in child classes
[04:29:35] [Render thread/DEBUG] (FabricLoader/Mixin) fabric-rendering-v1.mixins.json:shader.GameRendererMixin from mod fabric-rendering-v1->@Inject::registerShaders(Lnet/minecraft/server/packs/resources/ResourceProvider;Lorg/spongepowered/asm/mixin/injection/callback/CallbackInfo;Ljava/util/List;Ljava/util/List;)V won't be passed a CallbackInfo as a result
[04:29:35] [Render thread/DEBUG] (FabricLoader/Mixin) fabric-rendering-v1.mixins.json:shader.GameRendererMixin from mod fabric-rendering-v1->@Inject::registerShaders(Lnet/minecraft/server/packs/resources/ResourceProvider;Lorg/spongepowered/asm/mixin/injection/callback/CallbackInfo;Ljava/util/List;Ljava/util/List;)V doesn't use it's CallbackInfo
[04:29:35] [Render thread/DEBUG] (FabricLoader/Mixin) fabric-rendering-v1.mixins.json:shader.GameRendererMixin from mod fabric-rendering-v1->@Inject::registerShaders(Lnet/minecraft/server/packs/resources/ResourceProvider;Lorg/spongepowered/asm/mixin/injection/callback/CallbackInfo;Ljava/util/List;Ljava/util/List;)V has 0 override(s) in child classes
[04:29:35] [Render thread/DEBUG] (FabricLoader/Mixin) fabric-rendering-v1.mixins.json:shader.GameRendererMixin from mod fabric-rendering-v1->@Inject::registerShaders(Lnet/minecraft/server/packs/resources/ResourceProvider;Lorg/spongepowered/asm/mixin/injection/callback/CallbackInfo;Ljava/util/List;Ljava/util/List;)V won't be passed a CallbackInfo as a result
[04:29:35] [Render thread/DEBUG] (FabricLoader/Mixin) fabric-rendering-v1.mixins.json:shader.GameRendererMixin from mod fabric-rendering-v1->@Inject::registerShaders(Lnet/minecraft/server/packs/resources/ResourceProvider;Lorg/spongepowered/asm/mixin/injection/callback/CallbackInfo;Ljava/util/List;Ljava/util/List;)V doesn't use it's CallbackInfo
[04:29:35] [Render thread/DEBUG] (FabricLoader/Mixin) fabric-rendering-v1.mixins.json:shader.GameRendererMixin from mod fabric-rendering-v1->@Inject::registerShaders(Lnet/minecraft/server/packs/resources/ResourceProvider;Lorg/spongepowered/asm/mixin/injection/callback/CallbackInfo;Ljava/util/List;Ljava/util/List;)V has 0 override(s) in child classes
[04:29:35] [Render thread/DEBUG] (FabricLoader/Mixin) fabric-rendering-v1.mixins.json:shader.GameRendererMixin from mod fabric-rendering-v1->@Inject::registerShaders(Lnet/minecraft/server/packs/resources/ResourceProvider;Lorg/spongepowered/asm/mixin/injection/callback/CallbackInfo;Ljava/util/List;Ljava/util/List;)V won't be passed a CallbackInfo as a result
[04:29:35] [Render thread/DEBUG] (FabricLoader/Mixin) fabric-rendering-v1.mixins.json:shader.GameRendererMixin from mod fabric-rendering-v1->@Inject::registerShaders(Lnet/minecraft/server/packs/resources/ResourceProvider;Lorg/spongepowered/asm/mixin/injection/callback/CallbackInfo;Ljava/util/List;Ljava/util/List;)V doesn't use it's CallbackInfo
[04:29:35] [Render thread/DEBUG] (FabricLoader/Mixin) fabric-rendering-v1.mixins.json:shader.GameRendererMixin from mod fabric-rendering-v1->@Inject::registerShaders(Lnet/minecraft/server/packs/resources/ResourceProvider;Lorg/spongepowered/asm/mixin/injection/callback/CallbackInfo;Ljava/util/List;Ljava/util/List;)V has 0 override(s) in child classes
[04:29:35] [Render thread/DEBUG] (FabricLoader/Mixin) fabric-rendering-v1.mixins.json:shader.GameRendererMixin from mod fabric-rendering-v1->@Inject::registerShaders(Lnet/minecraft/server/packs/resources/ResourceProvider;Lorg/spongepowered/asm/mixin/injection/callback/CallbackInfo;Ljava/util/List;Ljava/util/List;)V won't be passed a CallbackInfo as a result
[04:29:35] [Render thread/DEBUG] (FabricLoader/Mixin) fabric-rendering-v1.mixins.json:shader.GameRendererMixin from mod fabric-rendering-v1->@Inject::registerShaders(Lnet/minecraft/server/packs/resources/ResourceProvider;Lorg/spongepowered/asm/mixin/injection/callback/CallbackInfo;Ljava/util/List;Ljava/util/List;)V doesn't use it's CallbackInfo
[04:29:35] [Render thread/DEBUG] (FabricLoader/Mixin) fabric-rendering-v1.mixins.json:shader.GameRendererMixin from mod fabric-rendering-v1->@Inject::registerShaders(Lnet/minecraft/server/packs/resources/ResourceProvider;Lorg/spongepowered/asm/mixin/injection/callback/CallbackInfo;Ljava/util/List;Ljava/util/List;)V has 0 override(s) in child classes
[04:29:35] [Render thread/DEBUG] (FabricLoader/Mixin) fabric-rendering-v1.mixins.json:shader.GameRendererMixin from mod fabric-rendering-v1->@Inject::registerShaders(Lnet/minecraft/server/packs/resources/ResourceProvider;Lorg/spongepowered/asm/mixin/injection/callback/CallbackInfo;Ljava/util/List;Ljava/util/List;)V won't be passed a CallbackInfo as a result
[04:29:35] [Render thread/DEBUG] (FabricLoader/Mixin) fabric-rendering-v1.mixins.json:shader.GameRendererMixin from mod fabric-rendering-v1->@Inject::registerShaders(Lnet/minecraft/server/packs/resources/ResourceProvider;Lorg/spongepowered/asm/mixin/injection/callback/CallbackInfo;Ljava/util/List;Ljava/util/List;)V doesn't use it's CallbackInfo
[04:29:35] [Render thread/DEBUG] (FabricLoader/Mixin) fabric-rendering-v1.mixins.json:shader.GameRendererMixin from mod fabric-rendering-v1->@Inject::registerShaders(Lnet/minecraft/server/packs/resources/ResourceProvider;Lorg/spongepowered/asm/mixin/injection/callback/CallbackInfo;Ljava/util/List;Ljava/util/List;)V has 0 override(s) in child classes
[04:29:35] [Render thread/DEBUG] (FabricLoader/Mixin) fabric-rendering-v1.mixins.json:shader.GameRendererMixin from mod fabric-rendering-v1->@Inject::registerShaders(Lnet/minecraft/server/packs/resources/ResourceProvider;Lorg/spongepowered/asm/mixin/injection/callback/CallbackInfo;Ljava/util/List;Ljava/util/List;)V won't be passed a CallbackInfo as a result
[04:29:35] [Render thread/DEBUG] (FabricLoader/Mixin) fabric-rendering-v1.mixins.json:shader.GameRendererMixin from mod fabric-rendering-v1->@Inject::registerShaders(Lnet/minecraft/server/packs/resources/ResourceProvider;Lorg/spongepowered/asm/mixin/injection/callback/CallbackInfo;Ljava/util/List;Ljava/util/List;)V doesn't use it's CallbackInfo
[04:29:35] [Render thread/DEBUG] (FabricLoader/Mixin) fabric-rendering-v1.mixins.json:shader.GameRendererMixin from mod fabric-rendering-v1->@Inject::registerShaders(Lnet/minecraft/server/packs/resources/ResourceProvider;Lorg/spongepowered/asm/mixin/injection/callback/CallbackInfo;Ljava/util/List;Ljava/util/List;)V has 0 override(s) in child classes
[04:29:35] [Render thread/DEBUG] (FabricLoader/Mixin) fabric-rendering-v1.mixins.json:shader.GameRendererMixin from mod fabric-rendering-v1->@Inject::registerShaders(Lnet/minecraft/server/packs/resources/ResourceProvider;Lorg/spongepowered/asm/mixin/injection/callback/CallbackInfo;Ljava/util/List;Ljava/util/List;)V won't be passed a CallbackInfo as a result
[04:29:35] [Render thread/DEBUG] (FabricLoader/Mixin) fabric-rendering-v1.mixins.json:shader.GameRendererMixin from mod fabric-rendering-v1->@Inject::registerShaders(Lnet/minecraft/server/packs/resources/ResourceProvider;Lorg/spongepowered/asm/mixin/injection/callback/CallbackInfo;Ljava/util/List;Ljava/util/List;)V doesn't use it's CallbackInfo
[04:29:35] [Render thread/DEBUG] (FabricLoader/Mixin) fabric-rendering-v1.mixins.json:shader.GameRendererMixin from mod fabric-rendering-v1->@Inject::registerShaders(Lnet/minecraft/server/packs/resources/ResourceProvider;Lorg/spongepowered/asm/mixin/injection/callback/CallbackInfo;Ljava/util/List;Ljava/util/List;)V has 0 override(s) in child classes
[04:29:35] [Render thread/DEBUG] (FabricLoader/Mixin) fabric-rendering-v1.mixins.json:shader.GameRendererMixin from mod fabric-rendering-v1->@Inject::registerShaders(Lnet/minecraft/server/packs/resources/ResourceProvider;Lorg/spongepowered/asm/mixin/injection/callback/CallbackInfo;Ljava/util/List;Ljava/util/List;)V won't be passed a CallbackInfo as a result
[04:29:35] [Render thread/DEBUG] (FabricLoader/Mixin) fabric-rendering-v1.mixins.json:shader.GameRendererMixin from mod fabric-rendering-v1->@Inject::registerShaders(Lnet/minecraft/server/packs/resources/ResourceProvider;Lorg/spongepowered/asm/mixin/injection/callback/CallbackInfo;Ljava/util/List;Ljava/util/List;)V doesn't use it's CallbackInfo
[04:29:35] [Render thread/DEBUG] (FabricLoader/Mixin) fabric-rendering-v1.mixins.json:shader.GameRendererMixin from mod fabric-rendering-v1->@Inject::registerShaders(Lnet/minecraft/server/packs/resources/ResourceProvider;Lorg/spongepowered/asm/mixin/injection/callback/CallbackInfo;Ljava/util/List;Ljava/util/List;)V has 0 override(s) in child classes
[04:29:35] [Render thread/DEBUG] (FabricLoader/Mixin) fabric-rendering-v1.mixins.json:shader.GameRendererMixin from mod fabric-rendering-v1->@Inject::registerShaders(Lnet/minecraft/server/packs/resources/ResourceProvider;Lorg/spongepowered/asm/mixin/injection/callback/CallbackInfo;Ljava/util/List;Ljava/util/List;)V won't be passed a CallbackInfo as a result
[04:29:35] [Render thread/DEBUG] (FabricLoader/Mixin) fabric-rendering-v1.mixins.json:shader.GameRendererMixin from mod fabric-rendering-v1->@Inject::registerShaders(Lnet/minecraft/server/packs/resources/ResourceProvider;Lorg/spongepowered/asm/mixin/injection/callback/CallbackInfo;Ljava/util/List;Ljava/util/List;)V doesn't use it's CallbackInfo
[04:29:35] [Render thread/DEBUG] (FabricLoader/Mixin) fabric-rendering-v1.mixins.json:shader.GameRendererMixin from mod fabric-rendering-v1->@Inject::registerShaders(Lnet/minecraft/server/packs/resources/ResourceProvider;Lorg/spongepowered/asm/mixin/injection/callback/CallbackInfo;Ljava/util/List;Ljava/util/List;)V has 0 override(s) in child classes
[04:29:35] [Render thread/DEBUG] (FabricLoader/Mixin) fabric-rendering-v1.mixins.json:shader.GameRendererMixin from mod fabric-rendering-v1->@Inject::registerShaders(Lnet/minecraft/server/packs/resources/ResourceProvider;Lorg/spongepowered/asm/mixin/injection/callback/CallbackInfo;Ljava/util/List;Ljava/util/List;)V won't be passed a CallbackInfo as a result
[04:29:35] [Render thread/DEBUG] (FabricLoader/Mixin) fabric-rendering-v1.mixins.json:shader.GameRendererMixin from mod fabric-rendering-v1->@Inject::registerShaders(Lnet/minecraft/server/packs/resources/ResourceProvider;Lorg/spongepowered/asm/mixin/injection/callback/CallbackInfo;Ljava/util/List;Ljava/util/List;)V doesn't use it's CallbackInfo
[04:29:35] [Render thread/DEBUG] (FabricLoader/Mixin) fabric-rendering-v1.mixins.json:shader.GameRendererMixin from mod fabric-rendering-v1->@Inject::registerShaders(Lnet/minecraft/server/packs/resources/ResourceProvider;Lorg/spongepowered/asm/mixin/injection/callback/CallbackInfo;Ljava/util/List;Ljava/util/List;)V has 0 override(s) in child classes
[04:29:35] [Render thread/DEBUG] (FabricLoader/Mixin) fabric-rendering-v1.mixins.json:shader.GameRendererMixin from mod fabric-rendering-v1->@Inject::registerShaders(Lnet/minecraft/server/packs/resources/ResourceProvider;Lorg/spongepowered/asm/mixin/injection/callback/CallbackInfo;Ljava/util/List;Ljava/util/List;)V won't be passed a CallbackInfo as a result
[04:29:35] [Render thread/DEBUG] (FabricLoader/Mixin) fabric-rendering-v1.mixins.json:shader.GameRendererMixin from mod fabric-rendering-v1->@Inject::registerShaders(Lnet/minecraft/server/packs/resources/ResourceProvider;Lorg/spongepowered/asm/mixin/injection/callback/CallbackInfo;Ljava/util/List;Ljava/util/List;)V doesn't use it's CallbackInfo
[04:29:35] [Render thread/DEBUG] (FabricLoader/Mixin) fabric-rendering-v1.mixins.json:shader.GameRendererMixin from mod fabric-rendering-v1->@Inject::registerShaders(Lnet/minecraft/server/packs/resources/ResourceProvider;Lorg/spongepowered/asm/mixin/injection/callback/CallbackInfo;Ljava/util/List;Ljava/util/List;)V has 0 override(s) in child classes
[04:29:35] [Render thread/DEBUG] (FabricLoader/Mixin) fabric-rendering-v1.mixins.json:shader.GameRendererMixin from mod fabric-rendering-v1->@Inject::registerShaders(Lnet/minecraft/server/packs/resources/ResourceProvider;Lorg/spongepowered/asm/mixin/injection/callback/CallbackInfo;Ljava/util/List;Ljava/util/List;)V won't be passed a CallbackInfo as a result
[04:29:35] [Render thread/DEBUG] (FabricLoader/Mixin) fabric-rendering-v1.mixins.json:shader.GameRendererMixin from mod fabric-rendering-v1->@Inject::registerShaders(Lnet/minecraft/server/packs/resources/ResourceProvider;Lorg/spongepowered/asm/mixin/injection/callback/CallbackInfo;Ljava/util/List;Ljava/util/List;)V doesn't use it's CallbackInfo
[04:29:35] [Render thread/DEBUG] (FabricLoader/Mixin) fabric-rendering-v1.mixins.json:shader.GameRendererMixin from mod fabric-rendering-v1->@Inject::registerShaders(Lnet/minecraft/server/packs/resources/ResourceProvider;Lorg/spongepowered/asm/mixin/injection/callback/CallbackInfo;Ljava/util/List;Ljava/util/List;)V has 0 override(s) in child classes
[04:29:35] [Render thread/DEBUG] (FabricLoader/Mixin) fabric-rendering-v1.mixins.json:shader.GameRendererMixin from mod fabric-rendering-v1->@Inject::registerShaders(Lnet/minecraft/server/packs/resources/ResourceProvider;Lorg/spongepowered/asm/mixin/injection/callback/CallbackInfo;Ljava/util/List;Ljava/util/List;)V won't be passed a CallbackInfo as a result
[04:29:35] [Render thread/DEBUG] (FabricLoader/Mixin) fabric-rendering-v1.mixins.json:shader.GameRendererMixin from mod fabric-rendering-v1->@Inject::registerShaders(Lnet/minecraft/server/packs/resources/ResourceProvider;Lorg/spongepowered/asm/mixin/injection/callback/CallbackInfo;Ljava/util/List;Ljava/util/List;)V doesn't use it's CallbackInfo
[04:29:35] [Render thread/DEBUG] (FabricLoader/Mixin) fabric-rendering-v1.mixins.json:shader.GameRendererMixin from mod fabric-rendering-v1->@Inject::registerShaders(Lnet/minecraft/server/packs/resources/ResourceProvider;Lorg/spongepowered/asm/mixin/injection/callback/CallbackInfo;Ljava/util/List;Ljava/util/List;)V has 0 override(s) in child classes
[04:29:35] [Render thread/DEBUG] (FabricLoader/Mixin) fabric-rendering-v1.mixins.json:shader.GameRendererMixin from mod fabric-rendering-v1->@Inject::registerShaders(Lnet/minecraft/server/packs/resources/ResourceProvider;Lorg/spongepowered/asm/mixin/injection/callback/CallbackInfo;Ljava/util/List;Ljava/util/List;)V won't be passed a CallbackInfo as a result
[04:29:35] [Render thread/DEBUG] (FabricLoader/Mixin) fabric-rendering-v1.mixins.json:shader.GameRendererMixin from mod fabric-rendering-v1->@Inject::registerShaders(Lnet/minecraft/server/packs/resources/ResourceProvider;Lorg/spongepowered/asm/mixin/injection/callback/CallbackInfo;Ljava/util/List;Ljava/util/List;)V doesn't use it's CallbackInfo
[04:29:35] [Render thread/DEBUG] (FabricLoader/Mixin) fabric-rendering-v1.mixins.json:shader.GameRendererMixin from mod fabric-rendering-v1->@Inject::registerShaders(Lnet/minecraft/server/packs/resources/ResourceProvider;Lorg/spongepowered/asm/mixin/injection/callback/CallbackInfo;Ljava/util/List;Ljava/util/List;)V has 0 override(s) in child classes
[04:29:35] [Render thread/DEBUG] (FabricLoader/Mixin) fabric-rendering-v1.mixins.json:shader.GameRendererMixin from mod fabric-rendering-v1->@Inject::registerShaders(Lnet/minecraft/server/packs/resources/ResourceProvider;Lorg/spongepowered/asm/mixin/injection/callback/CallbackInfo;Ljava/util/List;Ljava/util/List;)V won't be passed a CallbackInfo as a result
[04:29:35] [Render thread/DEBUG] (FabricLoader/Mixin) fabric-rendering-v1.mixins.json:shader.GameRendererMixin from mod fabric-rendering-v1->@Inject::registerShaders(Lnet/minecraft/server/packs/resources/ResourceProvider;Lorg/spongepowered/asm/mixin/injection/callback/CallbackInfo;Ljava/util/List;Ljava/util/List;)V doesn't use it's CallbackInfo
[04:29:35] [Render thread/DEBUG] (FabricLoader/Mixin) fabric-rendering-v1.mixins.json:shader.GameRendererMixin from mod fabric-rendering-v1->@Inject::registerShaders(Lnet/minecraft/server/packs/resources/ResourceProvider;Lorg/spongepowered/asm/mixin/injection/callback/CallbackInfo;Ljava/util/List;Ljava/util/List;)V has 0 override(s) in child classes
[04:29:35] [Render thread/DEBUG] (FabricLoader/Mixin) fabric-rendering-v1.mixins.json:shader.GameRendererMixin from mod fabric-rendering-v1->@Inject::registerShaders(Lnet/minecraft/server/packs/resources/ResourceProvider;Lorg/spongepowered/asm/mixin/injection/callback/CallbackInfo;Ljava/util/List;Ljava/util/List;)V won't be passed a CallbackInfo as a result
[04:29:35] [Render thread/DEBUG] (FabricLoader/Mixin) fabric-rendering-v1.mixins.json:shader.GameRendererMixin from mod fabric-rendering-v1->@Inject::registerShaders(Lnet/minecraft/server/packs/resources/ResourceProvider;Lorg/spongepowered/asm/mixin/injection/callback/CallbackInfo;Ljava/util/List;Ljava/util/List;)V doesn't use it's CallbackInfo
[04:29:35] [Render thread/DEBUG] (FabricLoader/Mixin) fabric-rendering-v1.mixins.json:shader.GameRendererMixin from mod fabric-rendering-v1->@Inject::registerShaders(Lnet/minecraft/server/packs/resources/ResourceProvider;Lorg/spongepowered/asm/mixin/injection/callback/CallbackInfo;Ljava/util/List;Ljava/util/List;)V has 0 override(s) in child classes
[04:29:35] [Render thread/DEBUG] (FabricLoader/Mixin) fabric-rendering-v1.mixins.json:shader.GameRendererMixin from mod fabric-rendering-v1->@Inject::registerShaders(Lnet/minecraft/server/packs/resources/ResourceProvider;Lorg/spongepowered/asm/mixin/injection/callback/CallbackInfo;Ljava/util/List;Ljava/util/List;)V won't be passed a CallbackInfo as a result
[04:29:35] [Render thread/DEBUG] (FabricLoader/Mixin) fabric-rendering-v1.mixins.json:shader.GameRendererMixin from mod fabric-rendering-v1->@Inject::registerShaders(Lnet/minecraft/server/packs/resources/ResourceProvider;Lorg/spongepowered/asm/mixin/injection/callback/CallbackInfo;Ljava/util/List;Ljava/util/List;)V doesn't use it's CallbackInfo
[04:29:35] [Render thread/DEBUG] (FabricLoader/Mixin) fabric-rendering-v1.mixins.json:shader.GameRendererMixin from mod fabric-rendering-v1->@Inject::registerShaders(Lnet/minecraft/server/packs/resources/ResourceProvider;Lorg/spongepowered/asm/mixin/injection/callback/CallbackInfo;Ljava/util/List;Ljava/util/List;)V has 0 override(s) in child classes
[04:29:35] [Render thread/DEBUG] (FabricLoader/Mixin) fabric-rendering-v1.mixins.json:shader.GameRendererMixin from mod fabric-rendering-v1->@Inject::registerShaders(Lnet/minecraft/server/packs/resources/ResourceProvider;Lorg/spongepowered/asm/mixin/injection/callback/CallbackInfo;Ljava/util/List;Ljava/util/List;)V won't be passed a CallbackInfo as a result
[04:29:35] [Render thread/DEBUG] (FabricLoader/Mixin) fabric-rendering-v1.mixins.json:shader.GameRendererMixin from mod fabric-rendering-v1->@Inject::registerShaders(Lnet/minecraft/server/packs/resources/ResourceProvider;Lorg/spongepowered/asm/mixin/injection/callback/CallbackInfo;Ljava/util/List;Ljava/util/List;)V doesn't use it's CallbackInfo
[04:29:35] [Render thread/DEBUG] (FabricLoader/Mixin) fabric-rendering-v1.mixins.json:shader.GameRendererMixin from mod fabric-rendering-v1->@Inject::registerShaders(Lnet/minecraft/server/packs/resources/ResourceProvider;Lorg/spongepowered/asm/mixin/injection/callback/CallbackInfo;Ljava/util/List;Ljava/util/List;)V has 0 override(s) in child classes
[04:29:35] [Render thread/DEBUG] (FabricLoader/Mixin) fabric-rendering-v1.mixins.json:shader.GameRendererMixin from mod fabric-rendering-v1->@Inject::registerShaders(Lnet/minecraft/server/packs/resources/ResourceProvider;Lorg/spongepowered/asm/mixin/injection/callback/CallbackInfo;Ljava/util/List;Ljava/util/List;)V won't be passed a CallbackInfo as a result
[04:29:35] [Render thread/DEBUG] (FabricLoader/Mixin) fabric-rendering-v1.mixins.json:shader.GameRendererMixin from mod fabric-rendering-v1->@Inject::registerShaders(Lnet/minecraft/server/packs/resources/ResourceProvider;Lorg/spongepowered/asm/mixin/injection/callback/CallbackInfo;Ljava/util/List;Ljava/util/List;)V doesn't use it's CallbackInfo
[04:29:35] [Render thread/DEBUG] (FabricLoader/Mixin) fabric-rendering-v1.mixins.json:shader.GameRendererMixin from mod fabric-rendering-v1->@Inject::registerShaders(Lnet/minecraft/server/packs/resources/ResourceProvider;Lorg/spongepowered/asm/mixin/injection/callback/CallbackInfo;Ljava/util/List;Ljava/util/List;)V has 0 override(s) in child classes
[04:29:35] [Render thread/DEBUG] (FabricLoader/Mixin) fabric-rendering-v1.mixins.json:shader.GameRendererMixin from mod fabric-rendering-v1->@Inject::registerShaders(Lnet/minecraft/server/packs/resources/ResourceProvider;Lorg/spongepowered/asm/mixin/injection/callback/CallbackInfo;Ljava/util/List;Ljava/util/List;)V won't be passed a CallbackInfo as a result
[04:29:35] [Render thread/DEBUG] (FabricLoader/Mixin) fabric-rendering-v1.mixins.json:shader.GameRendererMixin from mod fabric-rendering-v1->@Inject::registerShaders(Lnet/minecraft/server/packs/resources/ResourceProvider;Lorg/spongepowered/asm/mixin/injection/callback/CallbackInfo;Ljava/util/List;Ljava/util/List;)V doesn't use it's CallbackInfo
[04:29:35] [Render thread/DEBUG] (FabricLoader/Mixin) fabric-rendering-v1.mixins.json:shader.GameRendererMixin from mod fabric-rendering-v1->@Inject::registerShaders(Lnet/minecraft/server/packs/resources/ResourceProvider;Lorg/spongepowered/asm/mixin/injection/callback/CallbackInfo;Ljava/util/List;Ljava/util/List;)V has 0 override(s) in child classes
[04:29:35] [Render thread/DEBUG] (FabricLoader/Mixin) fabric-rendering-v1.mixins.json:shader.GameRendererMixin from mod fabric-rendering-v1->@Inject::registerShaders(Lnet/minecraft/server/packs/resources/ResourceProvider;Lorg/spongepowered/asm/mixin/injection/callback/CallbackInfo;Ljava/util/List;Ljava/util/List;)V won't be passed a CallbackInfo as a result
[04:29:35] [Render thread/DEBUG] (FabricLoader/Mixin) fabric-rendering-v1.mixins.json:shader.GameRendererMixin from mod fabric-rendering-v1->@Inject::registerShaders(Lnet/minecraft/server/packs/resources/ResourceProvider;Lorg/spongepowered/asm/mixin/injection/callback/CallbackInfo;Ljava/util/List;Ljava/util/List;)V doesn't use it's CallbackInfo
[04:29:35] [Render thread/DEBUG] (FabricLoader/Mixin) fabric-rendering-v1.mixins.json:shader.GameRendererMixin from mod fabric-rendering-v1->@Inject::registerShaders(Lnet/minecraft/server/packs/resources/ResourceProvider;Lorg/spongepowered/asm/mixin/injection/callback/CallbackInfo;Ljava/util/List;Ljava/util/List;)V has 0 override(s) in child classes
[04:29:35] [Render thread/DEBUG] (FabricLoader/Mixin) fabric-rendering-v1.mixins.json:shader.GameRendererMixin from mod fabric-rendering-v1->@Inject::registerShaders(Lnet/minecraft/server/packs/resources/ResourceProvider;Lorg/spongepowered/asm/mixin/injection/callback/CallbackInfo;Ljava/util/List;Ljava/util/List;)V won't be passed a CallbackInfo as a result
[04:29:35] [Render thread/DEBUG] (FabricLoader/Mixin) fabric-rendering-v1.mixins.json:shader.GameRendererMixin from mod fabric-rendering-v1->@Inject::registerShaders(Lnet/minecraft/server/packs/resources/ResourceProvider;Lorg/spongepowered/asm/mixin/injection/callback/CallbackInfo;Ljava/util/List;Ljava/util/List;)V doesn't use it's CallbackInfo
[04:29:35] [Render thread/DEBUG] (FabricLoader/Mixin) fabric-rendering-v1.mixins.json:shader.GameRendererMixin from mod fabric-rendering-v1->@Inject::registerShaders(Lnet/minecraft/server/packs/resources/ResourceProvider;Lorg/spongepowered/asm/mixin/injection/callback/CallbackInfo;Ljava/util/List;Ljava/util/List;)V has 0 override(s) in child classes
[04:29:35] [Render thread/DEBUG] (FabricLoader/Mixin) fabric-rendering-v1.mixins.json:shader.GameRendererMixin from mod fabric-rendering-v1->@Inject::registerShaders(Lnet/minecraft/server/packs/resources/ResourceProvider;Lorg/spongepowered/asm/mixin/injection/callback/CallbackInfo;Ljava/util/List;Ljava/util/List;)V won't be passed a CallbackInfo as a result
[04:29:35] [Render thread/DEBUG] (FabricLoader/Mixin) fabric-rendering-v1.mixins.json:shader.GameRendererMixin from mod fabric-rendering-v1->@Inject::registerShaders(Lnet/minecraft/server/packs/resources/ResourceProvider;Lorg/spongepowered/asm/mixin/injection/callback/CallbackInfo;Ljava/util/List;Ljava/util/List;)V doesn't use it's CallbackInfo
[04:29:35] [Render thread/DEBUG] (FabricLoader/Mixin) fabric-rendering-v1.mixins.json:shader.GameRendererMixin from mod fabric-rendering-v1->@Inject::registerShaders(Lnet/minecraft/server/packs/resources/ResourceProvider;Lorg/spongepowered/asm/mixin/injection/callback/CallbackInfo;Ljava/util/List;Ljava/util/List;)V has 0 override(s) in child classes
[04:29:35] [Render thread/DEBUG] (FabricLoader/Mixin) fabric-rendering-v1.mixins.json:shader.GameRendererMixin from mod fabric-rendering-v1->@Inject::registerShaders(Lnet/minecraft/server/packs/resources/ResourceProvider;Lorg/spongepowered/asm/mixin/injection/callback/CallbackInfo;Ljava/util/List;Ljava/util/List;)V won't be passed a CallbackInfo as a result
[04:29:35] [Render thread/DEBUG] (FabricLoader/Mixin) fabric-rendering-v1.mixins.json:shader.GameRendererMixin from mod fabric-rendering-v1->@Inject::registerShaders(Lnet/minecraft/server/packs/resources/ResourceProvider;Lorg/spongepowered/asm/mixin/injection/callback/CallbackInfo;Ljava/util/List;Ljava/util/List;)V doesn't use it's CallbackInfo
[04:29:35] [Render thread/DEBUG] (FabricLoader/Mixin) fabric-rendering-v1.mixins.json:shader.GameRendererMixin from mod fabric-rendering-v1->@Inject::registerShaders(Lnet/minecraft/server/packs/resources/ResourceProvider;Lorg/spongepowered/asm/mixin/injection/callback/CallbackInfo;Ljava/util/List;Ljava/util/List;)V has 0 override(s) in child classes
[04:29:35] [Render thread/DEBUG] (FabricLoader/Mixin) fabric-rendering-v1.mixins.json:shader.GameRendererMixin from mod fabric-rendering-v1->@Inject::registerShaders(Lnet/minecraft/server/packs/resources/ResourceProvider;Lorg/spongepowered/asm/mixin/injection/callback/CallbackInfo;Ljava/util/List;Ljava/util/List;)V won't be passed a CallbackInfo as a result
[04:29:35] [Render thread/DEBUG] (FabricLoader/Mixin) fabric-rendering-v1.mixins.json:shader.GameRendererMixin from mod fabric-rendering-v1->@Inject::registerShaders(Lnet/minecraft/server/packs/resources/ResourceProvider;Lorg/spongepowered/asm/mixin/injection/callback/CallbackInfo;Ljava/util/List;Ljava/util/List;)V doesn't use it's CallbackInfo
[04:29:35] [Render thread/DEBUG] (FabricLoader/Mixin) fabric-rendering-v1.mixins.json:shader.GameRendererMixin from mod fabric-rendering-v1->@Inject::registerShaders(Lnet/minecraft/server/packs/resources/ResourceProvider;Lorg/spongepowered/asm/mixin/injection/callback/CallbackInfo;Ljava/util/List;Ljava/util/List;)V has 0 override(s) in child classes
[04:29:35] [Render thread/DEBUG] (FabricLoader/Mixin) fabric-rendering-v1.mixins.json:shader.GameRendererMixin from mod fabric-rendering-v1->@Inject::registerShaders(Lnet/minecraft/server/packs/resources/ResourceProvider;Lorg/spongepowered/asm/mixin/injection/callback/CallbackInfo;Ljava/util/List;Ljava/util/List;)V won't be passed a CallbackInfo as a result
[04:29:35] [Render thread/DEBUG] (FabricLoader/Mixin) fabric-rendering-v1.mixins.json:shader.GameRendererMixin from mod fabric-rendering-v1->@Inject::registerShaders(Lnet/minecraft/server/packs/resources/ResourceProvider;Lorg/spongepowered/asm/mixin/injection/callback/CallbackInfo;Ljava/util/List;Ljava/util/List;)V doesn't use it's CallbackInfo
[04:29:35] [Render thread/DEBUG] (FabricLoader/Mixin) fabric-rendering-v1.mixins.json:shader.GameRendererMixin from mod fabric-rendering-v1->@Inject::registerShaders(Lnet/minecraft/server/packs/resources/ResourceProvider;Lorg/spongepowered/asm/mixin/injection/callback/CallbackInfo;Ljava/util/List;Ljava/util/List;)V has 0 override(s) in child classes
[04:29:35] [Render thread/DEBUG] (FabricLoader/Mixin) fabric-rendering-v1.mixins.json:shader.GameRendererMixin from mod fabric-rendering-v1->@Inject::registerShaders(Lnet/minecraft/server/packs/resources/ResourceProvider;Lorg/spongepowered/asm/mixin/injection/callback/CallbackInfo;Ljava/util/List;Ljava/util/List;)V won't be passed a CallbackInfo as a result
[04:29:35] [Render thread/DEBUG] (FabricLoader/Mixin) fabric-rendering-v1.mixins.json:shader.GameRendererMixin from mod fabric-rendering-v1->@Inject::registerShaders(Lnet/minecraft/server/packs/resources/ResourceProvider;Lorg/spongepowered/asm/mixin/injection/callback/CallbackInfo;Ljava/util/List;Ljava/util/List;)V doesn't use it's CallbackInfo
[04:29:35] [Render thread/DEBUG] (FabricLoader/Mixin) fabric-rendering-v1.mixins.json:shader.GameRendererMixin from mod fabric-rendering-v1->@Inject::registerShaders(Lnet/minecraft/server/packs/resources/ResourceProvider;Lorg/spongepowered/asm/mixin/injection/callback/CallbackInfo;Ljava/util/List;Ljava/util/List;)V has 0 override(s) in child classes
[04:29:35] [Render thread/DEBUG] (FabricLoader/Mixin) fabric-rendering-v1.mixins.json:shader.GameRendererMixin from mod fabric-rendering-v1->@Inject::registerShaders(Lnet/minecraft/server/packs/resources/ResourceProvider;Lorg/spongepowered/asm/mixin/injection/callback/CallbackInfo;Ljava/util/List;Ljava/util/List;)V won't be passed a CallbackInfo as a result
[04:29:35] [Render thread/DEBUG] (FabricLoader/Mixin) fabric-rendering-v1.mixins.json:shader.GameRendererMixin from mod fabric-rendering-v1->@Inject::registerShaders(Lnet/minecraft/server/packs/resources/ResourceProvider;Lorg/spongepowered/asm/mixin/injection/callback/CallbackInfo;Ljava/util/List;Ljava/util/List;)V doesn't use it's CallbackInfo
[04:29:35] [Render thread/DEBUG] (FabricLoader/Mixin) fabric-rendering-v1.mixins.json:shader.GameRendererMixin from mod fabric-rendering-v1->@Inject::registerShaders(Lnet/minecraft/server/packs/resources/ResourceProvider;Lorg/spongepowered/asm/mixin/injection/callback/CallbackInfo;Ljava/util/List;Ljava/util/List;)V has 0 override(s) in child classes
[04:29:35] [Render thread/DEBUG] (FabricLoader/Mixin) fabric-rendering-v1.mixins.json:shader.GameRendererMixin from mod fabric-rendering-v1->@Inject::registerShaders(Lnet/minecraft/server/packs/resources/ResourceProvider;Lorg/spongepowered/asm/mixin/injection/callback/CallbackInfo;Ljava/util/List;Ljava/util/List;)V won't be passed a CallbackInfo as a result
[04:29:35] [Render thread/DEBUG] (FabricLoader/Mixin) fabric-rendering-v1.mixins.json:shader.GameRendererMixin from mod fabric-rendering-v1->@Inject::registerShaders(Lnet/minecraft/server/packs/resources/ResourceProvider;Lorg/spongepowered/asm/mixin/injection/callback/CallbackInfo;Ljava/util/List;Ljava/util/List;)V doesn't use it's CallbackInfo
[04:29:35] [Render thread/DEBUG] (FabricLoader/Mixin) fabric-rendering-v1.mixins.json:shader.GameRendererMixin from mod fabric-rendering-v1->@Inject::registerShaders(Lnet/minecraft/server/packs/resources/ResourceProvider;Lorg/spongepowered/asm/mixin/injection/callback/CallbackInfo;Ljava/util/List;Ljava/util/List;)V has 0 override(s) in child classes
[04:29:35] [Render thread/DEBUG] (FabricLoader/Mixin) fabric-rendering-v1.mixins.json:shader.GameRendererMixin from mod fabric-rendering-v1->@Inject::registerShaders(Lnet/minecraft/server/packs/resources/ResourceProvider;Lorg/spongepowered/asm/mixin/injection/callback/CallbackInfo;Ljava/util/List;Ljava/util/List;)V won't be passed a CallbackInfo as a result
[04:29:35] [Render thread/DEBUG] (FabricLoader/Mixin) fabric-rendering-v1.mixins.json:shader.GameRendererMixin from mod fabric-rendering-v1->@Inject::registerShaders(Lnet/minecraft/server/packs/resources/ResourceProvider;Lorg/spongepowered/asm/mixin/injection/callback/CallbackInfo;Ljava/util/List;Ljava/util/List;)V doesn't use it's CallbackInfo
[04:29:35] [Render thread/DEBUG] (FabricLoader/Mixin) fabric-rendering-v1.mixins.json:shader.GameRendererMixin from mod fabric-rendering-v1->@Inject::registerShaders(Lnet/minecraft/server/packs/resources/ResourceProvider;Lorg/spongepowered/asm/mixin/injection/callback/CallbackInfo;Ljava/util/List;Ljava/util/List;)V has 0 override(s) in child classes
[04:29:35] [Render thread/DEBUG] (FabricLoader/Mixin) fabric-rendering-v1.mixins.json:shader.GameRendererMixin from mod fabric-rendering-v1->@Inject::registerShaders(Lnet/minecraft/server/packs/resources/ResourceProvider;Lorg/spongepowered/asm/mixin/injection/callback/CallbackInfo;Ljava/util/List;Ljava/util/List;)V won't be passed a CallbackInfo as a result
[04:29:35] [Render thread/DEBUG] (FabricLoader/Mixin) fabric-rendering-v1.mixins.json:shader.GameRendererMixin from mod fabric-rendering-v1->@Inject::registerShaders(Lnet/minecraft/server/packs/resources/ResourceProvider;Lorg/spongepowered/asm/mixin/injection/callback/CallbackInfo;Ljava/util/List;Ljava/util/List;)V doesn't use it's CallbackInfo
[04:29:35] [Render thread/DEBUG] (FabricLoader/Mixin) fabric-rendering-v1.mixins.json:shader.GameRendererMixin from mod fabric-rendering-v1->@Inject::registerShaders(Lnet/minecraft/server/packs/resources/ResourceProvider;Lorg/spongepowered/asm/mixin/injection/callback/CallbackInfo;Ljava/util/List;Ljava/util/List;)V has 0 override(s) in child classes
[04:29:35] [Render thread/DEBUG] (FabricLoader/Mixin) fabric-rendering-v1.mixins.json:shader.GameRendererMixin from mod fabric-rendering-v1->@Inject::registerShaders(Lnet/minecraft/server/packs/resources/ResourceProvider;Lorg/spongepowered/asm/mixin/injection/callback/CallbackInfo;Ljava/util/List;Ljava/util/List;)V won't be passed a CallbackInfo as a result
[04:29:35] [Render thread/DEBUG] (FabricLoader/Mixin) fabric-rendering-v1.mixins.json:shader.GameRendererMixin from mod fabric-rendering-v1->@Inject::registerShaders(Lnet/minecraft/server/packs/resources/ResourceProvider;Lorg/spongepowered/asm/mixin/injection/callback/CallbackInfo;Ljava/util/List;Ljava/util/List;)V doesn't use it's CallbackInfo
[04:29:35] [Render thread/DEBUG] (FabricLoader/Mixin) fabric-rendering-v1.mixins.json:shader.GameRendererMixin from mod fabric-rendering-v1->@Inject::registerShaders(Lnet/minecraft/server/packs/resources/ResourceProvider;Lorg/spongepowered/asm/mixin/injection/callback/CallbackInfo;Ljava/util/List;Ljava/util/List;)V has 0 override(s) in child classes
[04:29:35] [Render thread/DEBUG] (FabricLoader/Mixin) fabric-rendering-v1.mixins.json:shader.GameRendererMixin from mod fabric-rendering-v1->@Inject::registerShaders(Lnet/minecraft/server/packs/resources/ResourceProvider;Lorg/spongepowered/asm/mixin/injection/callback/CallbackInfo;Ljava/util/List;Ljava/util/List;)V won't be passed a CallbackInfo as a result
[04:29:35] [Render thread/DEBUG] (FabricLoader/Mixin) fabric-rendering-v1.mixins.json:shader.GameRendererMixin from mod fabric-rendering-v1->@Inject::registerShaders(Lnet/minecraft/server/packs/resources/ResourceProvider;Lorg/spongepowered/asm/mixin/injection/callback/CallbackInfo;Ljava/util/List;Ljava/util/List;)V doesn't use it's CallbackInfo
[04:29:35] [Render thread/DEBUG] (FabricLoader/Mixin) fabric-rendering-v1.mixins.json:shader.GameRendererMixin from mod fabric-rendering-v1->@Inject::registerShaders(Lnet/minecraft/server/packs/resources/ResourceProvider;Lorg/spongepowered/asm/mixin/injection/callback/CallbackInfo;Ljava/util/List;Ljava/util/List;)V has 0 override(s) in child classes
[04:29:35] [Render thread/DEBUG] (FabricLoader/Mixin) fabric-rendering-v1.mixins.json:shader.GameRendererMixin from mod fabric-rendering-v1->@Inject::registerShaders(Lnet/minecraft/server/packs/resources/ResourceProvider;Lorg/spongepowered/asm/mixin/injection/callback/CallbackInfo;Ljava/util/List;Ljava/util/List;)V won't be passed a CallbackInfo as a result
[04:29:35] [Render thread/DEBUG] (FabricLoader/Mixin) fabric-rendering-v1.mixins.json:shader.GameRendererMixin from mod fabric-rendering-v1->@Inject::registerShaders(Lnet/minecraft/server/packs/resources/ResourceProvider;Lorg/spongepowered/asm/mixin/injection/callback/CallbackInfo;Ljava/util/List;Ljava/util/List;)V doesn't use it's CallbackInfo
[04:29:35] [Render thread/DEBUG] (FabricLoader/Mixin) fabric-rendering-v1.mixins.json:shader.GameRendererMixin from mod fabric-rendering-v1->@Inject::registerShaders(Lnet/minecraft/server/packs/resources/ResourceProvider;Lorg/spongepowered/asm/mixin/injection/callback/CallbackInfo;Ljava/util/List;Ljava/util/List;)V has 0 override(s) in child classes
[04:29:35] [Render thread/DEBUG] (FabricLoader/Mixin) fabric-rendering-v1.mixins.json:shader.GameRendererMixin from mod fabric-rendering-v1->@Inject::registerShaders(Lnet/minecraft/server/packs/resources/ResourceProvider;Lorg/spongepowered/asm/mixin/injection/callback/CallbackInfo;Ljava/util/List;Ljava/util/List;)V won't be passed a CallbackInfo as a result
[04:29:35] [Render thread/DEBUG] (FabricLoader/Mixin) fabric-rendering-v1.mixins.json:shader.GameRendererMixin from mod fabric-rendering-v1->@Inject::registerShaders(Lnet/minecraft/server/packs/resources/ResourceProvider;Lorg/spongepowered/asm/mixin/injection/callback/CallbackInfo;Ljava/util/List;Ljava/util/List;)V doesn't use it's CallbackInfo
[04:29:35] [Render thread/DEBUG] (FabricLoader/Mixin) fabric-rendering-v1.mixins.json:shader.GameRendererMixin from mod fabric-rendering-v1->@Inject::registerShaders(Lnet/minecraft/server/packs/resources/ResourceProvider;Lorg/spongepowered/asm/mixin/injection/callback/CallbackInfo;Ljava/util/List;Ljava/util/List;)V has 0 override(s) in child classes
[04:29:35] [Render thread/DEBUG] (FabricLoader/Mixin) fabric-rendering-v1.mixins.json:shader.GameRendererMixin from mod fabric-rendering-v1->@Inject::registerShaders(Lnet/minecraft/server/packs/resources/ResourceProvider;Lorg/spongepowered/asm/mixin/injection/callback/CallbackInfo;Ljava/util/List;Ljava/util/List;)V won't be passed a CallbackInfo as a result
[04:29:35] [Render thread/DEBUG] (FabricLoader/Mixin) fabric-rendering-v1.mixins.json:shader.GameRendererMixin from mod fabric-rendering-v1->@Inject::registerShaders(Lnet/minecraft/server/packs/resources/ResourceProvider;Lorg/spongepowered/asm/mixin/injection/callback/CallbackInfo;Ljava/util/List;Ljava/util/List;)V doesn't use it's CallbackInfo
[04:29:35] [Render thread/DEBUG] (FabricLoader/Mixin) fabric-rendering-v1.mixins.json:shader.GameRendererMixin from mod fabric-rendering-v1->@Inject::registerShaders(Lnet/minecraft/server/packs/resources/ResourceProvider;Lorg/spongepowered/asm/mixin/injection/callback/CallbackInfo;Ljava/util/List;Ljava/util/List;)V has 0 override(s) in child classes
[04:29:35] [Render thread/DEBUG] (FabricLoader/Mixin) fabric-rendering-v1.mixins.json:shader.GameRendererMixin from mod fabric-rendering-v1->@Inject::registerShaders(Lnet/minecraft/server/packs/resources/ResourceProvider;Lorg/spongepowered/asm/mixin/injection/callback/CallbackInfo;Ljava/util/List;Ljava/util/List;)V won't be passed a CallbackInfo as a result
[04:29:35] [Render thread/DEBUG] (FabricLoader/Mixin) fabric-rendering-v1.mixins.json:shader.GameRendererMixin from mod fabric-rendering-v1->@Inject::registerShaders(Lnet/minecraft/server/packs/resources/ResourceProvider;Lorg/spongepowered/asm/mixin/injection/callback/CallbackInfo;Ljava/util/List;Ljava/util/List;)V doesn't use it's CallbackInfo
[04:29:35] [Render thread/DEBUG] (FabricLoader/Mixin) fabric-rendering-v1.mixins.json:shader.GameRendererMixin from mod fabric-rendering-v1->@Inject::registerShaders(Lnet/minecraft/server/packs/resources/ResourceProvider;Lorg/spongepowered/asm/mixin/injection/callback/CallbackInfo;Ljava/util/List;Ljava/util/List;)V has 0 override(s) in child classes
[04:29:35] [Render thread/DEBUG] (FabricLoader/Mixin) fabric-rendering-v1.mixins.json:shader.GameRendererMixin from mod fabric-rendering-v1->@Inject::registerShaders(Lnet/minecraft/server/packs/resources/ResourceProvider;Lorg/spongepowered/asm/mixin/injection/callback/CallbackInfo;Ljava/util/List;Ljava/util/List;)V won't be passed a CallbackInfo as a result
[04:29:35] [Render thread/DEBUG] (FabricLoader/Mixin) fabric-rendering-v1.mixins.json:shader.GameRendererMixin from mod fabric-rendering-v1->@Inject::registerShaders(Lnet/minecraft/server/packs/resources/ResourceProvider;Lorg/spongepowered/asm/mixin/injection/callback/CallbackInfo;Ljava/util/List;Ljava/util/List;)V doesn't use it's CallbackInfo
[04:29:35] [Render thread/DEBUG] (FabricLoader/Mixin) fabric-rendering-v1.mixins.json:shader.GameRendererMixin from mod fabric-rendering-v1->@Inject::registerShaders(Lnet/minecraft/server/packs/resources/ResourceProvider;Lorg/spongepowered/asm/mixin/injection/callback/CallbackInfo;Ljava/util/List;Ljava/util/List;)V has 0 override(s) in child classes
[04:29:35] [Render thread/DEBUG] (FabricLoader/Mixin) fabric-rendering-v1.mixins.json:shader.GameRendererMixin from mod fabric-rendering-v1->@Inject::registerShaders(Lnet/minecraft/server/packs/resources/ResourceProvider;Lorg/spongepowered/asm/mixin/injection/callback/CallbackInfo;Ljava/util/List;Ljava/util/List;)V won't be passed a CallbackInfo as a result
[04:29:35] [Render thread/DEBUG] (FabricLoader/Mixin) fabric-rendering-v1.mixins.json:shader.GameRendererMixin from mod fabric-rendering-v1->@Inject::registerShaders(Lnet/minecraft/server/packs/resources/ResourceProvider;Lorg/spongepowered/asm/mixin/injection/callback/CallbackInfo;Ljava/util/List;Ljava/util/List;)V doesn't use it's CallbackInfo
[04:29:35] [Render thread/DEBUG] (FabricLoader/Mixin) fabric-rendering-v1.mixins.json:shader.GameRendererMixin from mod fabric-rendering-v1->@Inject::registerShaders(Lnet/minecraft/server/packs/resources/ResourceProvider;Lorg/spongepowered/asm/mixin/injection/callback/CallbackInfo;Ljava/util/List;Ljava/util/List;)V has 0 override(s) in child classes
[04:29:35] [Render thread/DEBUG] (FabricLoader/Mixin) fabric-rendering-v1.mixins.json:shader.GameRendererMixin from mod fabric-rendering-v1->@Inject::registerShaders(Lnet/minecraft/server/packs/resources/ResourceProvider;Lorg/spongepowered/asm/mixin/injection/callback/CallbackInfo;Ljava/util/List;Ljava/util/List;)V won't be passed a CallbackInfo as a result
[04:29:35] [Render thread/DEBUG] (FabricLoader/Mixin) fabric-rendering-v1.mixins.json:shader.GameRendererMixin from mod fabric-rendering-v1->@Inject::registerShaders(Lnet/minecraft/server/packs/resources/ResourceProvider;Lorg/spongepowered/asm/mixin/injection/callback/CallbackInfo;Ljava/util/List;Ljava/util/List;)V doesn't use it's CallbackInfo
[04:29:35] [Render thread/DEBUG] (FabricLoader/Mixin) fabric-rendering-v1.mixins.json:shader.GameRendererMixin from mod fabric-rendering-v1->@Inject::registerShaders(Lnet/minecraft/server/packs/resources/ResourceProvider;Lorg/spongepowered/asm/mixin/injection/callback/CallbackInfo;Ljava/util/List;Ljava/util/List;)V has 0 override(s) in child classes
[04:29:35] [Render thread/DEBUG] (FabricLoader/Mixin) fabric-rendering-v1.mixins.json:shader.GameRendererMixin from mod fabric-rendering-v1->@Inject::registerShaders(Lnet/minecraft/server/packs/resources/ResourceProvider;Lorg/spongepowered/asm/mixin/injection/callback/CallbackInfo;Ljava/util/List;Ljava/util/List;)V won't be passed a CallbackInfo as a result
[04:29:35] [Render thread/DEBUG] (FabricLoader/Mixin) fabric-rendering-v1.mixins.json:shader.GameRendererMixin from mod fabric-rendering-v1->@Inject::registerShaders(Lnet/minecraft/server/packs/resources/ResourceProvider;Lorg/spongepowered/asm/mixin/injection/callback/CallbackInfo;Ljava/util/List;Ljava/util/List;)V doesn't use it's CallbackInfo
[04:29:35] [Render thread/DEBUG] (FabricLoader/Mixin) fabric-rendering-v1.mixins.json:shader.GameRendererMixin from mod fabric-rendering-v1->@Inject::registerShaders(Lnet/minecraft/server/packs/resources/ResourceProvider;Lorg/spongepowered/asm/mixin/injection/callback/CallbackInfo;Ljava/util/List;Ljava/util/List;)V has 0 override(s) in child classes
[04:29:35] [Render thread/DEBUG] (FabricLoader/Mixin) fabric-rendering-v1.mixins.json:shader.GameRendererMixin from mod fabric-rendering-v1->@Inject::registerShaders(Lnet/minecraft/server/packs/resources/ResourceProvider;Lorg/spongepowered/asm/mixin/injection/callback/CallbackInfo;Ljava/util/List;Ljava/util/List;)V won't be passed a CallbackInfo as a result
[04:29:35] [Render thread/DEBUG] (FabricLoader/Mixin) fabric-rendering-v1.mixins.json:shader.GameRendererMixin from mod fabric-rendering-v1->@Inject::registerShaders(Lnet/minecraft/server/packs/resources/ResourceProvider;Lorg/spongepowered/asm/mixin/injection/callback/CallbackInfo;Ljava/util/List;Ljava/util/List;)V doesn't use it's CallbackInfo
[04:29:35] [Render thread/DEBUG] (FabricLoader/Mixin) fabric-rendering-v1.mixins.json:shader.GameRendererMixin from mod fabric-rendering-v1->@Inject::registerShaders(Lnet/minecraft/server/packs/resources/ResourceProvider;Lorg/spongepowered/asm/mixin/injection/callback/CallbackInfo;Ljava/util/List;Ljava/util/List;)V has 0 override(s) in child classes
[04:29:35] [Render thread/DEBUG] (FabricLoader/Mixin) fabric-rendering-v1.mixins.json:shader.GameRendererMixin from mod fabric-rendering-v1->@Inject::registerShaders(Lnet/minecraft/server/packs/resources/ResourceProvider;Lorg/spongepowered/asm/mixin/injection/callback/CallbackInfo;Ljava/util/List;Ljava/util/List;)V won't be passed a CallbackInfo as a result
[04:29:35] [Render thread/DEBUG] (FabricLoader/Mixin) fabric-rendering-v1.mixins.json:shader.GameRendererMixin from mod fabric-rendering-v1->@Inject::registerShaders(Lnet/minecraft/server/packs/resources/ResourceProvider;Lorg/spongepowered/asm/mixin/injection/callback/CallbackInfo;Ljava/util/List;Ljava/util/List;)V doesn't use it's CallbackInfo
[04:29:35] [Render thread/DEBUG] (FabricLoader/Mixin) fabric-rendering-v1.mixins.json:shader.GameRendererMixin from mod fabric-rendering-v1->@Inject::registerShaders(Lnet/minecraft/server/packs/resources/ResourceProvider;Lorg/spongepowered/asm/mixin/injection/callback/CallbackInfo;Ljava/util/List;Ljava/util/List;)V has 0 override(s) in child classes
[04:29:35] [Render thread/DEBUG] (FabricLoader/Mixin) fabric-rendering-v1.mixins.json:shader.GameRendererMixin from mod fabric-rendering-v1->@Inject::registerShaders(Lnet/minecraft/server/packs/resources/ResourceProvider;Lorg/spongepowered/asm/mixin/injection/callback/CallbackInfo;Ljava/util/List;Ljava/util/List;)V won't be passed a CallbackInfo as a result
[04:29:35] [Render thread/DEBUG] (FabricLoader/Mixin) fabric-rendering-v1.mixins.json:shader.GameRendererMixin from mod fabric-rendering-v1->@Inject::registerShaders(Lnet/minecraft/server/packs/resources/ResourceProvider;Lorg/spongepowered/asm/mixin/injection/callback/CallbackInfo;Ljava/util/List;Ljava/util/List;)V doesn't use it's CallbackInfo
[04:29:35] [Render thread/DEBUG] (FabricLoader/Mixin) fabric-rendering-v1.mixins.json:shader.GameRendererMixin from mod fabric-rendering-v1->@Inject::registerShaders(Lnet/minecraft/server/packs/resources/ResourceProvider;Lorg/spongepowered/asm/mixin/injection/callback/CallbackInfo;Ljava/util/List;Ljava/util/List;)V has 0 override(s) in child classes
[04:29:35] [Render thread/DEBUG] (FabricLoader/Mixin) fabric-rendering-v1.mixins.json:shader.GameRendererMixin from mod fabric-rendering-v1->@Inject::registerShaders(Lnet/minecraft/server/packs/resources/ResourceProvider;Lorg/spongepowered/asm/mixin/injection/callback/CallbackInfo;Ljava/util/List;Ljava/util/List;)V won't be passed a CallbackInfo as a result
[04:29:35] [Render thread/DEBUG] (FabricLoader/Mixin) fabric-rendering-v1.mixins.json:shader.GameRendererMixin from mod fabric-rendering-v1->@Inject::registerShaders(Lnet/minecraft/server/packs/resources/ResourceProvider;Lorg/spongepowered/asm/mixin/injection/callback/CallbackInfo;Ljava/util/List;Ljava/util/List;)V doesn't use it's CallbackInfo
[04:29:35] [Render thread/DEBUG] (FabricLoader/Mixin) fabric-rendering-v1.mixins.json:shader.GameRendererMixin from mod fabric-rendering-v1->@Inject::registerShaders(Lnet/minecraft/server/packs/resources/ResourceProvider;Lorg/spongepowered/asm/mixin/injection/callback/CallbackInfo;Ljava/util/List;Ljava/util/List;)V has 0 override(s) in child classes
[04:29:35] [Render thread/DEBUG] (FabricLoader/Mixin) fabric-rendering-v1.mixins.json:shader.GameRendererMixin from mod fabric-rendering-v1->@Inject::registerShaders(Lnet/minecraft/server/packs/resources/ResourceProvider;Lorg/spongepowered/asm/mixin/injection/callback/CallbackInfo;Ljava/util/List;Ljava/util/List;)V won't be passed a CallbackInfo as a result
[04:29:35] [Render thread/DEBUG] (FabricLoader/Mixin) fabric-rendering-v1.mixins.json:shader.GameRendererMixin from mod fabric-rendering-v1->@Inject::registerShaders(Lnet/minecraft/server/packs/resources/ResourceProvider;Lorg/spongepowered/asm/mixin/injection/callback/CallbackInfo;Ljava/util/List;Ljava/util/List;)V doesn't use it's CallbackInfo
[04:29:35] [Render thread/DEBUG] (FabricLoader/Mixin) fabric-rendering-v1.mixins.json:shader.GameRendererMixin from mod fabric-rendering-v1->@Inject::registerShaders(Lnet/minecraft/server/packs/resources/ResourceProvider;Lorg/spongepowered/asm/mixin/injection/callback/CallbackInfo;Ljava/util/List;Ljava/util/List;)V has 0 override(s) in child classes
[04:29:35] [Render thread/DEBUG] (FabricLoader/Mixin) fabric-rendering-v1.mixins.json:shader.GameRendererMixin from mod fabric-rendering-v1->@Inject::registerShaders(Lnet/minecraft/server/packs/resources/ResourceProvider;Lorg/spongepowered/asm/mixin/injection/callback/CallbackInfo;Ljava/util/List;Ljava/util/List;)V won't be passed a CallbackInfo as a result
[04:29:35] [Render thread/DEBUG] (FabricLoader/Mixin) fabric-rendering-v1.mixins.json:shader.GameRendererMixin from mod fabric-rendering-v1->@Inject::registerShaders(Lnet/minecraft/server/packs/resources/ResourceProvider;Lorg/spongepowered/asm/mixin/injection/callback/CallbackInfo;Ljava/util/List;Ljava/util/List;)V doesn't use it's CallbackInfo
[04:29:35] [Render thread/DEBUG] (FabricLoader/Mixin) fabric-rendering-v1.mixins.json:shader.GameRendererMixin from mod fabric-rendering-v1->@Inject::registerShaders(Lnet/minecraft/server/packs/resources/ResourceProvider;Lorg/spongepowered/asm/mixin/injection/callback/CallbackInfo;Ljava/util/List;Ljava/util/List;)V has 0 override(s) in child classes
[04:29:35] [Render thread/DEBUG] (FabricLoader/Mixin) fabric-rendering-v1.mixins.json:shader.GameRendererMixin from mod fabric-rendering-v1->@Inject::registerShaders(Lnet/minecraft/server/packs/resources/ResourceProvider;Lorg/spongepowered/asm/mixin/injection/callback/CallbackInfo;Ljava/util/List;Ljava/util/List;)V won't be passed a CallbackInfo as a result
[04:29:35] [Render thread/DEBUG] (FabricLoader/Mixin) fabric-rendering-v1.mixins.json:shader.GameRendererMixin from mod fabric-rendering-v1->@Inject::registerShaders(Lnet/minecraft/server/packs/resources/ResourceProvider;Lorg/spongepowered/asm/mixin/injection/callback/CallbackInfo;Ljava/util/List;Ljava/util/List;)V doesn't use it's CallbackInfo
[04:29:35] [Render thread/DEBUG] (FabricLoader/Mixin) fabric-rendering-v1.mixins.json:shader.GameRendererMixin from mod fabric-rendering-v1->@Inject::registerShaders(Lnet/minecraft/server/packs/resources/ResourceProvider;Lorg/spongepowered/asm/mixin/injection/callback/CallbackInfo;Ljava/util/List;Ljava/util/List;)V has 0 override(s) in child classes
[04:29:35] [Render thread/DEBUG] (FabricLoader/Mixin) fabric-rendering-v1.mixins.json:shader.GameRendererMixin from mod fabric-rendering-v1->@Inject::registerShaders(Lnet/minecraft/server/packs/resources/ResourceProvider;Lorg/spongepowered/asm/mixin/injection/callback/CallbackInfo;Ljava/util/List;Ljava/util/List;)V won't be passed a CallbackInfo as a result
[04:29:35] [Render thread/DEBUG] (FabricLoader/Mixin) fabric-rendering-v1.mixins.json:shader.GameRendererMixin from mod fabric-rendering-v1->@Inject::registerShaders(Lnet/minecraft/server/packs/resources/ResourceProvider;Lorg/spongepowered/asm/mixin/injection/callback/CallbackInfo;Ljava/util/List;Ljava/util/List;)V doesn't use it's CallbackInfo
[04:29:35] [Render thread/DEBUG] (FabricLoader/Mixin) fabric-rendering-v1.mixins.json:shader.GameRendererMixin from mod fabric-rendering-v1->@Inject::registerShaders(Lnet/minecraft/server/packs/resources/ResourceProvider;Lorg/spongepowered/asm/mixin/injection/callback/CallbackInfo;Ljava/util/List;Ljava/util/List;)V has 0 override(s) in child classes
[04:29:35] [Render thread/DEBUG] (FabricLoader/Mixin) fabric-rendering-v1.mixins.json:shader.GameRendererMixin from mod fabric-rendering-v1->@Inject::registerShaders(Lnet/minecraft/server/packs/resources/ResourceProvider;Lorg/spongepowered/asm/mixin/injection/callback/CallbackInfo;Ljava/util/List;Ljava/util/List;)V won't be passed a CallbackInfo as a result
[04:29:35] [Render thread/DEBUG] (FabricLoader/Mixin) fabric-rendering-v1.mixins.json:shader.GameRendererMixin from mod fabric-rendering-v1->@Inject::registerShaders(Lnet/minecraft/server/packs/resources/ResourceProvider;Lorg/spongepowered/asm/mixin/injection/callback/CallbackInfo;Ljava/util/List;Ljava/util/List;)V doesn't use it's CallbackInfo
[04:29:35] [Render thread/DEBUG] (FabricLoader/Mixin) fabric-rendering-v1.mixins.json:shader.GameRendererMixin from mod fabric-rendering-v1->@Inject::registerShaders(Lnet/minecraft/server/packs/resources/ResourceProvider;Lorg/spongepowered/asm/mixin/injection/callback/CallbackInfo;Ljava/util/List;Ljava/util/List;)V has 0 override(s) in child classes
[04:29:35] [Render thread/DEBUG] (FabricLoader/Mixin) fabric-rendering-v1.mixins.json:shader.GameRendererMixin from mod fabric-rendering-v1->@Inject::registerShaders(Lnet/minecraft/server/packs/resources/ResourceProvider;Lorg/spongepowered/asm/mixin/injection/callback/CallbackInfo;Ljava/util/List;Ljava/util/List;)V won't be passed a CallbackInfo as a result
[04:29:35] [Render thread/DEBUG] (FabricLoader/Mixin) fabric-rendering-v1.mixins.json:shader.GameRendererMixin from mod fabric-rendering-v1->@Inject::registerShaders(Lnet/minecraft/server/packs/resources/ResourceProvider;Lorg/spongepowered/asm/mixin/injection/callback/CallbackInfo;Ljava/util/List;Ljava/util/List;)V doesn't use it's CallbackInfo
[04:29:35] [Render thread/DEBUG] (FabricLoader/Mixin) fabric-rendering-v1.mixins.json:shader.GameRendererMixin from mod fabric-rendering-v1->@Inject::registerShaders(Lnet/minecraft/server/packs/resources/ResourceProvider;Lorg/spongepowered/asm/mixin/injection/callback/CallbackInfo;Ljava/util/List;Ljava/util/List;)V has 0 override(s) in child classes
[04:29:35] [Render thread/DEBUG] (FabricLoader/Mixin) fabric-rendering-v1.mixins.json:shader.GameRendererMixin from mod fabric-rendering-v1->@Inject::registerShaders(Lnet/minecraft/server/packs/resources/ResourceProvider;Lorg/spongepowered/asm/mixin/injection/callback/CallbackInfo;Ljava/util/List;Ljava/util/List;)V won't be passed a CallbackInfo as a result
[04:29:35] [Render thread/DEBUG] (FabricLoader/Mixin) fabric-rendering-v1.mixins.json:shader.GameRendererMixin from mod fabric-rendering-v1->@Inject::registerShaders(Lnet/minecraft/server/packs/resources/ResourceProvider;Lorg/spongepowered/asm/mixin/injection/callback/CallbackInfo;Ljava/util/List;Ljava/util/List;)V doesn't use it's CallbackInfo
[04:29:35] [Render thread/DEBUG] (FabricLoader/Mixin) fabric-rendering-v1.mixins.json:shader.GameRendererMixin from mod fabric-rendering-v1->@Inject::registerShaders(Lnet/minecraft/server/packs/resources/ResourceProvider;Lorg/spongepowered/asm/mixin/injection/callback/CallbackInfo;Ljava/util/List;Ljava/util/List;)V has 0 override(s) in child classes
[04:29:35] [Render thread/DEBUG] (FabricLoader/Mixin) fabric-rendering-v1.mixins.json:shader.GameRendererMixin from mod fabric-rendering-v1->@Inject::registerShaders(Lnet/minecraft/server/packs/resources/ResourceProvider;Lorg/spongepowered/asm/mixin/injection/callback/CallbackInfo;Ljava/util/List;Ljava/util/List;)V won't be passed a CallbackInfo as a result
[04:29:35] [Render thread/DEBUG] (FabricLoader/Mixin) fabric-rendering-v1.mixins.json:shader.GameRendererMixin from mod fabric-rendering-v1->@Inject::registerShaders(Lnet/minecraft/server/packs/resources/ResourceProvider;Lorg/spongepowered/asm/mixin/injection/callback/CallbackInfo;Ljava/util/List;Ljava/util/List;)V doesn't use it's CallbackInfo
[04:29:35] [Render thread/DEBUG] (FabricLoader/Mixin) fabric-rendering-v1.mixins.json:shader.GameRendererMixin from mod fabric-rendering-v1->@Inject::registerShaders(Lnet/minecraft/server/packs/resources/ResourceProvider;Lorg/spongepowered/asm/mixin/injection/callback/CallbackInfo;Ljava/util/List;Ljava/util/List;)V has 0 override(s) in child classes
[04:29:35] [Render thread/DEBUG] (FabricLoader/Mixin) fabric-rendering-v1.mixins.json:shader.GameRendererMixin from mod fabric-rendering-v1->@Inject::registerShaders(Lnet/minecraft/server/packs/resources/ResourceProvider;Lorg/spongepowered/asm/mixin/injection/callback/CallbackInfo;Ljava/util/List;Ljava/util/List;)V won't be passed a CallbackInfo as a result
[04:29:35] [Render thread/DEBUG] (FabricLoader/Mixin) fabric-rendering-v1.mixins.json:shader.GameRendererMixin from mod fabric-rendering-v1->@Inject::registerShaders(Lnet/minecraft/server/packs/resources/ResourceProvider;Lorg/spongepowered/asm/mixin/injection/callback/CallbackInfo;Ljava/util/List;Ljava/util/List;)V doesn't use it's CallbackInfo
[04:29:35] [Render thread/DEBUG] (FabricLoader/Mixin) fabric-rendering-v1.mixins.json:shader.GameRendererMixin from mod fabric-rendering-v1->@Inject::registerShaders(Lnet/minecraft/server/packs/resources/ResourceProvider;Lorg/spongepowered/asm/mixin/injection/callback/CallbackInfo;Ljava/util/List;Ljava/util/List;)V has 0 override(s) in child classes
[04:29:35] [Render thread/DEBUG] (FabricLoader/Mixin) fabric-rendering-v1.mixins.json:shader.GameRendererMixin from mod fabric-rendering-v1->@Inject::registerShaders(Lnet/minecraft/server/packs/resources/ResourceProvider;Lorg/spongepowered/asm/mixin/injection/callback/CallbackInfo;Ljava/util/List;Ljava/util/List;)V won't be passed a CallbackInfo as a result
[04:29:35] [Render thread/DEBUG] (FabricLoader/Mixin) fabric-rendering-v1.mixins.json:shader.GameRendererMixin from mod fabric-rendering-v1->@Inject::registerShaders(Lnet/minecraft/server/packs/resources/ResourceProvider;Lorg/spongepowered/asm/mixin/injection/callback/CallbackInfo;Ljava/util/List;Ljava/util/List;)V doesn't use it's CallbackInfo
[04:29:35] [Render thread/DEBUG] (FabricLoader/Mixin) fabric-rendering-v1.mixins.json:shader.GameRendererMixin from mod fabric-rendering-v1->@Inject::registerShaders(Lnet/minecraft/server/packs/resources/ResourceProvider;Lorg/spongepowered/asm/mixin/injection/callback/CallbackInfo;Ljava/util/List;Ljava/util/List;)V has 0 override(s) in child classes
[04:29:35] [Render thread/DEBUG] (FabricLoader/Mixin) fabric-rendering-v1.mixins.json:shader.GameRendererMixin from mod fabric-rendering-v1->@Inject::registerShaders(Lnet/minecraft/server/packs/resources/ResourceProvider;Lorg/spongepowered/asm/mixin/injection/callback/CallbackInfo;Ljava/util/List;Ljava/util/List;)V won't be passed a CallbackInfo as a result
[04:29:35] [Render thread/DEBUG] (FabricLoader/Mixin) architectury.mixins.json:client.MixinGameRenderer from mod architectury->@Inject::renderScreenPre(FJZLorg/spongepowered/asm/mixin/injection/callback/CallbackInfo;FZIILcom/mojang/blaze3d/platform/Window;Lorg/joml/Matrix4f;Lcom/mojang/blaze3d/vertex/PoseStack;Lnet/minecraft/client/gui/GuiGraphics;)V does use it's CallbackInfo
[04:29:35] [Render thread/DEBUG] (FabricLoader/Mixin) architectury.mixins.json:client.MixinGameRenderer from mod architectury->@Inject::renderScreenPost(FJZLorg/spongepowered/asm/mixin/injection/callback/CallbackInfo;FZIILcom/mojang/blaze3d/platform/Window;Lorg/joml/Matrix4f;Lcom/mojang/blaze3d/vertex/PoseStack;Lnet/minecraft/client/gui/GuiGraphics;)V doesn't use it's CallbackInfo
[04:29:35] [Render thread/DEBUG] (FabricLoader/Mixin) architectury.mixins.json:client.MixinGameRenderer from mod architectury->@Inject::renderScreenPost(FJZLorg/spongepowered/asm/mixin/injection/callback/CallbackInfo;FZIILcom/mojang/blaze3d/platform/Window;Lorg/joml/Matrix4f;Lcom/mojang/blaze3d/vertex/PoseStack;Lnet/minecraft/client/gui/GuiGraphics;)V has 0 override(s) in child classes
[04:29:35] [Render thread/DEBUG] (FabricLoader/Mixin) architectury.mixins.json:client.MixinGameRenderer from mod architectury->@Inject::renderScreenPost(FJZLorg/spongepowered/asm/mixin/injection/callback/CallbackInfo;FZIILcom/mojang/blaze3d/platform/Window;Lorg/joml/Matrix4f;Lcom/mojang/blaze3d/vertex/PoseStack;Lnet/minecraft/client/gui/GuiGraphics;)V won't be passed a CallbackInfo as a result
[04:29:35] [Render thread/DEBUG] (FabricLoader/Mixin) architectury.mixins.json:client.MixinGameRenderer from mod architectury->@Inject::reloadShaders(Lnet/minecraft/server/packs/resources/ResourceProvider;Lorg/spongepowered/asm/mixin/injection/callback/CallbackInfo;Ljava/util/List;Ljava/util/List;)V doesn't use it's CallbackInfo
[04:29:35] [Render thread/DEBUG] (FabricLoader/Mixin) architectury.mixins.json:client.MixinGameRenderer from mod architectury->@Inject::reloadShaders(Lnet/minecraft/server/packs/resources/ResourceProvider;Lorg/spongepowered/asm/mixin/injection/callback/CallbackInfo;Ljava/util/List;Ljava/util/List;)V has 0 override(s) in child classes
[04:29:35] [Render thread/DEBUG] (FabricLoader/Mixin) architectury.mixins.json:client.MixinGameRenderer from mod architectury->@Inject::reloadShaders(Lnet/minecraft/server/packs/resources/ResourceProvider;Lorg/spongepowered/asm/mixin/injection/callback/CallbackInfo;Ljava/util/List;Ljava/util/List;)V won't be passed a CallbackInfo as a result
[04:29:35] [Render thread/DEBUG] (FabricLoader/Mixin) Mixing shader.ShaderProgramMixin from fabric-rendering-v1.mixins.json into net.minecraft.client.renderer.ShaderInstance
[04:29:35] [Render thread/DEBUG] (FabricLoader/Mixin) Mixing client.SpriteAtlasTextureMixin from fabric-renderer-api-v1.mixins.json into net.minecraft.client.renderer.texture.TextureAtlas
[04:29:35] [Render thread/DEBUG] (FabricLoader/Mixin) fabric-renderer-api-v1.mixins.json:client.SpriteAtlasTextureMixin from mod fabric-renderer-api-v1->@Inject::uploadHook(Lnet/minecraft/client/renderer/texture/SpriteLoader$Preparations;Lorg/spongepowered/asm/mixin/injection/callback/CallbackInfo;)V doesn't use it's CallbackInfo
[04:29:35] [Render thread/DEBUG] (FabricLoader/Mixin) fabric-renderer-api-v1.mixins.json:client.SpriteAtlasTextureMixin from mod fabric-renderer-api-v1->@Inject::uploadHook(Lnet/minecraft/client/renderer/texture/SpriteLoader$Preparations;Lorg/spongepowered/asm/mixin/injection/callback/CallbackInfo;)V has 0 override(s) in child classes
[04:29:35] [Render thread/DEBUG] (FabricLoader/Mixin) fabric-renderer-api-v1.mixins.json:client.SpriteAtlasTextureMixin from mod fabric-renderer-api-v1->@Inject::uploadHook(Lnet/minecraft/client/renderer/texture/SpriteLoader$Preparations;Lorg/spongepowered/asm/mixin/injection/callback/CallbackInfo;)V won't be passed a CallbackInfo as a result
[04:29:35] [Render thread/DEBUG] (FabricLoader/Mixin) Mixing KeyedResourceReloadListenerClientMixin from fabric-resource-loader-v0.client.mixins.json into net.minecraft.client.renderer.entity.ItemRenderer
[04:29:35] [Render thread/DEBUG] (FabricLoader/Mixin) Mixing ItemRendererMixin from fabric-renderer-indigo.mixins.json into net.minecraft.client.renderer.entity.ItemRenderer
[04:29:35] [Render thread/DEBUG] (FabricLoader/Mixin) Renaming synthetic method lambda$new$0()Lnet/fabricmc/fabric/impl/client/indigo/renderer/render/ItemRenderContext; to md2e53f5$fabric-renderer-indigo$lambda$new$0$0 in fabric-renderer-indigo.mixins.json:ItemRendererMixin from mod fabric-renderer-indigo
[04:29:35] [Render thread/DEBUG] (FabricLoader/Mixin) fabric-renderer-indigo.mixins.json:ItemRendererMixin from mod fabric-renderer-indigo->@Inject::hook_renderItem(Lnet/minecraft/world/item/ItemStack;Lnet/minecraft/world/item/ItemDisplayContext;ZLcom/mojang/blaze3d/vertex/PoseStack;Lnet/minecraft/client/renderer/MultiBufferSource;IILnet/minecraft/client/resources/model/BakedModel;Lorg/spongepowered/asm/mixin/injection/callback/CallbackInfo;)V does use it's CallbackInfo
[04:29:35] [Render thread/DEBUG] (FabricLoader/Mixin) Mixing ClientConnectionMixin from fabric-networking-api-v1.mixins.json into net.minecraft.network.Connection
[04:29:35] [Render thread/DEBUG] (FabricLoader/Mixin) Renaming synthetic method lambda$getPendingChannelsNames$0(Lnet/minecraft/network/ConnectionProtocol;)Ljava/util/Collection; to md2e53f5$fabric-networking-api-v1$lambda$getPendingChannelsNames$0$0 in fabric-networking-api-v1.mixins.json:ClientConnectionMixin from mod fabric-networking-api-v1
[04:29:35] [Render thread/DEBUG] (FabricLoader/Mixin) fabric-networking-api-v1.mixins.json:ClientConnectionMixin from mod fabric-networking-api-v1->@Inject::initAddedFields(Lnet/minecraft/network/protocol/PacketFlow;Lorg/spongepowered/asm/mixin/injection/callback/CallbackInfo;)V doesn't use it's CallbackInfo
[04:29:35] [Render thread/DEBUG] (FabricLoader/Mixin) fabric-networking-api-v1.mixins.json:ClientConnectionMixin from mod fabric-networking-api-v1->@Inject::initAddedFields(Lnet/minecraft/network/protocol/PacketFlow;Lorg/spongepowered/asm/mixin/injection/callback/CallbackInfo;)V has 0 override(s) in child classes
[04:29:35] [Render thread/DEBUG] (FabricLoader/Mixin) fabric-networking-api-v1.mixins.json:ClientConnectionMixin from mod fabric-networking-api-v1->@Inject::initAddedFields(Lnet/minecraft/network/protocol/PacketFlow;Lorg/spongepowered/asm/mixin/injection/callback/CallbackInfo;)V won't be passed a CallbackInfo as a result
[04:29:35] [Render thread/DEBUG] (FabricLoader/Mixin) fabric-networking-api-v1.mixins.json:ClientConnectionMixin from mod fabric-networking-api-v1->@Inject::checkPacket(Lnet/minecraft/network/protocol/Packet;Lnet/minecraft/network/PacketSendListener;ZLorg/spongepowered/asm/mixin/injection/callback/CallbackInfo;)V doesn't use it's CallbackInfo
[04:29:35] [Render thread/DEBUG] (FabricLoader/Mixin) fabric-networking-api-v1.mixins.json:ClientConnectionMixin from mod fabric-networking-api-v1->@Inject::checkPacket(Lnet/minecraft/network/protocol/Packet;Lnet/minecraft/network/PacketSendListener;ZLorg/spongepowered/asm/mixin/injection/callback/CallbackInfo;)V has 0 override(s) in child classes
[04:29:35] [Render thread/DEBUG] (FabricLoader/Mixin) fabric-networking-api-v1.mixins.json:ClientConnectionMixin from mod fabric-networking-api-v1->@Inject::checkPacket(Lnet/minecraft/network/protocol/Packet;Lnet/minecraft/network/PacketSendListener;ZLorg/spongepowered/asm/mixin/injection/callback/CallbackInfo;)V won't be passed a CallbackInfo as a result
[04:29:35] [Render thread/DEBUG] (FabricLoader/Mixin) fabric-networking-api-v1.mixins.json:ClientConnectionMixin from mod fabric-networking-api-v1->@Inject::checkPacket(Lnet/minecraft/network/protocol/Packet;Lnet/minecraft/network/PacketSendListener;ZLorg/spongepowered/asm/mixin/injection/callback/CallbackInfo;)V doesn't use it's CallbackInfo
[04:29:35] [Render thread/DEBUG] (FabricLoader/Mixin) fabric-networking-api-v1.mixins.json:ClientConnectionMixin from mod fabric-networking-api-v1->@Inject::checkPacket(Lnet/minecraft/network/protocol/Packet;Lnet/minecraft/network/PacketSendListener;ZLorg/spongepowered/asm/mixin/injection/callback/CallbackInfo;)V has 0 override(s) in child classes
[04:29:35] [Render thread/DEBUG] (FabricLoader/Mixin) fabric-networking-api-v1.mixins.json:ClientConnectionMixin from mod fabric-networking-api-v1->@Inject::checkPacket(Lnet/minecraft/network/protocol/Packet;Lnet/minecraft/network/PacketSendListener;ZLorg/spongepowered/asm/mixin/injection/callback/CallbackInfo;)V won't be passed a CallbackInfo as a result
[04:29:35] [Render thread/DEBUG] (FabricLoader/Mixin) fabric-networking-api-v1.mixins.json:ClientConnectionMixin from mod fabric-networking-api-v1->@Inject::unwatchAddon(Lnet/minecraft/network/PacketListener;Lorg/spongepowered/asm/mixin/injection/callback/CallbackInfo;)V doesn't use it's CallbackInfo
[04:29:35] [Render thread/DEBUG] (FabricLoader/Mixin) fabric-networking-api-v1.mixins.json:ClientConnectionMixin from mod fabric-networking-api-v1->@Inject::unwatchAddon(Lnet/minecraft/network/PacketListener;Lorg/spongepowered/asm/mixin/injection/callback/CallbackInfo;)V has 0 override(s) in child classes
[04:29:35] [Render thread/DEBUG] (FabricLoader/Mixin) fabric-networking-api-v1.mixins.json:ClientConnectionMixin from mod fabric-networking-api-v1->@Inject::unwatchAddon(Lnet/minecraft/network/PacketListener;Lorg/spongepowered/asm/mixin/injection/callback/CallbackInfo;)V won't be passed a CallbackInfo as a result
[04:29:35] [Render thread/DEBUG] (FabricLoader/Mixin) fabric-networking-api-v1.mixins.json:ClientConnectionMixin from mod fabric-networking-api-v1->@Inject::disconnectAddon(Lio/netty/channel/ChannelHandlerContext;Lorg/spongepowered/asm/mixin/injection/callback/CallbackInfo;)V doesn't use it's CallbackInfo
[04:29:35] [Render thread/DEBUG] (FabricLoader/Mixin) fabric-networking-api-v1.mixins.json:ClientConnectionMixin from mod fabric-networking-api-v1->@Inject::disconnectAddon(Lio/netty/channel/ChannelHandlerContext;Lorg/spongepowered/asm/mixin/injection/callback/CallbackInfo;)V has 0 override(s) in child classes
[04:29:35] [Render thread/DEBUG] (FabricLoader/Mixin) fabric-networking-api-v1.mixins.json:ClientConnectionMixin from mod fabric-networking-api-v1->@Inject::disconnectAddon(Lio/netty/channel/ChannelHandlerContext;Lorg/spongepowered/asm/mixin/injection/callback/CallbackInfo;)V won't be passed a CallbackInfo as a result
[04:29:35] [Render thread/DEBUG] (FabricLoader/Mixin) fabric-networking-api-v1.mixins.json:ClientConnectionMixin from mod fabric-networking-api-v1->@Inject::disconnectAddon(Lorg/spongepowered/asm/mixin/injection/callback/CallbackInfo;)V doesn't use it's CallbackInfo
[04:29:35] [Render thread/DEBUG] (FabricLoader/Mixin) fabric-networking-api-v1.mixins.json:ClientConnectionMixin from mod fabric-networking-api-v1->@Inject::disconnectAddon(Lorg/spongepowered/asm/mixin/injection/callback/CallbackInfo;)V has 0 override(s) in child classes
[04:29:35] [Render thread/DEBUG] (FabricLoader/Mixin) fabric-networking-api-v1.mixins.json:ClientConnectionMixin from mod fabric-networking-api-v1->@Inject::disconnectAddon(Lorg/spongepowered/asm/mixin/injection/callback/CallbackInfo;)V won't be passed a CallbackInfo as a result
[04:29:35] [Render thread/DEBUG] (FabricLoader/Mixin) fabric-networking-api-v1.mixins.json:ClientConnectionMixin from mod fabric-networking-api-v1->@Inject::sendInternal(Lnet/minecraft/network/protocol/Packet;Lnet/minecraft/network/PacketSendListener;ZLorg/spongepowered/asm/mixin/injection/callback/CallbackInfo;Lio/netty/channel/ChannelFuture;)V does use it's CallbackInfo
[04:29:35] [Render thread/DEBUG] (FabricLoader/Mixin) fabric-networking-api-v1.mixins.json:ClientConnectionMixin from mod fabric-networking-api-v1->@Inject::sendInternal(Lnet/minecraft/network/protocol/Packet;Lnet/minecraft/network/PacketSendListener;ZLorg/spongepowered/asm/mixin/injection/callback/CallbackInfo;Lio/netty/channel/ChannelFuture;)V does use it's CallbackInfo
[04:29:35] [Render thread/DEBUG] (FabricLoader/Mixin) Mixing accessor.ClientLoginNetworkHandlerAccessor from fabric-networking-api-v1.client.mixins.json into net.minecraft.client.multiplayer.ClientHandshakePacketListenerImpl
[04:29:35] [Render thread/DEBUG] (FabricLoader/Mixin) Mixing ClientLoginNetworkHandlerMixin from fabric-networking-api-v1.client.mixins.json into net.minecraft.client.multiplayer.ClientHandshakePacketListenerImpl
[04:29:35] [Render thread/DEBUG] (FabricLoader/Mixin) fabric-networking-api-v1.client.mixins.json:ClientLoginNetworkHandlerMixin from mod fabric-networking-api-v1->@Inject::initAddon(Lorg/spongepowered/asm/mixin/injection/callback/CallbackInfo;)V doesn't use it's CallbackInfo
[04:29:35] [Render thread/DEBUG] (FabricLoader/Mixin) fabric-networking-api-v1.client.mixins.json:ClientLoginNetworkHandlerMixin from mod fabric-networking-api-v1->@Inject::initAddon(Lorg/spongepowered/asm/mixin/injection/callback/CallbackInfo;)V has 0 override(s) in child classes
[04:29:35] [Render thread/DEBUG] (FabricLoader/Mixin) fabric-networking-api-v1.client.mixins.json:ClientLoginNetworkHandlerMixin from mod fabric-networking-api-v1->@Inject::initAddon(Lorg/spongepowered/asm/mixin/injection/callback/CallbackInfo;)V won't be passed a CallbackInfo as a result
[04:29:35] [Render thread/DEBUG] (FabricLoader/Mixin) fabric-networking-api-v1.client.mixins.json:ClientLoginNetworkHandlerMixin from mod fabric-networking-api-v1->@Inject::handleQueryRequest(Lnet/minecraft/network/protocol/login/ClientboundCustomQueryPacket;Lorg/spongepowered/asm/mixin/injection/callback/CallbackInfo;)V does use it's CallbackInfo
[04:29:35] [Render thread/DEBUG] (FabricLoader/Mixin) fabric-networking-api-v1.client.mixins.json:ClientLoginNetworkHandlerMixin from mod fabric-networking-api-v1->@Inject::handleConfigurationReady(Lorg/spongepowered/asm/mixin/injection/callback/CallbackInfo;)V doesn't use it's CallbackInfo
[04:29:35] [Render thread/DEBUG] (FabricLoader/Mixin) fabric-networking-api-v1.client.mixins.json:ClientLoginNetworkHandlerMixin from mod fabric-networking-api-v1->@Inject::handleConfigurationReady(Lorg/spongepowered/asm/mixin/injection/callback/CallbackInfo;)V has 0 override(s) in child classes
[04:29:35] [Render thread/DEBUG] (FabricLoader/Mixin) fabric-networking-api-v1.client.mixins.json:ClientLoginNetworkHandlerMixin from mod fabric-networking-api-v1->@Inject::handleConfigurationReady(Lorg/spongepowered/asm/mixin/injection/callback/CallbackInfo;)V won't be passed a CallbackInfo as a result
[04:29:35] [Render thread/DEBUG] (FabricLoader/Mixin) Mixing GameOptionsMixin from fabric-key-binding-api-v1.mixins.json into net.minecraft.client.Options
[04:29:35] [Render thread/DEBUG] (FabricLoader/Mixin) Mixing GameOptionsMixin from fabric-resource-loader-v0.client.mixins.json into net.minecraft.client.Options
[04:29:35] [Render thread/DEBUG] (FabricLoader/Mixin) fabric-key-binding-api-v1.mixins.json:GameOptionsMixin from mod fabric-key-binding-api-v1->@Inject::loadHook(Lorg/spongepowered/asm/mixin/injection/callback/CallbackInfo;)V doesn't use it's CallbackInfo
[04:29:35] [Render thread/DEBUG] (FabricLoader/Mixin) fabric-key-binding-api-v1.mixins.json:GameOptionsMixin from mod fabric-key-binding-api-v1->@Inject::loadHook(Lorg/spongepowered/asm/mixin/injection/callback/CallbackInfo;)V has 0 override(s) in child classes
[04:29:35] [Render thread/DEBUG] (FabricLoader/Mixin) fabric-key-binding-api-v1.mixins.json:GameOptionsMixin from mod fabric-key-binding-api-v1->@Inject::loadHook(Lorg/spongepowered/asm/mixin/injection/callback/CallbackInfo;)V won't be passed a CallbackInfo as a result
[04:29:35] [Render thread/DEBUG] (FabricLoader/Mixin) fabric-resource-loader-v0.client.mixins.json:GameOptionsMixin from mod fabric-resource-loader-v0->@Inject::onLoad(Lorg/spongepowered/asm/mixin/injection/callback/CallbackInfo;)V doesn't use it's CallbackInfo
[04:29:35] [Render thread/DEBUG] (FabricLoader/Mixin) fabric-resource-loader-v0.client.mixins.json:GameOptionsMixin from mod fabric-resource-loader-v0->@Inject::onLoad(Lorg/spongepowered/asm/mixin/injection/callback/CallbackInfo;)V has 0 override(s) in child classes
[04:29:35] [Render thread/DEBUG] (FabricLoader/Mixin) fabric-resource-loader-v0.client.mixins.json:GameOptionsMixin from mod fabric-resource-loader-v0->@Inject::onLoad(Lorg/spongepowered/asm/mixin/injection/callback/CallbackInfo;)V won't be passed a CallbackInfo as a result
[04:29:35] [Render thread/DEBUG] (FabricLoader/Mixin) fabric-resource-loader-v0.client.mixins.json:GameOptionsMixin from mod fabric-resource-loader-v0->@Inject::onLoad(Lorg/spongepowered/asm/mixin/injection/callback/CallbackInfo;)V doesn't use it's CallbackInfo
[04:29:35] [Render thread/DEBUG] (FabricLoader/Mixin) fabric-resource-loader-v0.client.mixins.json:GameOptionsMixin from mod fabric-resource-loader-v0->@Inject::onLoad(Lorg/spongepowered/asm/mixin/injection/callback/CallbackInfo;)V has 0 override(s) in child classes
[04:29:35] [Render thread/DEBUG] (FabricLoader/Mixin) fabric-resource-loader-v0.client.mixins.json:GameOptionsMixin from mod fabric-resource-loader-v0->@Inject::onLoad(Lorg/spongepowered/asm/mixin/injection/callback/CallbackInfo;)V won't be passed a CallbackInfo as a result
[04:29:35] [Render thread/DEBUG] (FabricLoader/Mixin) Mixing client.AbstractSliderButtonMixin from depression.mixins.json into net.minecraft.client.gui.components.AbstractSliderButton
[04:29:35] [Render thread/DEBUG] (FabricLoader/Mixin) Mixing ResourcePackProfileMixin from fabric-resource-loader-v0.mixins.json into net.minecraft.server.packs.repository.Pack
[04:29:35] [Render thread/DEBUG] (FabricLoader/Mixin) Renaming synthetic method lambda$static$0(Ljava/util/Set;)Z to md2e53f5$fabric-resource-loader-v0$lambda$static$0$0 in fabric-resource-loader-v0.mixins.json:ResourcePackProfileMixin from mod fabric-resource-loader-v0
[04:29:35] [Render thread/DEBUG] (FabricLoader/Mixin) fabric-resource-loader-v0.mixins.json:ResourcePackProfileMixin from mod fabric-resource-loader-v0->@Inject::onCreateResourcePack(Lorg/spongepowered/asm/mixin/injection/callback/CallbackInfoReturnable;)V does use it's CallbackInfoReturnable
[04:29:35] [Render thread/INFO] (net.minecraft.client.Minecraft) Backend library: LWJGL version 3.3.2-snapshot
[04:29:35] [Render thread/DEBUG] (FabricLoader/Mixin) Mixing MouseMixin from fabric-screen-api-v1.mixins.json into net.minecraft.client.MouseHandler
[04:29:35] [Render thread/DEBUG] (FabricLoader/Mixin) Mixing client.MixinMouseHandler from architectury.mixins.json into net.minecraft.client.MouseHandler
[04:29:35] [Render thread/DEBUG] (FabricLoader/Mixin) architectury.mixins.json:client.MixinMouseHandler from mod architectury: Class version 61 required is higher than the class version supported by the current version of Mixin (JAVA_16 supports class version 60)
[04:29:35] [Render thread/DEBUG] (FabricLoader/Mixin) fabric-screen-api-v1.mixins.json:MouseMixin from mod fabric-screen-api-v1->@Inject::beforeMouseClickedEvent([ZLnet/minecraft/client/gui/screens/Screen;DDILorg/spongepowered/asm/mixin/injection/callback/CallbackInfo;)V does use it's CallbackInfo
[04:29:35] [Render thread/DEBUG] (FabricLoader/Mixin) fabric-screen-api-v1.mixins.json:MouseMixin from mod fabric-screen-api-v1->@Inject::afterMouseClickedEvent([ZLnet/minecraft/client/gui/screens/Screen;DDILorg/spongepowered/asm/mixin/injection/callback/CallbackInfo;)V doesn't use it's CallbackInfo
[04:29:35] [Render thread/DEBUG] (FabricLoader/Mixin) fabric-screen-api-v1.mixins.json:MouseMixin from mod fabric-screen-api-v1->@Inject::beforeMouseReleasedEvent([ZLnet/minecraft/client/gui/screens/Screen;DDILorg/spongepowered/asm/mixin/injection/callback/CallbackInfo;)V does use it's CallbackInfo
[04:29:35] [Render thread/DEBUG] (FabricLoader/Mixin) fabric-screen-api-v1.mixins.json:MouseMixin from mod fabric-screen-api-v1->@Inject::afterMouseReleasedEvent([ZLnet/minecraft/client/gui/screens/Screen;DDILorg/spongepowered/asm/mixin/injection/callback/CallbackInfo;)V doesn't use it's CallbackInfo
[04:29:35] [Render thread/DEBUG] (FabricLoader/Mixin) fabric-screen-api-v1.mixins.json:MouseMixin from mod fabric-screen-api-v1->@Inject::beforeMouseScrollEvent(JDDLorg/spongepowered/asm/mixin/injection/callback/CallbackInfo;ZDDDDD)V does use it's CallbackInfo
[04:29:35] [Render thread/DEBUG] (FabricLoader/Mixin) fabric-screen-api-v1.mixins.json:MouseMixin from mod fabric-screen-api-v1->@Inject::afterMouseScrollEvent(JDDLorg/spongepowered/asm/mixin/injection/callback/CallbackInfo;ZDDDDD)V doesn't use it's CallbackInfo
[04:29:35] [Render thread/DEBUG] (FabricLoader/Mixin) fabric-screen-api-v1.mixins.json:MouseMixin from mod fabric-screen-api-v1->@Inject::afterMouseScrollEvent(JDDLorg/spongepowered/asm/mixin/injection/callback/CallbackInfo;ZDDDDD)V has 0 override(s) in child classes
[04:29:35] [Render thread/DEBUG] (FabricLoader/Mixin) fabric-screen-api-v1.mixins.json:MouseMixin from mod fabric-screen-api-v1->@Inject::afterMouseScrollEvent(JDDLorg/spongepowered/asm/mixin/injection/callback/CallbackInfo;ZDDDDD)V won't be passed a CallbackInfo as a result
[04:29:35] [Render thread/DEBUG] (FabricLoader/Mixin) architectury.mixins.json:client.MixinMouseHandler from mod architectury->@Inject::onMouseScrolled(JDDLorg/spongepowered/asm/mixin/injection/callback/CallbackInfo;ZDDDDD)V does use it's CallbackInfo
[04:29:35] [Render thread/DEBUG] (FabricLoader/Mixin) architectury.mixins.json:client.MixinMouseHandler from mod architectury->@Inject::onMouseScrolledPost(JDDLorg/spongepowered/asm/mixin/injection/callback/CallbackInfo;ZDDDDD)V does use it's CallbackInfo
[04:29:35] [Render thread/DEBUG] (FabricLoader/Mixin) architectury.mixins.json:client.MixinMouseHandler from mod architectury->@Inject::onRawMouseScrolled(JDDLorg/spongepowered/asm/mixin/injection/callback/CallbackInfo;ZDDD)V does use it's CallbackInfo
[04:29:35] [Render thread/DEBUG] (FabricLoader/Mixin) architectury.mixins.json:client.MixinMouseHandler from mod architectury->@Inject::onGuiMouseClicked([ZLnet/minecraft/client/gui/screens/Screen;DDILorg/spongepowered/asm/mixin/injection/callback/CallbackInfo;)V does use it's CallbackInfo
[04:29:35] [Render thread/DEBUG] (FabricLoader/Mixin) architectury.mixins.json:client.MixinMouseHandler from mod architectury->@Inject::onGuiMouseClickedPost([ZLnet/minecraft/client/gui/screens/Screen;DDILorg/spongepowered/asm/mixin/injection/callback/CallbackInfo;)V does use it's CallbackInfo
[04:29:35] [Render thread/DEBUG] (FabricLoader/Mixin) architectury.mixins.json:client.MixinMouseHandler from mod architectury->@Inject::onRawMouseClicked(JIIILorg/spongepowered/asm/mixin/injection/callback/CallbackInfo;)V does use it's CallbackInfo
[04:29:35] [Render thread/DEBUG] (FabricLoader/Mixin) architectury.mixins.json:client.MixinMouseHandler from mod architectury->@Inject::onRawMouseClickedPost(JIIILorg/spongepowered/asm/mixin/injection/callback/CallbackInfo;)V does use it's CallbackInfo
[04:29:35] [Render thread/DEBUG] (FabricLoader/Mixin) architectury.mixins.json:client.MixinMouseHandler from mod architectury->@Inject::onRawMouseClickedPost(JIIILorg/spongepowered/asm/mixin/injection/callback/CallbackInfo;)V does use it's CallbackInfo
[04:29:35] [Render thread/DEBUG] (FabricLoader/Mixin) architectury.mixins.json:client.MixinMouseHandler from mod architectury->@Inject::onRawMouseClickedPost(JIIILorg/spongepowered/asm/mixin/injection/callback/CallbackInfo;)V does use it's CallbackInfo
[04:29:35] [Render thread/DEBUG] (FabricLoader/Mixin) architectury.mixins.json:client.MixinMouseHandler from mod architectury->@Inject::onRawMouseClickedPost(JIIILorg/spongepowered/asm/mixin/injection/callback/CallbackInfo;)V does use it's CallbackInfo
[04:29:35] [Render thread/DEBUG] (FabricLoader/Mixin) architectury.mixins.json:client.MixinMouseHandler from mod architectury->@Inject::onGuiMouseReleased([ZLnet/minecraft/client/gui/screens/Screen;DDILorg/spongepowered/asm/mixin/injection/callback/CallbackInfo;)V does use it's CallbackInfo
[04:29:35] [Render thread/DEBUG] (FabricLoader/Mixin) architectury.mixins.json:client.MixinMouseHandler from mod architectury->@Inject::onGuiMouseReleasedPost([ZLnet/minecraft/client/gui/screens/Screen;DDILorg/spongepowered/asm/mixin/injection/callback/CallbackInfo;)V does use it's CallbackInfo
[04:29:35] [Render thread/DEBUG] (FabricLoader/Mixin) architectury.mixins.json:client.MixinMouseHandler from mod architectury->@Inject::onGuiMouseDraggedPre(Lnet/minecraft/client/gui/screens/Screen;DDDDLorg/spongepowered/asm/mixin/injection/callback/CallbackInfo;)V does use it's CallbackInfo
[04:29:35] [Render thread/DEBUG] (FabricLoader/Mixin) Mixing KeyboardMixin from fabric-screen-api-v1.mixins.json into net.minecraft.client.KeyboardHandler
[04:29:35] [Render thread/DEBUG] (FabricLoader/Mixin) Mixing client.MixinKeyboardHandler from architectury.mixins.json into net.minecraft.client.KeyboardHandler
[04:29:35] [Render thread/DEBUG] (FabricLoader/Mixin) architectury.mixins.json:client.MixinKeyboardHandler from mod architectury: Class version 61 required is higher than the class version supported by the current version of Mixin (JAVA_16 supports class version 60)
[04:29:35] [Render thread/DEBUG] (FabricLoader/Mixin) Mixing client.KeyboardHandlerMixin from depression.mixins.json into net.minecraft.client.KeyboardHandler
[04:29:35] [Render thread/DEBUG] (FabricLoader/Mixin) fabric-screen-api-v1.mixins.json:KeyboardMixin from mod fabric-screen-api-v1->@Inject::beforeKeyPressedEvent(ILnet/minecraft/client/gui/screens/Screen;[ZIIILorg/spongepowered/asm/mixin/injection/callback/CallbackInfo;)V does use it's CallbackInfo
[04:29:35] [Render thread/DEBUG] (FabricLoader/Mixin) fabric-screen-api-v1.mixins.json:KeyboardMixin from mod fabric-screen-api-v1->@Inject::afterKeyPressedEvent(ILnet/minecraft/client/gui/screens/Screen;[ZIIILorg/spongepowered/asm/mixin/injection/callback/CallbackInfo;)V doesn't use it's CallbackInfo
[04:29:35] [Render thread/DEBUG] (FabricLoader/Mixin) fabric-screen-api-v1.mixins.json:KeyboardMixin from mod fabric-screen-api-v1->@Inject::beforeKeyReleasedEvent(ILnet/minecraft/client/gui/screens/Screen;[ZIIILorg/spongepowered/asm/mixin/injection/callback/CallbackInfo;)V does use it's CallbackInfo
[04:29:35] [Render thread/DEBUG] (FabricLoader/Mixin) fabric-screen-api-v1.mixins.json:KeyboardMixin from mod fabric-screen-api-v1->@Inject::afterKeyReleasedEvent(ILnet/minecraft/client/gui/screens/Screen;[ZIIILorg/spongepowered/asm/mixin/injection/callback/CallbackInfo;)V doesn't use it's CallbackInfo
[04:29:35] [Render thread/DEBUG] (FabricLoader/Mixin) architectury.mixins.json:client.MixinKeyboardHandler from mod architectury->@Inject::onKey(JIIIILorg/spongepowered/asm/mixin/injection/callback/CallbackInfo;)V does use it's CallbackInfo
[04:29:35] [Render thread/DEBUG] (FabricLoader/Mixin) architectury.mixins.json:client.MixinKeyboardHandler from mod architectury->@Inject::onKeyAfter(JIIIILorg/spongepowered/asm/mixin/injection/callback/CallbackInfo;ZLnet/minecraft/client/gui/screens/Screen;[Z)V does use it's CallbackInfo
[04:29:35] [Render thread/DEBUG] (FabricLoader/Mixin) architectury.mixins.json:client.MixinKeyboardHandler from mod architectury->@Inject::onRawKey(JIIIILorg/spongepowered/asm/mixin/injection/callback/CallbackInfo;)V does use it's CallbackInfo
[04:29:35] [Render thread/DEBUG] (FabricLoader/Mixin) architectury.mixins.json:client.MixinKeyboardHandler from mod architectury->@Inject::onRawKey(JIIIILorg/spongepowered/asm/mixin/injection/callback/CallbackInfo;)V does use it's CallbackInfo
[04:29:35] [Render thread/DEBUG] (FabricLoader/Mixin) architectury.mixins.json:client.MixinKeyboardHandler from mod architectury->@Inject::onRawKey(JIIIILorg/spongepowered/asm/mixin/injection/callback/CallbackInfo;)V does use it's CallbackInfo
[04:29:35] [Render thread/DEBUG] (FabricLoader/Mixin) architectury.mixins.json:client.MixinKeyboardHandler from mod architectury->@Inject::onRawKey(JIIIILorg/spongepowered/asm/mixin/injection/callback/CallbackInfo;)V does use it's CallbackInfo
[04:29:35] [Render thread/DEBUG] (FabricLoader/Mixin) architectury.mixins.json:client.MixinKeyboardHandler from mod architectury->@Inject::onRawKey(JIIIILorg/spongepowered/asm/mixin/injection/callback/CallbackInfo;)V does use it's CallbackInfo
[04:29:35] [Render thread/DEBUG] (FabricLoader/Mixin) architectury.mixins.json:client.MixinKeyboardHandler from mod architectury->@Inject::onRawKey(JIIIILorg/spongepowered/asm/mixin/injection/callback/CallbackInfo;)V does use it's CallbackInfo
[04:29:35] [Render thread/DEBUG] (FabricLoader/Mixin) depression.mixins.json:client.KeyboardHandlerMixin from mod depression->@Inject::onKeyPress(JIIIILorg/spongepowered/asm/mixin/injection/callback/CallbackInfo;)V does use it's CallbackInfo
[04:29:35] [Render thread/DEBUG] (FabricLoader/Mixin) Mixing LifecycledResourceManagerImplMixin from fabric-resource-loader-v0.mixins.json into net.minecraft.server.packs.resources.MultiPackResourceManager
[04:29:35] [Render thread/DEBUG] (FabricLoader/Mixin) fabric-resource-loader-v0.mixins.json:LifecycledResourceManagerImplMixin from mod fabric-resource-loader-v0->@Inject::init(Lnet/minecraft/server/packs/PackType;Ljava/util/List;Lorg/spongepowered/asm/mixin/injection/callback/CallbackInfo;)V doesn't use it's CallbackInfo
[04:29:35] [Render thread/DEBUG] (FabricLoader/Mixin) fabric-resource-loader-v0.mixins.json:LifecycledResourceManagerImplMixin from mod fabric-resource-loader-v0->@Inject::init(Lnet/minecraft/server/packs/PackType;Ljava/util/List;Lorg/spongepowered/asm/mixin/injection/callback/CallbackInfo;)V has 0 override(s) in child classes
[04:29:35] [Render thread/DEBUG] (FabricLoader/Mixin) fabric-resource-loader-v0.mixins.json:LifecycledResourceManagerImplMixin from mod fabric-resource-loader-v0->@Inject::init(Lnet/minecraft/server/packs/PackType;Ljava/util/List;Lorg/spongepowered/asm/mixin/injection/callback/CallbackInfo;)V won't be passed a CallbackInfo as a result
[04:29:35] [Render thread/DEBUG] (net.fabricmc.fabric.impl.resource.loader.ModResourcePackUtil) [Fabric] Starting internal pack sorting with: [vanilla, depression, fabric, fabric-api, fabric-api-base, fabric-api-lookup-api-v1, fabric-biome-api-v1, fabric-block-api-v1, fabric-block-view-api-v2, fabric-blockrenderlayer-v1, fabric-client-tags-api-v1, fabric-command-api-v1, fabric-command-api-v2, fabric-commands-v0, fabric-containers-v0, fabric-content-registries-v0, fabric-convention-tags-v1, fabric-crash-report-info-v1, fabric-data-attachment-api-v1, fabric-data-generation-api-v1, fabric-dimensions-v1, fabric-entity-events-v1, fabric-events-interaction-v0, fabric-events-lifecycle-v0, fabric-game-rule-api-v1, fabric-gametest-api-v1, fabric-item-api-v1, fabric-item-group-api-v1, fabric-key-binding-api-v1, fabric-keybindings-v0, fabric-lifecycle-events-v1, fabric-loot-api-v2, fabric-message-api-v1, fabric-mining-level-api-v1, fabric-model-loading-api-v1, fabric-models-v0, fabric-networking-api-v1, fabric-object-builder-api-v1, fabric-particles-v1, fabric-recipe-api-v1, fabric-registry-sync-v0, fabric-renderer-api-v1, fabric-renderer-indigo, fabric-renderer-registries-v1, fabric-rendering-data-attachment-v1, fabric-rendering-fluids-v1, fabric-rendering-v0, fabric-rendering-v1, fabric-resource-conditions-api-v1, fabric-resource-loader-v0, fabric-screen-api-v1, fabric-screen-handler-api-v1, fabric-sound-api-v1, fabric-transfer-api-v1, fabric-transitive-access-wideners-v1, fabricloader, generated_293b3eb]
[04:29:35] [Render thread/DEBUG] (net.fabricmc.fabric.impl.resource.loader.ModResourcePackUtil) [Fabric] Removed all internal packs, result: [vanilla, fabric]
[04:29:35] [Render thread/DEBUG] (net.fabricmc.fabric.impl.resource.loader.ModResourcePackUtil) [Fabric] cur @ fabric, auto-enabled depression, currently enabled: [vanilla, fabric, depression]
[04:29:35] [Render thread/DEBUG] (net.fabricmc.fabric.impl.resource.loader.ModResourcePackUtil) [Fabric] cur @ fabric, auto-enabled fabric-api, currently enabled: [vanilla, fabric, depression, fabric-api]
[04:29:35] [Render thread/DEBUG] (net.fabricmc.fabric.impl.resource.loader.ModResourcePackUtil) [Fabric] cur @ fabric, auto-enabled fabric-api-base, currently enabled: [vanilla, fabric, depression, fabric-api, fabric-api-base]
[04:29:35] [Render thread/DEBUG] (net.fabricmc.fabric.impl.resource.loader.ModResourcePackUtil) [Fabric] cur @ fabric, auto-enabled fabric-api-lookup-api-v1, currently enabled: [vanilla, fabric, depression, fabric-api, fabric-api-base, fabric-api-lookup-api-v1]
[04:29:35] [Render thread/DEBUG] (net.fabricmc.fabric.impl.resource.loader.ModResourcePackUtil) [Fabric] cur @ fabric, auto-enabled fabric-biome-api-v1, currently enabled: [vanilla, fabric, depression, fabric-api, fabric-api-base, fabric-api-lookup-api-v1, fabric-biome-api-v1]
[04:29:35] [Render thread/DEBUG] (net.fabricmc.fabric.impl.resource.loader.ModResourcePackUtil) [Fabric] cur @ fabric, auto-enabled fabric-block-api-v1, currently enabled: [vanilla, fabric, depression, fabric-api, fabric-api-base, fabric-api-lookup-api-v1, fabric-biome-api-v1, fabric-block-api-v1]
[04:29:35] [Render thread/DEBUG] (net.fabricmc.fabric.impl.resource.loader.ModResourcePackUtil) [Fabric] cur @ fabric, auto-enabled fabric-block-view-api-v2, currently enabled: [vanilla, fabric, depression, fabric-api, fabric-api-base, fabric-api-lookup-api-v1, fabric-biome-api-v1, fabric-block-api-v1, fabric-block-view-api-v2]
[04:29:35] [Render thread/DEBUG] (net.fabricmc.fabric.impl.resource.loader.ModResourcePackUtil) [Fabric] cur @ fabric, auto-enabled fabric-blockrenderlayer-v1, currently enabled: [vanilla, fabric, depression, fabric-api, fabric-api-base, fabric-api-lookup-api-v1, fabric-biome-api-v1, fabric-block-api-v1, fabric-block-view-api-v2, fabric-blockrenderlayer-v1]
[04:29:35] [Render thread/DEBUG] (net.fabricmc.fabric.impl.resource.loader.ModResourcePackUtil) [Fabric] cur @ fabric, auto-enabled fabric-client-tags-api-v1, currently enabled: [vanilla, fabric, depression, fabric-api, fabric-api-base, fabric-api-lookup-api-v1, fabric-biome-api-v1, fabric-block-api-v1, fabric-block-view-api-v2, fabric-blockrenderlayer-v1, fabric-client-tags-api-v1]
[04:29:35] [Render thread/DEBUG] (net.fabricmc.fabric.impl.resource.loader.ModResourcePackUtil) [Fabric] cur @ fabric, auto-enabled fabric-command-api-v1, currently enabled: [vanilla, fabric, depression, fabric-api, fabric-api-base, fabric-api-lookup-api-v1, fabric-biome-api-v1, fabric-block-api-v1, fabric-block-view-api-v2, fabric-blockrenderlayer-v1, fabric-client-tags-api-v1, fabric-command-api-v1]
[04:29:35] [Render thread/DEBUG] (net.fabricmc.fabric.impl.resource.loader.ModResourcePackUtil) [Fabric] cur @ fabric, auto-enabled fabric-command-api-v2, currently enabled: [vanilla, fabric, depression, fabric-api, fabric-api-base, fabric-api-lookup-api-v1, fabric-biome-api-v1, fabric-block-api-v1, fabric-block-view-api-v2, fabric-blockrenderlayer-v1, fabric-client-tags-api-v1, fabric-command-api-v1, fabric-command-api-v2]
[04:29:35] [Render thread/DEBUG] (net.fabricmc.fabric.impl.resource.loader.ModResourcePackUtil) [Fabric] cur @ fabric, auto-enabled fabric-commands-v0, currently enabled: [vanilla, fabric, depression, fabric-api, fabric-api-base, fabric-api-lookup-api-v1, fabric-biome-api-v1, fabric-block-api-v1, fabric-block-view-api-v2, fabric-blockrenderlayer-v1, fabric-client-tags-api-v1, fabric-command-api-v1, fabric-command-api-v2, fabric-commands-v0]
[04:29:35] [Render thread/DEBUG] (net.fabricmc.fabric.impl.resource.loader.ModResourcePackUtil) [Fabric] cur @ fabric, auto-enabled fabric-containers-v0, currently enabled: [vanilla, fabric, depression, fabric-api, fabric-api-base, fabric-api-lookup-api-v1, fabric-biome-api-v1, fabric-block-api-v1, fabric-block-view-api-v2, fabric-blockrenderlayer-v1, fabric-client-tags-api-v1, fabric-command-api-v1, fabric-command-api-v2, fabric-commands-v0, fabric-containers-v0]
[04:29:35] [Render thread/DEBUG] (net.fabricmc.fabric.impl.resource.loader.ModResourcePackUtil) [Fabric] cur @ fabric, auto-enabled fabric-content-registries-v0, currently enabled: [vanilla, fabric, depression, fabric-api, fabric-api-base, fabric-api-lookup-api-v1, fabric-biome-api-v1, fabric-block-api-v1, fabric-block-view-api-v2, fabric-blockrenderlayer-v1, fabric-client-tags-api-v1, fabric-command-api-v1, fabric-command-api-v2, fabric-commands-v0, fabric-containers-v0, fabric-content-registries-v0]
[04:29:35] [Render thread/DEBUG] (net.fabricmc.fabric.impl.resource.loader.ModResourcePackUtil) [Fabric] cur @ fabric, auto-enabled fabric-convention-tags-v1, currently enabled: [vanilla, fabric, depression, fabric-api, fabric-api-base, fabric-api-lookup-api-v1, fabric-biome-api-v1, fabric-block-api-v1, fabric-block-view-api-v2, fabric-blockrenderlayer-v1, fabric-client-tags-api-v1, fabric-command-api-v1, fabric-command-api-v2, fabric-commands-v0, fabric-containers-v0, fabric-content-registries-v0, fabric-convention-tags-v1]
[04:29:35] [Render thread/DEBUG] (net.fabricmc.fabric.impl.resource.loader.ModResourcePackUtil) [Fabric] cur @ fabric, auto-enabled fabric-crash-report-info-v1, currently enabled: [vanilla, fabric, depression, fabric-api, fabric-api-base, fabric-api-lookup-api-v1, fabric-biome-api-v1, fabric-block-api-v1, fabric-block-view-api-v2, fabric-blockrenderlayer-v1, fabric-client-tags-api-v1, fabric-command-api-v1, fabric-command-api-v2, fabric-commands-v0, fabric-containers-v0, fabric-content-registries-v0, fabric-convention-tags-v1, fabric-crash-report-info-v1]
[04:29:35] [Render thread/DEBUG] (net.fabricmc.fabric.impl.resource.loader.ModResourcePackUtil) [Fabric] cur @ fabric, auto-enabled fabric-data-attachment-api-v1, currently enabled: [vanilla, fabric, depression, fabric-api, fabric-api-base, fabric-api-lookup-api-v1, fabric-biome-api-v1, fabric-block-api-v1, fabric-block-view-api-v2, fabric-blockrenderlayer-v1, fabric-client-tags-api-v1, fabric-command-api-v1, fabric-command-api-v2, fabric-commands-v0, fabric-containers-v0, fabric-content-registries-v0, fabric-convention-tags-v1, fabric-crash-report-info-v1, fabric-data-attachment-api-v1]
[04:29:35] [Render thread/DEBUG] (net.fabricmc.fabric.impl.resource.loader.ModResourcePackUtil) [Fabric] cur @ fabric, auto-enabled fabric-data-generation-api-v1, currently enabled: [vanilla, fabric, depression, fabric-api, fabric-api-base, fabric-api-lookup-api-v1, fabric-biome-api-v1, fabric-block-api-v1, fabric-block-view-api-v2, fabric-blockrenderlayer-v1, fabric-client-tags-api-v1, fabric-command-api-v1, fabric-command-api-v2, fabric-commands-v0, fabric-containers-v0, fabric-content-registries-v0, fabric-convention-tags-v1, fabric-crash-report-info-v1, fabric-data-attachment-api-v1, fabric-data-generation-api-v1]
[04:29:35] [Render thread/DEBUG] (net.fabricmc.fabric.impl.resource.loader.ModResourcePackUtil) [Fabric] cur @ fabric, auto-enabled fabric-dimensions-v1, currently enabled: [vanilla, fabric, depression, fabric-api, fabric-api-base, fabric-api-lookup-api-v1, fabric-biome-api-v1, fabric-block-api-v1, fabric-block-view-api-v2, fabric-blockrenderlayer-v1, fabric-client-tags-api-v1, fabric-command-api-v1, fabric-command-api-v2, fabric-commands-v0, fabric-containers-v0, fabric-content-registries-v0, fabric-convention-tags-v1, fabric-crash-report-info-v1, fabric-data-attachment-api-v1, fabric-data-generation-api-v1, fabric-dimensions-v1]
[04:29:35] [Render thread/DEBUG] (net.fabricmc.fabric.impl.resource.loader.ModResourcePackUtil) [Fabric] cur @ fabric, auto-enabled fabric-entity-events-v1, currently enabled: [vanilla, fabric, depression, fabric-api, fabric-api-base, fabric-api-lookup-api-v1, fabric-biome-api-v1, fabric-block-api-v1, fabric-block-view-api-v2, fabric-blockrenderlayer-v1, fabric-client-tags-api-v1, fabric-command-api-v1, fabric-command-api-v2, fabric-commands-v0, fabric-containers-v0, fabric-content-registries-v0, fabric-convention-tags-v1, fabric-crash-report-info-v1, fabric-data-attachment-api-v1, fabric-data-generation-api-v1, fabric-dimensions-v1, fabric-entity-events-v1]
[04:29:35] [Render thread/DEBUG] (net.fabricmc.fabric.impl.resource.loader.ModResourcePackUtil) [Fabric] cur @ fabric, auto-enabled fabric-events-interaction-v0, currently enabled: [vanilla, fabric, depression, fabric-api, fabric-api-base, fabric-api-lookup-api-v1, fabric-biome-api-v1, fabric-block-api-v1, fabric-block-view-api-v2, fabric-blockrenderlayer-v1, fabric-client-tags-api-v1, fabric-command-api-v1, fabric-command-api-v2, fabric-commands-v0, fabric-containers-v0, fabric-content-registries-v0, fabric-convention-tags-v1, fabric-crash-report-info-v1, fabric-data-attachment-api-v1, fabric-data-generation-api-v1, fabric-dimensions-v1, fabric-entity-events-v1, fabric-events-interaction-v0]
[04:29:35] [Render thread/DEBUG] (net.fabricmc.fabric.impl.resource.loader.ModResourcePackUtil) [Fabric] cur @ fabric, auto-enabled fabric-events-lifecycle-v0, currently enabled: [vanilla, fabric, depression, fabric-api, fabric-api-base, fabric-api-lookup-api-v1, fabric-biome-api-v1, fabric-block-api-v1, fabric-block-view-api-v2, fabric-blockrenderlayer-v1, fabric-client-tags-api-v1, fabric-command-api-v1, fabric-command-api-v2, fabric-commands-v0, fabric-containers-v0, fabric-content-registries-v0, fabric-convention-tags-v1, fabric-crash-report-info-v1, fabric-data-attachment-api-v1, fabric-data-generation-api-v1, fabric-dimensions-v1, fabric-entity-events-v1, fabric-events-interaction-v0, fabric-events-lifecycle-v0]
[04:29:35] [Render thread/DEBUG] (net.fabricmc.fabric.impl.resource.loader.ModResourcePackUtil) [Fabric] cur @ fabric, auto-enabled fabric-game-rule-api-v1, currently enabled: [vanilla, fabric, depression, fabric-api, fabric-api-base, fabric-api-lookup-api-v1, fabric-biome-api-v1, fabric-block-api-v1, fabric-block-view-api-v2, fabric-blockrenderlayer-v1, fabric-client-tags-api-v1, fabric-command-api-v1, fabric-command-api-v2, fabric-commands-v0, fabric-containers-v0, fabric-content-registries-v0, fabric-convention-tags-v1, fabric-crash-report-info-v1, fabric-data-attachment-api-v1, fabric-data-generation-api-v1, fabric-dimensions-v1, fabric-entity-events-v1, fabric-events-interaction-v0, fabric-events-lifecycle-v0, fabric-game-rule-api-v1]
[04:29:35] [Render thread/DEBUG] (net.fabricmc.fabric.impl.resource.loader.ModResourcePackUtil) [Fabric] cur @ fabric, auto-enabled fabric-gametest-api-v1, currently enabled: [vanilla, fabric, depression, fabric-api, fabric-api-base, fabric-api-lookup-api-v1, fabric-biome-api-v1, fabric-block-api-v1, fabric-block-view-api-v2, fabric-blockrenderlayer-v1, fabric-client-tags-api-v1, fabric-command-api-v1, fabric-command-api-v2, fabric-commands-v0, fabric-containers-v0, fabric-content-registries-v0, fabric-convention-tags-v1, fabric-crash-report-info-v1, fabric-data-attachment-api-v1, fabric-data-generation-api-v1, fabric-dimensions-v1, fabric-entity-events-v1, fabric-events-interaction-v0, fabric-events-lifecycle-v0, fabric-game-rule-api-v1, fabric-gametest-api-v1]
[04:29:35] [Render thread/DEBUG] (net.fabricmc.fabric.impl.resource.loader.ModResourcePackUtil) [Fabric] cur @ fabric, auto-enabled fabric-item-api-v1, currently enabled: [vanilla, fabric, depression, fabric-api, fabric-api-base, fabric-api-lookup-api-v1, fabric-biome-api-v1, fabric-block-api-v1, fabric-block-view-api-v2, fabric-blockrenderlayer-v1, fabric-client-tags-api-v1, fabric-command-api-v1, fabric-command-api-v2, fabric-commands-v0, fabric-containers-v0, fabric-content-registries-v0, fabric-convention-tags-v1, fabric-crash-report-info-v1, fabric-data-attachment-api-v1, fabric-data-generation-api-v1, fabric-dimensions-v1, fabric-entity-events-v1, fabric-events-interaction-v0, fabric-events-lifecycle-v0, fabric-game-rule-api-v1, fabric-gametest-api-v1, fabric-item-api-v1]
[04:29:35] [Render thread/DEBUG] (net.fabricmc.fabric.impl.resource.loader.ModResourcePackUtil) [Fabric] cur @ fabric, auto-enabled fabric-item-group-api-v1, currently enabled: [vanilla, fabric, depression, fabric-api, fabric-api-base, fabric-api-lookup-api-v1, fabric-biome-api-v1, fabric-block-api-v1, fabric-block-view-api-v2, fabric-blockrenderlayer-v1, fabric-client-tags-api-v1, fabric-command-api-v1, fabric-command-api-v2, fabric-commands-v0, fabric-containers-v0, fabric-content-registries-v0, fabric-convention-tags-v1, fabric-crash-report-info-v1, fabric-data-attachment-api-v1, fabric-data-generation-api-v1, fabric-dimensions-v1, fabric-entity-events-v1, fabric-events-interaction-v0, fabric-events-lifecycle-v0, fabric-game-rule-api-v1, fabric-gametest-api-v1, fabric-item-api-v1, fabric-item-group-api-v1]
[04:29:35] [Render thread/DEBUG] (net.fabricmc.fabric.impl.resource.loader.ModResourcePackUtil) [Fabric] cur @ fabric, auto-enabled fabric-key-binding-api-v1, currently enabled: [vanilla, fabric, depression, fabric-api, fabric-api-base, fabric-api-lookup-api-v1, fabric-biome-api-v1, fabric-block-api-v1, fabric-block-view-api-v2, fabric-blockrenderlayer-v1, fabric-client-tags-api-v1, fabric-command-api-v1, fabric-command-api-v2, fabric-commands-v0, fabric-containers-v0, fabric-content-registries-v0, fabric-convention-tags-v1, fabric-crash-report-info-v1, fabric-data-attachment-api-v1, fabric-data-generation-api-v1, fabric-dimensions-v1, fabric-entity-events-v1, fabric-events-interaction-v0, fabric-events-lifecycle-v0, fabric-game-rule-api-v1, fabric-gametest-api-v1, fabric-item-api-v1, fabric-item-group-api-v1, fabric-key-binding-api-v1]
[04:29:35] [Render thread/DEBUG] (net.fabricmc.fabric.impl.resource.loader.ModResourcePackUtil) [Fabric] cur @ fabric, auto-enabled fabric-keybindings-v0, currently enabled: [vanilla, fabric, depression, fabric-api, fabric-api-base, fabric-api-lookup-api-v1, fabric-biome-api-v1, fabric-block-api-v1, fabric-block-view-api-v2, fabric-blockrenderlayer-v1, fabric-client-tags-api-v1, fabric-command-api-v1, fabric-command-api-v2, fabric-commands-v0, fabric-containers-v0, fabric-content-registries-v0, fabric-convention-tags-v1, fabric-crash-report-info-v1, fabric-data-attachment-api-v1, fabric-data-generation-api-v1, fabric-dimensions-v1, fabric-entity-events-v1, fabric-events-interaction-v0, fabric-events-lifecycle-v0, fabric-game-rule-api-v1, fabric-gametest-api-v1, fabric-item-api-v1, fabric-item-group-api-v1, fabric-key-binding-api-v1, fabric-keybindings-v0]
[04:29:35] [Render thread/DEBUG] (net.fabricmc.fabric.impl.resource.loader.ModResourcePackUtil) [Fabric] cur @ fabric, auto-enabled fabric-lifecycle-events-v1, currently enabled: [vanilla, fabric, depression, fabric-api, fabric-api-base, fabric-api-lookup-api-v1, fabric-biome-api-v1, fabric-block-api-v1, fabric-block-view-api-v2, fabric-blockrenderlayer-v1, fabric-client-tags-api-v1, fabric-command-api-v1, fabric-command-api-v2, fabric-commands-v0, fabric-containers-v0, fabric-content-registries-v0, fabric-convention-tags-v1, fabric-crash-report-info-v1, fabric-data-attachment-api-v1, fabric-data-generation-api-v1, fabric-dimensions-v1, fabric-entity-events-v1, fabric-events-interaction-v0, fabric-events-lifecycle-v0, fabric-game-rule-api-v1, fabric-gametest-api-v1, fabric-item-api-v1, fabric-item-group-api-v1, fabric-key-binding-api-v1, fabric-keybindings-v0, fabric-lifecycle-events-v1]
[04:29:35] [Render thread/DEBUG] (net.fabricmc.fabric.impl.resource.loader.ModResourcePackUtil) [Fabric] cur @ fabric, auto-enabled fabric-loot-api-v2, currently enabled: [vanilla, fabric, depression, fabric-api, fabric-api-base, fabric-api-lookup-api-v1, fabric-biome-api-v1, fabric-block-api-v1, fabric-block-view-api-v2, fabric-blockrenderlayer-v1, fabric-client-tags-api-v1, fabric-command-api-v1, fabric-command-api-v2, fabric-commands-v0, fabric-containers-v0, fabric-content-registries-v0, fabric-convention-tags-v1, fabric-crash-report-info-v1, fabric-data-attachment-api-v1, fabric-data-generation-api-v1, fabric-dimensions-v1, fabric-entity-events-v1, fabric-events-interaction-v0, fabric-events-lifecycle-v0, fabric-game-rule-api-v1, fabric-gametest-api-v1, fabric-item-api-v1, fabric-item-group-api-v1, fabric-key-binding-api-v1, fabric-keybindings-v0, fabric-lifecycle-events-v1, fabric-loot-api-v2]
[04:29:35] [Render thread/DEBUG] (net.fabricmc.fabric.impl.resource.loader.ModResourcePackUtil) [Fabric] cur @ fabric, auto-enabled fabric-message-api-v1, currently enabled: [vanilla, fabric, depression, fabric-api, fabric-api-base, fabric-api-lookup-api-v1, fabric-biome-api-v1, fabric-block-api-v1, fabric-block-view-api-v2, fabric-blockrenderlayer-v1, fabric-client-tags-api-v1, fabric-command-api-v1, fabric-command-api-v2, fabric-commands-v0, fabric-containers-v0, fabric-content-registries-v0, fabric-convention-tags-v1, fabric-crash-report-info-v1, fabric-data-attachment-api-v1, fabric-data-generation-api-v1, fabric-dimensions-v1, fabric-entity-events-v1, fabric-events-interaction-v0, fabric-events-lifecycle-v0, fabric-game-rule-api-v1, fabric-gametest-api-v1, fabric-item-api-v1, fabric-item-group-api-v1, fabric-key-binding-api-v1, fabric-keybindings-v0, fabric-lifecycle-events-v1, fabric-loot-api-v2, fabric-message-api-v1]
[04:29:35] [Render thread/DEBUG] (net.fabricmc.fabric.impl.resource.loader.ModResourcePackUtil) [Fabric] cur @ fabric, auto-enabled fabric-mining-level-api-v1, currently enabled: [vanilla, fabric, depression, fabric-api, fabric-api-base, fabric-api-lookup-api-v1, fabric-biome-api-v1, fabric-block-api-v1, fabric-block-view-api-v2, fabric-blockrenderlayer-v1, fabric-client-tags-api-v1, fabric-command-api-v1, fabric-command-api-v2, fabric-commands-v0, fabric-containers-v0, fabric-content-registries-v0, fabric-convention-tags-v1, fabric-crash-report-info-v1, fabric-data-attachment-api-v1, fabric-data-generation-api-v1, fabric-dimensions-v1, fabric-entity-events-v1, fabric-events-interaction-v0, fabric-events-lifecycle-v0, fabric-game-rule-api-v1, fabric-gametest-api-v1, fabric-item-api-v1, fabric-item-group-api-v1, fabric-key-binding-api-v1, fabric-keybindings-v0, fabric-lifecycle-events-v1, fabric-loot-api-v2, fabric-message-api-v1, fabric-mining-level-api-v1]
[04:29:35] [Render thread/DEBUG] (net.fabricmc.fabric.impl.resource.loader.ModResourcePackUtil) [Fabric] cur @ fabric, auto-enabled fabric-model-loading-api-v1, currently enabled: [vanilla, fabric, depression, fabric-api, fabric-api-base, fabric-api-lookup-api-v1, fabric-biome-api-v1, fabric-block-api-v1, fabric-block-view-api-v2, fabric-blockrenderlayer-v1, fabric-client-tags-api-v1, fabric-command-api-v1, fabric-command-api-v2, fabric-commands-v0, fabric-containers-v0, fabric-content-registries-v0, fabric-convention-tags-v1, fabric-crash-report-info-v1, fabric-data-attachment-api-v1, fabric-data-generation-api-v1, fabric-dimensions-v1, fabric-entity-events-v1, fabric-events-interaction-v0, fabric-events-lifecycle-v0, fabric-game-rule-api-v1, fabric-gametest-api-v1, fabric-item-api-v1, fabric-item-group-api-v1, fabric-key-binding-api-v1, fabric-keybindings-v0, fabric-lifecycle-events-v1, fabric-loot-api-v2, fabric-message-api-v1, fabric-mining-level-api-v1, fabric-model-loading-api-v1]
[04:29:35] [Render thread/DEBUG] (net.fabricmc.fabric.impl.resource.loader.ModResourcePackUtil) [Fabric] cur @ fabric, auto-enabled fabric-models-v0, currently enabled: [vanilla, fabric, depression, fabric-api, fabric-api-base, fabric-api-lookup-api-v1, fabric-biome-api-v1, fabric-block-api-v1, fabric-block-view-api-v2, fabric-blockrenderlayer-v1, fabric-client-tags-api-v1, fabric-command-api-v1, fabric-command-api-v2, fabric-commands-v0, fabric-containers-v0, fabric-content-registries-v0, fabric-convention-tags-v1, fabric-crash-report-info-v1, fabric-data-attachment-api-v1, fabric-data-generation-api-v1, fabric-dimensions-v1, fabric-entity-events-v1, fabric-events-interaction-v0, fabric-events-lifecycle-v0, fabric-game-rule-api-v1, fabric-gametest-api-v1, fabric-item-api-v1, fabric-item-group-api-v1, fabric-key-binding-api-v1, fabric-keybindings-v0, fabric-lifecycle-events-v1, fabric-loot-api-v2, fabric-message-api-v1, fabric-mining-level-api-v1, fabric-model-loading-api-v1, fabric-models-v0]
[04:29:35] [Render thread/DEBUG] (net.fabricmc.fabric.impl.resource.loader.ModResourcePackUtil) [Fabric] cur @ fabric, auto-enabled fabric-networking-api-v1, currently enabled: [vanilla, fabric, depression, fabric-api, fabric-api-base, fabric-api-lookup-api-v1, fabric-biome-api-v1, fabric-block-api-v1, fabric-block-view-api-v2, fabric-blockrenderlayer-v1, fabric-client-tags-api-v1, fabric-command-api-v1, fabric-command-api-v2, fabric-commands-v0, fabric-containers-v0, fabric-content-registries-v0, fabric-convention-tags-v1, fabric-crash-report-info-v1, fabric-data-attachment-api-v1, fabric-data-generation-api-v1, fabric-dimensions-v1, fabric-entity-events-v1, fabric-events-interaction-v0, fabric-events-lifecycle-v0, fabric-game-rule-api-v1, fabric-gametest-api-v1, fabric-item-api-v1, fabric-item-group-api-v1, fabric-key-binding-api-v1, fabric-keybindings-v0, fabric-lifecycle-events-v1, fabric-loot-api-v2, fabric-message-api-v1, fabric-mining-level-api-v1, fabric-model-loading-api-v1, fabric-models-v0, fabric-networking-api-v1]
[04:29:35] [Render thread/DEBUG] (net.fabricmc.fabric.impl.resource.loader.ModResourcePackUtil) [Fabric] cur @ fabric, auto-enabled fabric-object-builder-api-v1, currently enabled: [vanilla, fabric, depression, fabric-api, fabric-api-base, fabric-api-lookup-api-v1, fabric-biome-api-v1, fabric-block-api-v1, fabric-block-view-api-v2, fabric-blockrenderlayer-v1, fabric-client-tags-api-v1, fabric-command-api-v1, fabric-command-api-v2, fabric-commands-v0, fabric-containers-v0, fabric-content-registries-v0, fabric-convention-tags-v1, fabric-crash-report-info-v1, fabric-data-attachment-api-v1, fabric-data-generation-api-v1, fabric-dimensions-v1, fabric-entity-events-v1, fabric-events-interaction-v0, fabric-events-lifecycle-v0, fabric-game-rule-api-v1, fabric-gametest-api-v1, fabric-item-api-v1, fabric-item-group-api-v1, fabric-key-binding-api-v1, fabric-keybindings-v0, fabric-lifecycle-events-v1, fabric-loot-api-v2, fabric-message-api-v1, fabric-mining-level-api-v1, fabric-model-loading-api-v1, fabric-models-v0, fabric-networking-api-v1, fabric-object-builder-api-v1]
[04:29:35] [Render thread/DEBUG] (net.fabricmc.fabric.impl.resource.loader.ModResourcePackUtil) [Fabric] cur @ fabric, auto-enabled fabric-particles-v1, currently enabled: [vanilla, fabric, depression, fabric-api, fabric-api-base, fabric-api-lookup-api-v1, fabric-biome-api-v1, fabric-block-api-v1, fabric-block-view-api-v2, fabric-blockrenderlayer-v1, fabric-client-tags-api-v1, fabric-command-api-v1, fabric-command-api-v2, fabric-commands-v0, fabric-containers-v0, fabric-content-registries-v0, fabric-convention-tags-v1, fabric-crash-report-info-v1, fabric-data-attachment-api-v1, fabric-data-generation-api-v1, fabric-dimensions-v1, fabric-entity-events-v1, fabric-events-interaction-v0, fabric-events-lifecycle-v0, fabric-game-rule-api-v1, fabric-gametest-api-v1, fabric-item-api-v1, fabric-item-group-api-v1, fabric-key-binding-api-v1, fabric-keybindings-v0, fabric-lifecycle-events-v1, fabric-loot-api-v2, fabric-message-api-v1, fabric-mining-level-api-v1, fabric-model-loading-api-v1, fabric-models-v0, fabric-networking-api-v1, fabric-object-builder-api-v1, fabric-particles-v1]
[04:29:35] [Render thread/DEBUG] (net.fabricmc.fabric.impl.resource.loader.ModResourcePackUtil) [Fabric] cur @ fabric, auto-enabled fabric-recipe-api-v1, currently enabled: [vanilla, fabric, depression, fabric-api, fabric-api-base, fabric-api-lookup-api-v1, fabric-biome-api-v1, fabric-block-api-v1, fabric-block-view-api-v2, fabric-blockrenderlayer-v1, fabric-client-tags-api-v1, fabric-command-api-v1, fabric-command-api-v2, fabric-commands-v0, fabric-containers-v0, fabric-content-registries-v0, fabric-convention-tags-v1, fabric-crash-report-info-v1, fabric-data-attachment-api-v1, fabric-data-generation-api-v1, fabric-dimensions-v1, fabric-entity-events-v1, fabric-events-interaction-v0, fabric-events-lifecycle-v0, fabric-game-rule-api-v1, fabric-gametest-api-v1, fabric-item-api-v1, fabric-item-group-api-v1, fabric-key-binding-api-v1, fabric-keybindings-v0, fabric-lifecycle-events-v1, fabric-loot-api-v2, fabric-message-api-v1, fabric-mining-level-api-v1, fabric-model-loading-api-v1, fabric-models-v0, fabric-networking-api-v1, fabric-object-builder-api-v1, fabric-particles-v1, fabric-recipe-api-v1]
[04:29:35] [Render thread/DEBUG] (net.fabricmc.fabric.impl.resource.loader.ModResourcePackUtil) [Fabric] cur @ fabric, auto-enabled fabric-registry-sync-v0, currently enabled: [vanilla, fabric, depression, fabric-api, fabric-api-base, fabric-api-lookup-api-v1, fabric-biome-api-v1, fabric-block-api-v1, fabric-block-view-api-v2, fabric-blockrenderlayer-v1, fabric-client-tags-api-v1, fabric-command-api-v1, fabric-command-api-v2, fabric-commands-v0, fabric-containers-v0, fabric-content-registries-v0, fabric-convention-tags-v1, fabric-crash-report-info-v1, fabric-data-attachment-api-v1, fabric-data-generation-api-v1, fabric-dimensions-v1, fabric-entity-events-v1, fabric-events-interaction-v0, fabric-events-lifecycle-v0, fabric-game-rule-api-v1, fabric-gametest-api-v1, fabric-item-api-v1, fabric-item-group-api-v1, fabric-key-binding-api-v1, fabric-keybindings-v0, fabric-lifecycle-events-v1, fabric-loot-api-v2, fabric-message-api-v1, fabric-mining-level-api-v1, fabric-model-loading-api-v1, fabric-models-v0, fabric-networking-api-v1, fabric-object-builder-api-v1, fabric-particles-v1, fabric-recipe-api-v1, fabric-registry-sync-v0]
[04:29:35] [Render thread/DEBUG] (net.fabricmc.fabric.impl.resource.loader.ModResourcePackUtil) [Fabric] cur @ fabric, auto-enabled fabric-renderer-api-v1, currently enabled: [vanilla, fabric, depression, fabric-api, fabric-api-base, fabric-api-lookup-api-v1, fabric-biome-api-v1, fabric-block-api-v1, fabric-block-view-api-v2, fabric-blockrenderlayer-v1, fabric-client-tags-api-v1, fabric-command-api-v1, fabric-command-api-v2, fabric-commands-v0, fabric-containers-v0, fabric-content-registries-v0, fabric-convention-tags-v1, fabric-crash-report-info-v1, fabric-data-attachment-api-v1, fabric-data-generation-api-v1, fabric-dimensions-v1, fabric-entity-events-v1, fabric-events-interaction-v0, fabric-events-lifecycle-v0, fabric-game-rule-api-v1, fabric-gametest-api-v1, fabric-item-api-v1, fabric-item-group-api-v1, fabric-key-binding-api-v1, fabric-keybindings-v0, fabric-lifecycle-events-v1, fabric-loot-api-v2, fabric-message-api-v1, fabric-mining-level-api-v1, fabric-model-loading-api-v1, fabric-models-v0, fabric-networking-api-v1, fabric-object-builder-api-v1, fabric-particles-v1, fabric-recipe-api-v1, fabric-registry-sync-v0, fabric-renderer-api-v1]
[04:29:35] [Render thread/DEBUG] (net.fabricmc.fabric.impl.resource.loader.ModResourcePackUtil) [Fabric] cur @ fabric, auto-enabled fabric-renderer-indigo, currently enabled: [vanilla, fabric, depression, fabric-api, fabric-api-base, fabric-api-lookup-api-v1, fabric-biome-api-v1, fabric-block-api-v1, fabric-block-view-api-v2, fabric-blockrenderlayer-v1, fabric-client-tags-api-v1, fabric-command-api-v1, fabric-command-api-v2, fabric-commands-v0, fabric-containers-v0, fabric-content-registries-v0, fabric-convention-tags-v1, fabric-crash-report-info-v1, fabric-data-attachment-api-v1, fabric-data-generation-api-v1, fabric-dimensions-v1, fabric-entity-events-v1, fabric-events-interaction-v0, fabric-events-lifecycle-v0, fabric-game-rule-api-v1, fabric-gametest-api-v1, fabric-item-api-v1, fabric-item-group-api-v1, fabric-key-binding-api-v1, fabric-keybindings-v0, fabric-lifecycle-events-v1, fabric-loot-api-v2, fabric-message-api-v1, fabric-mining-level-api-v1, fabric-model-loading-api-v1, fabric-models-v0, fabric-networking-api-v1, fabric-object-builder-api-v1, fabric-particles-v1, fabric-recipe-api-v1, fabric-registry-sync-v0, fabric-renderer-api-v1, fabric-renderer-indigo]
[04:29:35] [Render thread/DEBUG] (net.fabricmc.fabric.impl.resource.loader.ModResourcePackUtil) [Fabric] cur @ fabric, auto-enabled fabric-renderer-registries-v1, currently enabled: [vanilla, fabric, depression, fabric-api, fabric-api-base, fabric-api-lookup-api-v1, fabric-biome-api-v1, fabric-block-api-v1, fabric-block-view-api-v2, fabric-blockrenderlayer-v1, fabric-client-tags-api-v1, fabric-command-api-v1, fabric-command-api-v2, fabric-commands-v0, fabric-containers-v0, fabric-content-registries-v0, fabric-convention-tags-v1, fabric-crash-report-info-v1, fabric-data-attachment-api-v1, fabric-data-generation-api-v1, fabric-dimensions-v1, fabric-entity-events-v1, fabric-events-interaction-v0, fabric-events-lifecycle-v0, fabric-game-rule-api-v1, fabric-gametest-api-v1, fabric-item-api-v1, fabric-item-group-api-v1, fabric-key-binding-api-v1, fabric-keybindings-v0, fabric-lifecycle-events-v1, fabric-loot-api-v2, fabric-message-api-v1, fabric-mining-level-api-v1, fabric-model-loading-api-v1, fabric-models-v0, fabric-networking-api-v1, fabric-object-builder-api-v1, fabric-particles-v1, fabric-recipe-api-v1, fabric-registry-sync-v0, fabric-renderer-api-v1, fabric-renderer-indigo, fabric-renderer-registries-v1]
[04:29:35] [Render thread/DEBUG] (net.fabricmc.fabric.impl.resource.loader.ModResourcePackUtil) [Fabric] cur @ fabric, auto-enabled fabric-rendering-data-attachment-v1, currently enabled: [vanilla, fabric, depression, fabric-api, fabric-api-base, fabric-api-lookup-api-v1, fabric-biome-api-v1, fabric-block-api-v1, fabric-block-view-api-v2, fabric-blockrenderlayer-v1, fabric-client-tags-api-v1, fabric-command-api-v1, fabric-command-api-v2, fabric-commands-v0, fabric-containers-v0, fabric-content-registries-v0, fabric-convention-tags-v1, fabric-crash-report-info-v1, fabric-data-attachment-api-v1, fabric-data-generation-api-v1, fabric-dimensions-v1, fabric-entity-events-v1, fabric-events-interaction-v0, fabric-events-lifecycle-v0, fabric-game-rule-api-v1, fabric-gametest-api-v1, fabric-item-api-v1, fabric-item-group-api-v1, fabric-key-binding-api-v1, fabric-keybindings-v0, fabric-lifecycle-events-v1, fabric-loot-api-v2, fabric-message-api-v1, fabric-mining-level-api-v1, fabric-model-loading-api-v1, fabric-models-v0, fabric-networking-api-v1, fabric-object-builder-api-v1, fabric-particles-v1, fabric-recipe-api-v1, fabric-registry-sync-v0, fabric-renderer-api-v1, fabric-renderer-indigo, fabric-renderer-registries-v1, fabric-rendering-data-attachment-v1]
[04:29:35] [Render thread/DEBUG] (net.fabricmc.fabric.impl.resource.loader.ModResourcePackUtil) [Fabric] cur @ fabric, auto-enabled fabric-rendering-fluids-v1, currently enabled: [vanilla, fabric, depression, fabric-api, fabric-api-base, fabric-api-lookup-api-v1, fabric-biome-api-v1, fabric-block-api-v1, fabric-block-view-api-v2, fabric-blockrenderlayer-v1, fabric-client-tags-api-v1, fabric-command-api-v1, fabric-command-api-v2, fabric-commands-v0, fabric-containers-v0, fabric-content-registries-v0, fabric-convention-tags-v1, fabric-crash-report-info-v1, fabric-data-attachment-api-v1, fabric-data-generation-api-v1, fabric-dimensions-v1, fabric-entity-events-v1, fabric-events-interaction-v0, fabric-events-lifecycle-v0, fabric-game-rule-api-v1, fabric-gametest-api-v1, fabric-item-api-v1, fabric-item-group-api-v1, fabric-key-binding-api-v1, fabric-keybindings-v0, fabric-lifecycle-events-v1, fabric-loot-api-v2, fabric-message-api-v1, fabric-mining-level-api-v1, fabric-model-loading-api-v1, fabric-models-v0, fabric-networking-api-v1, fabric-object-builder-api-v1, fabric-particles-v1, fabric-recipe-api-v1, fabric-registry-sync-v0, fabric-renderer-api-v1, fabric-renderer-indigo, fabric-renderer-registries-v1, fabric-rendering-data-attachment-v1, fabric-rendering-fluids-v1]
[04:29:35] [Render thread/DEBUG] (net.fabricmc.fabric.impl.resource.loader.ModResourcePackUtil) [Fabric] cur @ fabric, auto-enabled fabric-rendering-v0, currently enabled: [vanilla, fabric, depression, fabric-api, fabric-api-base, fabric-api-lookup-api-v1, fabric-biome-api-v1, fabric-block-api-v1, fabric-block-view-api-v2, fabric-blockrenderlayer-v1, fabric-client-tags-api-v1, fabric-command-api-v1, fabric-command-api-v2, fabric-commands-v0, fabric-containers-v0, fabric-content-registries-v0, fabric-convention-tags-v1, fabric-crash-report-info-v1, fabric-data-attachment-api-v1, fabric-data-generation-api-v1, fabric-dimensions-v1, fabric-entity-events-v1, fabric-events-interaction-v0, fabric-events-lifecycle-v0, fabric-game-rule-api-v1, fabric-gametest-api-v1, fabric-item-api-v1, fabric-item-group-api-v1, fabric-key-binding-api-v1, fabric-keybindings-v0, fabric-lifecycle-events-v1, fabric-loot-api-v2, fabric-message-api-v1, fabric-mining-level-api-v1, fabric-model-loading-api-v1, fabric-models-v0, fabric-networking-api-v1, fabric-object-builder-api-v1, fabric-particles-v1, fabric-recipe-api-v1, fabric-registry-sync-v0, fabric-renderer-api-v1, fabric-renderer-indigo, fabric-renderer-registries-v1, fabric-rendering-data-attachment-v1, fabric-rendering-fluids-v1, fabric-rendering-v0]
[04:29:35] [Render thread/DEBUG] (net.fabricmc.fabric.impl.resource.loader.ModResourcePackUtil) [Fabric] cur @ fabric, auto-enabled fabric-rendering-v1, currently enabled: [vanilla, fabric, depression, fabric-api, fabric-api-base, fabric-api-lookup-api-v1, fabric-biome-api-v1, fabric-block-api-v1, fabric-block-view-api-v2, fabric-blockrenderlayer-v1, fabric-client-tags-api-v1, fabric-command-api-v1, fabric-command-api-v2, fabric-commands-v0, fabric-containers-v0, fabric-content-registries-v0, fabric-convention-tags-v1, fabric-crash-report-info-v1, fabric-data-attachment-api-v1, fabric-data-generation-api-v1, fabric-dimensions-v1, fabric-entity-events-v1, fabric-events-interaction-v0, fabric-events-lifecycle-v0, fabric-game-rule-api-v1, fabric-gametest-api-v1, fabric-item-api-v1, fabric-item-group-api-v1, fabric-key-binding-api-v1, fabric-keybindings-v0, fabric-lifecycle-events-v1, fabric-loot-api-v2, fabric-message-api-v1, fabric-mining-level-api-v1, fabric-model-loading-api-v1, fabric-models-v0, fabric-networking-api-v1, fabric-object-builder-api-v1, fabric-particles-v1, fabric-recipe-api-v1, fabric-registry-sync-v0, fabric-renderer-api-v1, fabric-renderer-indigo, fabric-renderer-registries-v1, fabric-rendering-data-attachment-v1, fabric-rendering-fluids-v1, fabric-rendering-v0, fabric-rendering-v1]
[04:29:35] [Render thread/DEBUG] (net.fabricmc.fabric.impl.resource.loader.ModResourcePackUtil) [Fabric] cur @ fabric, auto-enabled fabric-resource-conditions-api-v1, currently enabled: [vanilla, fabric, depression, fabric-api, fabric-api-base, fabric-api-lookup-api-v1, fabric-biome-api-v1, fabric-block-api-v1, fabric-block-view-api-v2, fabric-blockrenderlayer-v1, fabric-client-tags-api-v1, fabric-command-api-v1, fabric-command-api-v2, fabric-commands-v0, fabric-containers-v0, fabric-content-registries-v0, fabric-convention-tags-v1, fabric-crash-report-info-v1, fabric-data-attachment-api-v1, fabric-data-generation-api-v1, fabric-dimensions-v1, fabric-entity-events-v1, fabric-events-interaction-v0, fabric-events-lifecycle-v0, fabric-game-rule-api-v1, fabric-gametest-api-v1, fabric-item-api-v1, fabric-item-group-api-v1, fabric-key-binding-api-v1, fabric-keybindings-v0, fabric-lifecycle-events-v1, fabric-loot-api-v2, fabric-message-api-v1, fabric-mining-level-api-v1, fabric-model-loading-api-v1, fabric-models-v0, fabric-networking-api-v1, fabric-object-builder-api-v1, fabric-particles-v1, fabric-recipe-api-v1, fabric-registry-sync-v0, fabric-renderer-api-v1, fabric-renderer-indigo, fabric-renderer-registries-v1, fabric-rendering-data-attachment-v1, fabric-rendering-fluids-v1, fabric-rendering-v0, fabric-rendering-v1, fabric-resource-conditions-api-v1]
[04:29:35] [Render thread/DEBUG] (net.fabricmc.fabric.impl.resource.loader.ModResourcePackUtil) [Fabric] cur @ fabric, auto-enabled fabric-resource-loader-v0, currently enabled: [vanilla, fabric, depression, fabric-api, fabric-api-base, fabric-api-lookup-api-v1, fabric-biome-api-v1, fabric-block-api-v1, fabric-block-view-api-v2, fabric-blockrenderlayer-v1, fabric-client-tags-api-v1, fabric-command-api-v1, fabric-command-api-v2, fabric-commands-v0, fabric-containers-v0, fabric-content-registries-v0, fabric-convention-tags-v1, fabric-crash-report-info-v1, fabric-data-attachment-api-v1, fabric-data-generation-api-v1, fabric-dimensions-v1, fabric-entity-events-v1, fabric-events-interaction-v0, fabric-events-lifecycle-v0, fabric-game-rule-api-v1, fabric-gametest-api-v1, fabric-item-api-v1, fabric-item-group-api-v1, fabric-key-binding-api-v1, fabric-keybindings-v0, fabric-lifecycle-events-v1, fabric-loot-api-v2, fabric-message-api-v1, fabric-mining-level-api-v1, fabric-model-loading-api-v1, fabric-models-v0, fabric-networking-api-v1, fabric-object-builder-api-v1, fabric-particles-v1, fabric-recipe-api-v1, fabric-registry-sync-v0, fabric-renderer-api-v1, fabric-renderer-indigo, fabric-renderer-registries-v1, fabric-rendering-data-attachment-v1, fabric-rendering-fluids-v1, fabric-rendering-v0, fabric-rendering-v1, fabric-resource-conditions-api-v1, fabric-resource-loader-v0]
[04:29:35] [Render thread/DEBUG] (net.fabricmc.fabric.impl.resource.loader.ModResourcePackUtil) [Fabric] cur @ fabric, auto-enabled fabric-screen-api-v1, currently enabled: [vanilla, fabric, depression, fabric-api, fabric-api-base, fabric-api-lookup-api-v1, fabric-biome-api-v1, fabric-block-api-v1, fabric-block-view-api-v2, fabric-blockrenderlayer-v1, fabric-client-tags-api-v1, fabric-command-api-v1, fabric-command-api-v2, fabric-commands-v0, fabric-containers-v0, fabric-content-registries-v0, fabric-convention-tags-v1, fabric-crash-report-info-v1, fabric-data-attachment-api-v1, fabric-data-generation-api-v1, fabric-dimensions-v1, fabric-entity-events-v1, fabric-events-interaction-v0, fabric-events-lifecycle-v0, fabric-game-rule-api-v1, fabric-gametest-api-v1, fabric-item-api-v1, fabric-item-group-api-v1, fabric-key-binding-api-v1, fabric-keybindings-v0, fabric-lifecycle-events-v1, fabric-loot-api-v2, fabric-message-api-v1, fabric-mining-level-api-v1, fabric-model-loading-api-v1, fabric-models-v0, fabric-networking-api-v1, fabric-object-builder-api-v1, fabric-particles-v1, fabric-recipe-api-v1, fabric-registry-sync-v0, fabric-renderer-api-v1, fabric-renderer-indigo, fabric-renderer-registries-v1, fabric-rendering-data-attachment-v1, fabric-rendering-fluids-v1, fabric-rendering-v0, fabric-rendering-v1, fabric-resource-conditions-api-v1, fabric-resource-loader-v0, fabric-screen-api-v1]
[04:29:35] [Render thread/DEBUG] (net.fabricmc.fabric.impl.resource.loader.ModResourcePackUtil) [Fabric] cur @ fabric, auto-enabled fabric-screen-handler-api-v1, currently enabled: [vanilla, fabric, depression, fabric-api, fabric-api-base, fabric-api-lookup-api-v1, fabric-biome-api-v1, fabric-block-api-v1, fabric-block-view-api-v2, fabric-blockrenderlayer-v1, fabric-client-tags-api-v1, fabric-command-api-v1, fabric-command-api-v2, fabric-commands-v0, fabric-containers-v0, fabric-content-registries-v0, fabric-convention-tags-v1, fabric-crash-report-info-v1, fabric-data-attachment-api-v1, fabric-data-generation-api-v1, fabric-dimensions-v1, fabric-entity-events-v1, fabric-events-interaction-v0, fabric-events-lifecycle-v0, fabric-game-rule-api-v1, fabric-gametest-api-v1, fabric-item-api-v1, fabric-item-group-api-v1, fabric-key-binding-api-v1, fabric-keybindings-v0, fabric-lifecycle-events-v1, fabric-loot-api-v2, fabric-message-api-v1, fabric-mining-level-api-v1, fabric-model-loading-api-v1, fabric-models-v0, fabric-networking-api-v1, fabric-object-builder-api-v1, fabric-particles-v1, fabric-recipe-api-v1, fabric-registry-sync-v0, fabric-renderer-api-v1, fabric-renderer-indigo, fabric-renderer-registries-v1, fabric-rendering-data-attachment-v1, fabric-rendering-fluids-v1, fabric-rendering-v0, fabric-rendering-v1, fabric-resource-conditions-api-v1, fabric-resource-loader-v0, fabric-screen-api-v1, fabric-screen-handler-api-v1]
[04:29:35] [Render thread/DEBUG] (net.fabricmc.fabric.impl.resource.loader.ModResourcePackUtil) [Fabric] cur @ fabric, auto-enabled fabric-sound-api-v1, currently enabled: [vanilla, fabric, depression, fabric-api, fabric-api-base, fabric-api-lookup-api-v1, fabric-biome-api-v1, fabric-block-api-v1, fabric-block-view-api-v2, fabric-blockrenderlayer-v1, fabric-client-tags-api-v1, fabric-command-api-v1, fabric-command-api-v2, fabric-commands-v0, fabric-containers-v0, fabric-content-registries-v0, fabric-convention-tags-v1, fabric-crash-report-info-v1, fabric-data-attachment-api-v1, fabric-data-generation-api-v1, fabric-dimensions-v1, fabric-entity-events-v1, fabric-events-interaction-v0, fabric-events-lifecycle-v0, fabric-game-rule-api-v1, fabric-gametest-api-v1, fabric-item-api-v1, fabric-item-group-api-v1, fabric-key-binding-api-v1, fabric-keybindings-v0, fabric-lifecycle-events-v1, fabric-loot-api-v2, fabric-message-api-v1, fabric-mining-level-api-v1, fabric-model-loading-api-v1, fabric-models-v0, fabric-networking-api-v1, fabric-object-builder-api-v1, fabric-particles-v1, fabric-recipe-api-v1, fabric-registry-sync-v0, fabric-renderer-api-v1, fabric-renderer-indigo, fabric-renderer-registries-v1, fabric-rendering-data-attachment-v1, fabric-rendering-fluids-v1, fabric-rendering-v0, fabric-rendering-v1, fabric-resource-conditions-api-v1, fabric-resource-loader-v0, fabric-screen-api-v1, fabric-screen-handler-api-v1, fabric-sound-api-v1]
[04:29:35] [Render thread/DEBUG] (net.fabricmc.fabric.impl.resource.loader.ModResourcePackUtil) [Fabric] cur @ fabric, auto-enabled fabric-transfer-api-v1, currently enabled: [vanilla, fabric, depression, fabric-api, fabric-api-base, fabric-api-lookup-api-v1, fabric-biome-api-v1, fabric-block-api-v1, fabric-block-view-api-v2, fabric-blockrenderlayer-v1, fabric-client-tags-api-v1, fabric-command-api-v1, fabric-command-api-v2, fabric-commands-v0, fabric-containers-v0, fabric-content-registries-v0, fabric-convention-tags-v1, fabric-crash-report-info-v1, fabric-data-attachment-api-v1, fabric-data-generation-api-v1, fabric-dimensions-v1, fabric-entity-events-v1, fabric-events-interaction-v0, fabric-events-lifecycle-v0, fabric-game-rule-api-v1, fabric-gametest-api-v1, fabric-item-api-v1, fabric-item-group-api-v1, fabric-key-binding-api-v1, fabric-keybindings-v0, fabric-lifecycle-events-v1, fabric-loot-api-v2, fabric-message-api-v1, fabric-mining-level-api-v1, fabric-model-loading-api-v1, fabric-models-v0, fabric-networking-api-v1, fabric-object-builder-api-v1, fabric-particles-v1, fabric-recipe-api-v1, fabric-registry-sync-v0, fabric-renderer-api-v1, fabric-renderer-indigo, fabric-renderer-registries-v1, fabric-rendering-data-attachment-v1, fabric-rendering-fluids-v1, fabric-rendering-v0, fabric-rendering-v1, fabric-resource-conditions-api-v1, fabric-resource-loader-v0, fabric-screen-api-v1, fabric-screen-handler-api-v1, fabric-sound-api-v1, fabric-transfer-api-v1]
[04:29:35] [Render thread/DEBUG] (net.fabricmc.fabric.impl.resource.loader.ModResourcePackUtil) [Fabric] cur @ fabric, auto-enabled fabric-transitive-access-wideners-v1, currently enabled: [vanilla, fabric, depression, fabric-api, fabric-api-base, fabric-api-lookup-api-v1, fabric-biome-api-v1, fabric-block-api-v1, fabric-block-view-api-v2, fabric-blockrenderlayer-v1, fabric-client-tags-api-v1, fabric-command-api-v1, fabric-command-api-v2, fabric-commands-v0, fabric-containers-v0, fabric-content-registries-v0, fabric-convention-tags-v1, fabric-crash-report-info-v1, fabric-data-attachment-api-v1, fabric-data-generation-api-v1, fabric-dimensions-v1, fabric-entity-events-v1, fabric-events-interaction-v0, fabric-events-lifecycle-v0, fabric-game-rule-api-v1, fabric-gametest-api-v1, fabric-item-api-v1, fabric-item-group-api-v1, fabric-key-binding-api-v1, fabric-keybindings-v0, fabric-lifecycle-events-v1, fabric-loot-api-v2, fabric-message-api-v1, fabric-mining-level-api-v1, fabric-model-loading-api-v1, fabric-models-v0, fabric-networking-api-v1, fabric-object-builder-api-v1, fabric-particles-v1, fabric-recipe-api-v1, fabric-registry-sync-v0, fabric-renderer-api-v1, fabric-renderer-indigo, fabric-renderer-registries-v1, fabric-rendering-data-attachment-v1, fabric-rendering-fluids-v1, fabric-rendering-v0, fabric-rendering-v1, fabric-resource-conditions-api-v1, fabric-resource-loader-v0, fabric-screen-api-v1, fabric-screen-handler-api-v1, fabric-sound-api-v1, fabric-transfer-api-v1, fabric-transitive-access-wideners-v1]
[04:29:35] [Render thread/DEBUG] (net.fabricmc.fabric.impl.resource.loader.ModResourcePackUtil) [Fabric] cur @ fabric, auto-enabled fabricloader, currently enabled: [vanilla, fabric, depression, fabric-api, fabric-api-base, fabric-api-lookup-api-v1, fabric-biome-api-v1, fabric-block-api-v1, fabric-block-view-api-v2, fabric-blockrenderlayer-v1, fabric-client-tags-api-v1, fabric-command-api-v1, fabric-command-api-v2, fabric-commands-v0, fabric-containers-v0, fabric-content-registries-v0, fabric-convention-tags-v1, fabric-crash-report-info-v1, fabric-data-attachment-api-v1, fabric-data-generation-api-v1, fabric-dimensions-v1, fabric-entity-events-v1, fabric-events-interaction-v0, fabric-events-lifecycle-v0, fabric-game-rule-api-v1, fabric-gametest-api-v1, fabric-item-api-v1, fabric-item-group-api-v1, fabric-key-binding-api-v1, fabric-keybindings-v0, fabric-lifecycle-events-v1, fabric-loot-api-v2, fabric-message-api-v1, fabric-mining-level-api-v1, fabric-model-loading-api-v1, fabric-models-v0, fabric-networking-api-v1, fabric-object-builder-api-v1, fabric-particles-v1, fabric-recipe-api-v1, fabric-registry-sync-v0, fabric-renderer-api-v1, fabric-renderer-indigo, fabric-renderer-registries-v1, fabric-rendering-data-attachment-v1, fabric-rendering-fluids-v1, fabric-rendering-v0, fabric-rendering-v1, fabric-resource-conditions-api-v1, fabric-resource-loader-v0, fabric-screen-api-v1, fabric-screen-handler-api-v1, fabric-sound-api-v1, fabric-transfer-api-v1, fabric-transitive-access-wideners-v1, fabricloader]
[04:29:35] [Render thread/DEBUG] (net.fabricmc.fabric.impl.resource.loader.ModResourcePackUtil) [Fabric] cur @ fabric, auto-enabled generated_293b3eb, currently enabled: [vanilla, fabric, depression, fabric-api, fabric-api-base, fabric-api-lookup-api-v1, fabric-biome-api-v1, fabric-block-api-v1, fabric-block-view-api-v2, fabric-blockrenderlayer-v1, fabric-client-tags-api-v1, fabric-command-api-v1, fabric-command-api-v2, fabric-commands-v0, fabric-containers-v0, fabric-content-registries-v0, fabric-convention-tags-v1, fabric-crash-report-info-v1, fabric-data-attachment-api-v1, fabric-data-generation-api-v1, fabric-dimensions-v1, fabric-entity-events-v1, fabric-events-interaction-v0, fabric-events-lifecycle-v0, fabric-game-rule-api-v1, fabric-gametest-api-v1, fabric-item-api-v1, fabric-item-group-api-v1, fabric-key-binding-api-v1, fabric-keybindings-v0, fabric-lifecycle-events-v1, fabric-loot-api-v2, fabric-message-api-v1, fabric-mining-level-api-v1, fabric-model-loading-api-v1, fabric-models-v0, fabric-networking-api-v1, fabric-object-builder-api-v1, fabric-particles-v1, fabric-recipe-api-v1, fabric-registry-sync-v0, fabric-renderer-api-v1, fabric-renderer-indigo, fabric-renderer-registries-v1, fabric-rendering-data-attachment-v1, fabric-rendering-fluids-v1, fabric-rendering-v0, fabric-rendering-v1, fabric-resource-conditions-api-v1, fabric-resource-loader-v0, fabric-screen-api-v1, fabric-screen-handler-api-v1, fabric-sound-api-v1, fabric-transfer-api-v1, fabric-transitive-access-wideners-v1, fabricloader, generated_293b3eb]
[04:29:35] [Render thread/DEBUG] (net.fabricmc.fabric.impl.resource.loader.ModResourcePackUtil) [Fabric] Final sorting result: [vanilla, fabric, depression, fabric-api, fabric-api-base, fabric-api-lookup-api-v1, fabric-biome-api-v1, fabric-block-api-v1, fabric-block-view-api-v2, fabric-blockrenderlayer-v1, fabric-client-tags-api-v1, fabric-command-api-v1, fabric-command-api-v2, fabric-commands-v0, fabric-containers-v0, fabric-content-registries-v0, fabric-convention-tags-v1, fabric-crash-report-info-v1, fabric-data-attachment-api-v1, fabric-data-generation-api-v1, fabric-dimensions-v1, fabric-entity-events-v1, fabric-events-interaction-v0, fabric-events-lifecycle-v0, fabric-game-rule-api-v1, fabric-gametest-api-v1, fabric-item-api-v1, fabric-item-group-api-v1, fabric-key-binding-api-v1, fabric-keybindings-v0, fabric-lifecycle-events-v1, fabric-loot-api-v2, fabric-message-api-v1, fabric-mining-level-api-v1, fabric-model-loading-api-v1, fabric-models-v0, fabric-networking-api-v1, fabric-object-builder-api-v1, fabric-particles-v1, fabric-recipe-api-v1, fabric-registry-sync-v0, fabric-renderer-api-v1, fabric-renderer-indigo, fabric-renderer-registries-v1, fabric-rendering-data-attachment-v1, fabric-rendering-fluids-v1, fabric-rendering-v0, fabric-rendering-v1, fabric-resource-conditions-api-v1, fabric-resource-loader-v0, fabric-screen-api-v1, fabric-screen-handler-api-v1, fabric-sound-api-v1, fabric-transfer-api-v1, fabric-transitive-access-wideners-v1, fabricloader, generated_293b3eb]
[04:29:35] [Render thread/DEBUG] (net.fabricmc.fabric.impl.resource.loader.ModResourcePackUtil) [Fabric] Starting internal pack sorting with: [vanilla, fabric, generated_293b3eb, depression, fabric-api, fabric-api-base, fabric-api-lookup-api-v1, fabric-biome-api-v1, fabric-block-api-v1, fabric-block-view-api-v2, fabric-blockrenderlayer-v1, fabric-client-tags-api-v1, fabric-command-api-v1, fabric-command-api-v2, fabric-commands-v0, fabric-containers-v0, fabric-content-registries-v0, fabric-convention-tags-v1, fabric-crash-report-info-v1, fabric-data-attachment-api-v1, fabric-data-generation-api-v1, fabric-dimensions-v1, fabric-entity-events-v1, fabric-events-interaction-v0, fabric-events-lifecycle-v0, fabric-game-rule-api-v1, fabric-gametest-api-v1, fabric-item-api-v1, fabric-item-group-api-v1, fabric-key-binding-api-v1, fabric-keybindings-v0, fabric-lifecycle-events-v1, fabric-loot-api-v2, fabric-message-api-v1, fabric-mining-level-api-v1, fabric-model-loading-api-v1, fabric-models-v0, fabric-networking-api-v1, fabric-object-builder-api-v1, fabric-particles-v1, fabric-recipe-api-v1, fabric-registry-sync-v0, fabric-renderer-api-v1, fabric-renderer-indigo, fabric-renderer-registries-v1, fabric-rendering-data-attachment-v1, fabric-rendering-fluids-v1, fabric-rendering-v0, fabric-rendering-v1, fabric-resource-conditions-api-v1, fabric-resource-loader-v0, fabric-screen-api-v1, fabric-screen-handler-api-v1, fabric-sound-api-v1, fabric-transfer-api-v1, fabric-transitive-access-wideners-v1, fabricloader]
[04:29:35] [Render thread/DEBUG] (net.fabricmc.fabric.impl.resource.loader.ModResourcePackUtil) [Fabric] Removed all internal packs, result: [vanilla, fabric]
[04:29:35] [Render thread/DEBUG] (net.fabricmc.fabric.impl.resource.loader.ModResourcePackUtil) [Fabric] cur @ fabric, auto-enabled depression, currently enabled: [vanilla, fabric, depression]
[04:29:35] [Render thread/DEBUG] (net.fabricmc.fabric.impl.resource.loader.ModResourcePackUtil) [Fabric] cur @ fabric, auto-enabled fabric-api, currently enabled: [vanilla, fabric, depression, fabric-api]
[04:29:35] [Render thread/DEBUG] (net.fabricmc.fabric.impl.resource.loader.ModResourcePackUtil) [Fabric] cur @ fabric, auto-enabled fabric-api-base, currently enabled: [vanilla, fabric, depression, fabric-api, fabric-api-base]
[04:29:35] [Render thread/DEBUG] (net.fabricmc.fabric.impl.resource.loader.ModResourcePackUtil) [Fabric] cur @ fabric, auto-enabled fabric-api-lookup-api-v1, currently enabled: [vanilla, fabric, depression, fabric-api, fabric-api-base, fabric-api-lookup-api-v1]
[04:29:35] [Render thread/DEBUG] (net.fabricmc.fabric.impl.resource.loader.ModResourcePackUtil) [Fabric] cur @ fabric, auto-enabled fabric-biome-api-v1, currently enabled: [vanilla, fabric, depression, fabric-api, fabric-api-base, fabric-api-lookup-api-v1, fabric-biome-api-v1]
[04:29:35] [Render thread/DEBUG] (net.fabricmc.fabric.impl.resource.loader.ModResourcePackUtil) [Fabric] cur @ fabric, auto-enabled fabric-block-api-v1, currently enabled: [vanilla, fabric, depression, fabric-api, fabric-api-base, fabric-api-lookup-api-v1, fabric-biome-api-v1, fabric-block-api-v1]
[04:29:35] [Render thread/DEBUG] (net.fabricmc.fabric.impl.resource.loader.ModResourcePackUtil) [Fabric] cur @ fabric, auto-enabled fabric-block-view-api-v2, currently enabled: [vanilla, fabric, depression, fabric-api, fabric-api-base, fabric-api-lookup-api-v1, fabric-biome-api-v1, fabric-block-api-v1, fabric-block-view-api-v2]
[04:29:35] [Render thread/DEBUG] (net.fabricmc.fabric.impl.resource.loader.ModResourcePackUtil) [Fabric] cur @ fabric, auto-enabled fabric-blockrenderlayer-v1, currently enabled: [vanilla, fabric, depression, fabric-api, fabric-api-base, fabric-api-lookup-api-v1, fabric-biome-api-v1, fabric-block-api-v1, fabric-block-view-api-v2, fabric-blockrenderlayer-v1]
[04:29:35] [Render thread/DEBUG] (net.fabricmc.fabric.impl.resource.loader.ModResourcePackUtil) [Fabric] cur @ fabric, auto-enabled fabric-client-tags-api-v1, currently enabled: [vanilla, fabric, depression, fabric-api, fabric-api-base, fabric-api-lookup-api-v1, fabric-biome-api-v1, fabric-block-api-v1, fabric-block-view-api-v2, fabric-blockrenderlayer-v1, fabric-client-tags-api-v1]
[04:29:35] [Render thread/DEBUG] (net.fabricmc.fabric.impl.resource.loader.ModResourcePackUtil) [Fabric] cur @ fabric, auto-enabled fabric-command-api-v1, currently enabled: [vanilla, fabric, depression, fabric-api, fabric-api-base, fabric-api-lookup-api-v1, fabric-biome-api-v1, fabric-block-api-v1, fabric-block-view-api-v2, fabric-blockrenderlayer-v1, fabric-client-tags-api-v1, fabric-command-api-v1]
[04:29:35] [Render thread/DEBUG] (net.fabricmc.fabric.impl.resource.loader.ModResourcePackUtil) [Fabric] cur @ fabric, auto-enabled fabric-command-api-v2, currently enabled: [vanilla, fabric, depression, fabric-api, fabric-api-base, fabric-api-lookup-api-v1, fabric-biome-api-v1, fabric-block-api-v1, fabric-block-view-api-v2, fabric-blockrenderlayer-v1, fabric-client-tags-api-v1, fabric-command-api-v1, fabric-command-api-v2]
[04:29:35] [Render thread/DEBUG] (net.fabricmc.fabric.impl.resource.loader.ModResourcePackUtil) [Fabric] cur @ fabric, auto-enabled fabric-commands-v0, currently enabled: [vanilla, fabric, depression, fabric-api, fabric-api-base, fabric-api-lookup-api-v1, fabric-biome-api-v1, fabric-block-api-v1, fabric-block-view-api-v2, fabric-blockrenderlayer-v1, fabric-client-tags-api-v1, fabric-command-api-v1, fabric-command-api-v2, fabric-commands-v0]
[04:29:35] [Render thread/DEBUG] (net.fabricmc.fabric.impl.resource.loader.ModResourcePackUtil) [Fabric] cur @ fabric, auto-enabled fabric-containers-v0, currently enabled: [vanilla, fabric, depression, fabric-api, fabric-api-base, fabric-api-lookup-api-v1, fabric-biome-api-v1, fabric-block-api-v1, fabric-block-view-api-v2, fabric-blockrenderlayer-v1, fabric-client-tags-api-v1, fabric-command-api-v1, fabric-command-api-v2, fabric-commands-v0, fabric-containers-v0]
[04:29:35] [Render thread/DEBUG] (net.fabricmc.fabric.impl.resource.loader.ModResourcePackUtil) [Fabric] cur @ fabric, auto-enabled fabric-content-registries-v0, currently enabled: [vanilla, fabric, depression, fabric-api, fabric-api-base, fabric-api-lookup-api-v1, fabric-biome-api-v1, fabric-block-api-v1, fabric-block-view-api-v2, fabric-blockrenderlayer-v1, fabric-client-tags-api-v1, fabric-command-api-v1, fabric-command-api-v2, fabric-commands-v0, fabric-containers-v0, fabric-content-registries-v0]
[04:29:35] [Render thread/DEBUG] (net.fabricmc.fabric.impl.resource.loader.ModResourcePackUtil) [Fabric] cur @ fabric, auto-enabled fabric-convention-tags-v1, currently enabled: [vanilla, fabric, depression, fabric-api, fabric-api-base, fabric-api-lookup-api-v1, fabric-biome-api-v1, fabric-block-api-v1, fabric-block-view-api-v2, fabric-blockrenderlayer-v1, fabric-client-tags-api-v1, fabric-command-api-v1, fabric-command-api-v2, fabric-commands-v0, fabric-containers-v0, fabric-content-registries-v0, fabric-convention-tags-v1]
[04:29:35] [Render thread/DEBUG] (net.fabricmc.fabric.impl.resource.loader.ModResourcePackUtil) [Fabric] cur @ fabric, auto-enabled fabric-crash-report-info-v1, currently enabled: [vanilla, fabric, depression, fabric-api, fabric-api-base, fabric-api-lookup-api-v1, fabric-biome-api-v1, fabric-block-api-v1, fabric-block-view-api-v2, fabric-blockrenderlayer-v1, fabric-client-tags-api-v1, fabric-command-api-v1, fabric-command-api-v2, fabric-commands-v0, fabric-containers-v0, fabric-content-registries-v0, fabric-convention-tags-v1, fabric-crash-report-info-v1]
[04:29:35] [Render thread/DEBUG] (net.fabricmc.fabric.impl.resource.loader.ModResourcePackUtil) [Fabric] cur @ fabric, auto-enabled fabric-data-attachment-api-v1, currently enabled: [vanilla, fabric, depression, fabric-api, fabric-api-base, fabric-api-lookup-api-v1, fabric-biome-api-v1, fabric-block-api-v1, fabric-block-view-api-v2, fabric-blockrenderlayer-v1, fabric-client-tags-api-v1, fabric-command-api-v1, fabric-command-api-v2, fabric-commands-v0, fabric-containers-v0, fabric-content-registries-v0, fabric-convention-tags-v1, fabric-crash-report-info-v1, fabric-data-attachment-api-v1]
[04:29:35] [Render thread/DEBUG] (net.fabricmc.fabric.impl.resource.loader.ModResourcePackUtil) [Fabric] cur @ fabric, auto-enabled fabric-data-generation-api-v1, currently enabled: [vanilla, fabric, depression, fabric-api, fabric-api-base, fabric-api-lookup-api-v1, fabric-biome-api-v1, fabric-block-api-v1, fabric-block-view-api-v2, fabric-blockrenderlayer-v1, fabric-client-tags-api-v1, fabric-command-api-v1, fabric-command-api-v2, fabric-commands-v0, fabric-containers-v0, fabric-content-registries-v0, fabric-convention-tags-v1, fabric-crash-report-info-v1, fabric-data-attachment-api-v1, fabric-data-generation-api-v1]
[04:29:35] [Render thread/DEBUG] (net.fabricmc.fabric.impl.resource.loader.ModResourcePackUtil) [Fabric] cur @ fabric, auto-enabled fabric-dimensions-v1, currently enabled: [vanilla, fabric, depression, fabric-api, fabric-api-base, fabric-api-lookup-api-v1, fabric-biome-api-v1, fabric-block-api-v1, fabric-block-view-api-v2, fabric-blockrenderlayer-v1, fabric-client-tags-api-v1, fabric-command-api-v1, fabric-command-api-v2, fabric-commands-v0, fabric-containers-v0, fabric-content-registries-v0, fabric-convention-tags-v1, fabric-crash-report-info-v1, fabric-data-attachment-api-v1, fabric-data-generation-api-v1, fabric-dimensions-v1]
[04:29:35] [Render thread/DEBUG] (net.fabricmc.fabric.impl.resource.loader.ModResourcePackUtil) [Fabric] cur @ fabric, auto-enabled fabric-entity-events-v1, currently enabled: [vanilla, fabric, depression, fabric-api, fabric-api-base, fabric-api-lookup-api-v1, fabric-biome-api-v1, fabric-block-api-v1, fabric-block-view-api-v2, fabric-blockrenderlayer-v1, fabric-client-tags-api-v1, fabric-command-api-v1, fabric-command-api-v2, fabric-commands-v0, fabric-containers-v0, fabric-content-registries-v0, fabric-convention-tags-v1, fabric-crash-report-info-v1, fabric-data-attachment-api-v1, fabric-data-generation-api-v1, fabric-dimensions-v1, fabric-entity-events-v1]
[04:29:35] [Render thread/DEBUG] (net.fabricmc.fabric.impl.resource.loader.ModResourcePackUtil) [Fabric] cur @ fabric, auto-enabled fabric-events-interaction-v0, currently enabled: [vanilla, fabric, depression, fabric-api, fabric-api-base, fabric-api-lookup-api-v1, fabric-biome-api-v1, fabric-block-api-v1, fabric-block-view-api-v2, fabric-blockrenderlayer-v1, fabric-client-tags-api-v1, fabric-command-api-v1, fabric-command-api-v2, fabric-commands-v0, fabric-containers-v0, fabric-content-registries-v0, fabric-convention-tags-v1, fabric-crash-report-info-v1, fabric-data-attachment-api-v1, fabric-data-generation-api-v1, fabric-dimensions-v1, fabric-entity-events-v1, fabric-events-interaction-v0]
[04:29:35] [Render thread/DEBUG] (net.fabricmc.fabric.impl.resource.loader.ModResourcePackUtil) [Fabric] cur @ fabric, auto-enabled fabric-events-lifecycle-v0, currently enabled: [vanilla, fabric, depression, fabric-api, fabric-api-base, fabric-api-lookup-api-v1, fabric-biome-api-v1, fabric-block-api-v1, fabric-block-view-api-v2, fabric-blockrenderlayer-v1, fabric-client-tags-api-v1, fabric-command-api-v1, fabric-command-api-v2, fabric-commands-v0, fabric-containers-v0, fabric-content-registries-v0, fabric-convention-tags-v1, fabric-crash-report-info-v1, fabric-data-attachment-api-v1, fabric-data-generation-api-v1, fabric-dimensions-v1, fabric-entity-events-v1, fabric-events-interaction-v0, fabric-events-lifecycle-v0]
[04:29:35] [Render thread/DEBUG] (net.fabricmc.fabric.impl.resource.loader.ModResourcePackUtil) [Fabric] cur @ fabric, auto-enabled fabric-game-rule-api-v1, currently enabled: [vanilla, fabric, depression, fabric-api, fabric-api-base, fabric-api-lookup-api-v1, fabric-biome-api-v1, fabric-block-api-v1, fabric-block-view-api-v2, fabric-blockrenderlayer-v1, fabric-client-tags-api-v1, fabric-command-api-v1, fabric-command-api-v2, fabric-commands-v0, fabric-containers-v0, fabric-content-registries-v0, fabric-convention-tags-v1, fabric-crash-report-info-v1, fabric-data-attachment-api-v1, fabric-data-generation-api-v1, fabric-dimensions-v1, fabric-entity-events-v1, fabric-events-interaction-v0, fabric-events-lifecycle-v0, fabric-game-rule-api-v1]
[04:29:35] [Render thread/DEBUG] (net.fabricmc.fabric.impl.resource.loader.ModResourcePackUtil) [Fabric] cur @ fabric, auto-enabled fabric-gametest-api-v1, currently enabled: [vanilla, fabric, depression, fabric-api, fabric-api-base, fabric-api-lookup-api-v1, fabric-biome-api-v1, fabric-block-api-v1, fabric-block-view-api-v2, fabric-blockrenderlayer-v1, fabric-client-tags-api-v1, fabric-command-api-v1, fabric-command-api-v2, fabric-commands-v0, fabric-containers-v0, fabric-content-registries-v0, fabric-convention-tags-v1, fabric-crash-report-info-v1, fabric-data-attachment-api-v1, fabric-data-generation-api-v1, fabric-dimensions-v1, fabric-entity-events-v1, fabric-events-interaction-v0, fabric-events-lifecycle-v0, fabric-game-rule-api-v1, fabric-gametest-api-v1]
[04:29:35] [Render thread/DEBUG] (net.fabricmc.fabric.impl.resource.loader.ModResourcePackUtil) [Fabric] cur @ fabric, auto-enabled fabric-item-api-v1, currently enabled: [vanilla, fabric, depression, fabric-api, fabric-api-base, fabric-api-lookup-api-v1, fabric-biome-api-v1, fabric-block-api-v1, fabric-block-view-api-v2, fabric-blockrenderlayer-v1, fabric-client-tags-api-v1, fabric-command-api-v1, fabric-command-api-v2, fabric-commands-v0, fabric-containers-v0, fabric-content-registries-v0, fabric-convention-tags-v1, fabric-crash-report-info-v1, fabric-data-attachment-api-v1, fabric-data-generation-api-v1, fabric-dimensions-v1, fabric-entity-events-v1, fabric-events-interaction-v0, fabric-events-lifecycle-v0, fabric-game-rule-api-v1, fabric-gametest-api-v1, fabric-item-api-v1]
[04:29:35] [Render thread/DEBUG] (net.fabricmc.fabric.impl.resource.loader.ModResourcePackUtil) [Fabric] cur @ fabric, auto-enabled fabric-item-group-api-v1, currently enabled: [vanilla, fabric, depression, fabric-api, fabric-api-base, fabric-api-lookup-api-v1, fabric-biome-api-v1, fabric-block-api-v1, fabric-block-view-api-v2, fabric-blockrenderlayer-v1, fabric-client-tags-api-v1, fabric-command-api-v1, fabric-command-api-v2, fabric-commands-v0, fabric-containers-v0, fabric-content-registries-v0, fabric-convention-tags-v1, fabric-crash-report-info-v1, fabric-data-attachment-api-v1, fabric-data-generation-api-v1, fabric-dimensions-v1, fabric-entity-events-v1, fabric-events-interaction-v0, fabric-events-lifecycle-v0, fabric-game-rule-api-v1, fabric-gametest-api-v1, fabric-item-api-v1, fabric-item-group-api-v1]
[04:29:35] [Render thread/DEBUG] (net.fabricmc.fabric.impl.resource.loader.ModResourcePackUtil) [Fabric] cur @ fabric, auto-enabled fabric-key-binding-api-v1, currently enabled: [vanilla, fabric, depression, fabric-api, fabric-api-base, fabric-api-lookup-api-v1, fabric-biome-api-v1, fabric-block-api-v1, fabric-block-view-api-v2, fabric-blockrenderlayer-v1, fabric-client-tags-api-v1, fabric-command-api-v1, fabric-command-api-v2, fabric-commands-v0, fabric-containers-v0, fabric-content-registries-v0, fabric-convention-tags-v1, fabric-crash-report-info-v1, fabric-data-attachment-api-v1, fabric-data-generation-api-v1, fabric-dimensions-v1, fabric-entity-events-v1, fabric-events-interaction-v0, fabric-events-lifecycle-v0, fabric-game-rule-api-v1, fabric-gametest-api-v1, fabric-item-api-v1, fabric-item-group-api-v1, fabric-key-binding-api-v1]
[04:29:35] [Render thread/DEBUG] (net.fabricmc.fabric.impl.resource.loader.ModResourcePackUtil) [Fabric] cur @ fabric, auto-enabled fabric-keybindings-v0, currently enabled: [vanilla, fabric, depression, fabric-api, fabric-api-base, fabric-api-lookup-api-v1, fabric-biome-api-v1, fabric-block-api-v1, fabric-block-view-api-v2, fabric-blockrenderlayer-v1, fabric-client-tags-api-v1, fabric-command-api-v1, fabric-command-api-v2, fabric-commands-v0, fabric-containers-v0, fabric-content-registries-v0, fabric-convention-tags-v1, fabric-crash-report-info-v1, fabric-data-attachment-api-v1, fabric-data-generation-api-v1, fabric-dimensions-v1, fabric-entity-events-v1, fabric-events-interaction-v0, fabric-events-lifecycle-v0, fabric-game-rule-api-v1, fabric-gametest-api-v1, fabric-item-api-v1, fabric-item-group-api-v1, fabric-key-binding-api-v1, fabric-keybindings-v0]
[04:29:35] [Render thread/DEBUG] (net.fabricmc.fabric.impl.resource.loader.ModResourcePackUtil) [Fabric] cur @ fabric, auto-enabled fabric-lifecycle-events-v1, currently enabled: [vanilla, fabric, depression, fabric-api, fabric-api-base, fabric-api-lookup-api-v1, fabric-biome-api-v1, fabric-block-api-v1, fabric-block-view-api-v2, fabric-blockrenderlayer-v1, fabric-client-tags-api-v1, fabric-command-api-v1, fabric-command-api-v2, fabric-commands-v0, fabric-containers-v0, fabric-content-registries-v0, fabric-convention-tags-v1, fabric-crash-report-info-v1, fabric-data-attachment-api-v1, fabric-data-generation-api-v1, fabric-dimensions-v1, fabric-entity-events-v1, fabric-events-interaction-v0, fabric-events-lifecycle-v0, fabric-game-rule-api-v1, fabric-gametest-api-v1, fabric-item-api-v1, fabric-item-group-api-v1, fabric-key-binding-api-v1, fabric-keybindings-v0, fabric-lifecycle-events-v1]
[04:29:35] [Render thread/DEBUG] (net.fabricmc.fabric.impl.resource.loader.ModResourcePackUtil) [Fabric] cur @ fabric, auto-enabled fabric-loot-api-v2, currently enabled: [vanilla, fabric, depression, fabric-api, fabric-api-base, fabric-api-lookup-api-v1, fabric-biome-api-v1, fabric-block-api-v1, fabric-block-view-api-v2, fabric-blockrenderlayer-v1, fabric-client-tags-api-v1, fabric-command-api-v1, fabric-command-api-v2, fabric-commands-v0, fabric-containers-v0, fabric-content-registries-v0, fabric-convention-tags-v1, fabric-crash-report-info-v1, fabric-data-attachment-api-v1, fabric-data-generation-api-v1, fabric-dimensions-v1, fabric-entity-events-v1, fabric-events-interaction-v0, fabric-events-lifecycle-v0, fabric-game-rule-api-v1, fabric-gametest-api-v1, fabric-item-api-v1, fabric-item-group-api-v1, fabric-key-binding-api-v1, fabric-keybindings-v0, fabric-lifecycle-events-v1, fabric-loot-api-v2]
[04:29:35] [Render thread/DEBUG] (net.fabricmc.fabric.impl.resource.loader.ModResourcePackUtil) [Fabric] cur @ fabric, auto-enabled fabric-message-api-v1, currently enabled: [vanilla, fabric, depression, fabric-api, fabric-api-base, fabric-api-lookup-api-v1, fabric-biome-api-v1, fabric-block-api-v1, fabric-block-view-api-v2, fabric-blockrenderlayer-v1, fabric-client-tags-api-v1, fabric-command-api-v1, fabric-command-api-v2, fabric-commands-v0, fabric-containers-v0, fabric-content-registries-v0, fabric-convention-tags-v1, fabric-crash-report-info-v1, fabric-data-attachment-api-v1, fabric-data-generation-api-v1, fabric-dimensions-v1, fabric-entity-events-v1, fabric-events-interaction-v0, fabric-events-lifecycle-v0, fabric-game-rule-api-v1, fabric-gametest-api-v1, fabric-item-api-v1, fabric-item-group-api-v1, fabric-key-binding-api-v1, fabric-keybindings-v0, fabric-lifecycle-events-v1, fabric-loot-api-v2, fabric-message-api-v1]
[04:29:35] [Render thread/DEBUG] (net.fabricmc.fabric.impl.resource.loader.ModResourcePackUtil) [Fabric] cur @ fabric, auto-enabled fabric-mining-level-api-v1, currently enabled: [vanilla, fabric, depression, fabric-api, fabric-api-base, fabric-api-lookup-api-v1, fabric-biome-api-v1, fabric-block-api-v1, fabric-block-view-api-v2, fabric-blockrenderlayer-v1, fabric-client-tags-api-v1, fabric-command-api-v1, fabric-command-api-v2, fabric-commands-v0, fabric-containers-v0, fabric-content-registries-v0, fabric-convention-tags-v1, fabric-crash-report-info-v1, fabric-data-attachment-api-v1, fabric-data-generation-api-v1, fabric-dimensions-v1, fabric-entity-events-v1, fabric-events-interaction-v0, fabric-events-lifecycle-v0, fabric-game-rule-api-v1, fabric-gametest-api-v1, fabric-item-api-v1, fabric-item-group-api-v1, fabric-key-binding-api-v1, fabric-keybindings-v0, fabric-lifecycle-events-v1, fabric-loot-api-v2, fabric-message-api-v1, fabric-mining-level-api-v1]
[04:29:35] [Render thread/DEBUG] (net.fabricmc.fabric.impl.resource.loader.ModResourcePackUtil) [Fabric] cur @ fabric, auto-enabled fabric-model-loading-api-v1, currently enabled: [vanilla, fabric, depression, fabric-api, fabric-api-base, fabric-api-lookup-api-v1, fabric-biome-api-v1, fabric-block-api-v1, fabric-block-view-api-v2, fabric-blockrenderlayer-v1, fabric-client-tags-api-v1, fabric-command-api-v1, fabric-command-api-v2, fabric-commands-v0, fabric-containers-v0, fabric-content-registries-v0, fabric-convention-tags-v1, fabric-crash-report-info-v1, fabric-data-attachment-api-v1, fabric-data-generation-api-v1, fabric-dimensions-v1, fabric-entity-events-v1, fabric-events-interaction-v0, fabric-events-lifecycle-v0, fabric-game-rule-api-v1, fabric-gametest-api-v1, fabric-item-api-v1, fabric-item-group-api-v1, fabric-key-binding-api-v1, fabric-keybindings-v0, fabric-lifecycle-events-v1, fabric-loot-api-v2, fabric-message-api-v1, fabric-mining-level-api-v1, fabric-model-loading-api-v1]
[04:29:35] [Render thread/DEBUG] (net.fabricmc.fabric.impl.resource.loader.ModResourcePackUtil) [Fabric] cur @ fabric, auto-enabled fabric-models-v0, currently enabled: [vanilla, fabric, depression, fabric-api, fabric-api-base, fabric-api-lookup-api-v1, fabric-biome-api-v1, fabric-block-api-v1, fabric-block-view-api-v2, fabric-blockrenderlayer-v1, fabric-client-tags-api-v1, fabric-command-api-v1, fabric-command-api-v2, fabric-commands-v0, fabric-containers-v0, fabric-content-registries-v0, fabric-convention-tags-v1, fabric-crash-report-info-v1, fabric-data-attachment-api-v1, fabric-data-generation-api-v1, fabric-dimensions-v1, fabric-entity-events-v1, fabric-events-interaction-v0, fabric-events-lifecycle-v0, fabric-game-rule-api-v1, fabric-gametest-api-v1, fabric-item-api-v1, fabric-item-group-api-v1, fabric-key-binding-api-v1, fabric-keybindings-v0, fabric-lifecycle-events-v1, fabric-loot-api-v2, fabric-message-api-v1, fabric-mining-level-api-v1, fabric-model-loading-api-v1, fabric-models-v0]
[04:29:35] [Render thread/DEBUG] (net.fabricmc.fabric.impl.resource.loader.ModResourcePackUtil) [Fabric] cur @ fabric, auto-enabled fabric-networking-api-v1, currently enabled: [vanilla, fabric, depression, fabric-api, fabric-api-base, fabric-api-lookup-api-v1, fabric-biome-api-v1, fabric-block-api-v1, fabric-block-view-api-v2, fabric-blockrenderlayer-v1, fabric-client-tags-api-v1, fabric-command-api-v1, fabric-command-api-v2, fabric-commands-v0, fabric-containers-v0, fabric-content-registries-v0, fabric-convention-tags-v1, fabric-crash-report-info-v1, fabric-data-attachment-api-v1, fabric-data-generation-api-v1, fabric-dimensions-v1, fabric-entity-events-v1, fabric-events-interaction-v0, fabric-events-lifecycle-v0, fabric-game-rule-api-v1, fabric-gametest-api-v1, fabric-item-api-v1, fabric-item-group-api-v1, fabric-key-binding-api-v1, fabric-keybindings-v0, fabric-lifecycle-events-v1, fabric-loot-api-v2, fabric-message-api-v1, fabric-mining-level-api-v1, fabric-model-loading-api-v1, fabric-models-v0, fabric-networking-api-v1]
[04:29:35] [Render thread/DEBUG] (net.fabricmc.fabric.impl.resource.loader.ModResourcePackUtil) [Fabric] cur @ fabric, auto-enabled fabric-object-builder-api-v1, currently enabled: [vanilla, fabric, depression, fabric-api, fabric-api-base, fabric-api-lookup-api-v1, fabric-biome-api-v1, fabric-block-api-v1, fabric-block-view-api-v2, fabric-blockrenderlayer-v1, fabric-client-tags-api-v1, fabric-command-api-v1, fabric-command-api-v2, fabric-commands-v0, fabric-containers-v0, fabric-content-registries-v0, fabric-convention-tags-v1, fabric-crash-report-info-v1, fabric-data-attachment-api-v1, fabric-data-generation-api-v1, fabric-dimensions-v1, fabric-entity-events-v1, fabric-events-interaction-v0, fabric-events-lifecycle-v0, fabric-game-rule-api-v1, fabric-gametest-api-v1, fabric-item-api-v1, fabric-item-group-api-v1, fabric-key-binding-api-v1, fabric-keybindings-v0, fabric-lifecycle-events-v1, fabric-loot-api-v2, fabric-message-api-v1, fabric-mining-level-api-v1, fabric-model-loading-api-v1, fabric-models-v0, fabric-networking-api-v1, fabric-object-builder-api-v1]
[04:29:35] [Render thread/DEBUG] (net.fabricmc.fabric.impl.resource.loader.ModResourcePackUtil) [Fabric] cur @ fabric, auto-enabled fabric-particles-v1, currently enabled: [vanilla, fabric, depression, fabric-api, fabric-api-base, fabric-api-lookup-api-v1, fabric-biome-api-v1, fabric-block-api-v1, fabric-block-view-api-v2, fabric-blockrenderlayer-v1, fabric-client-tags-api-v1, fabric-command-api-v1, fabric-command-api-v2, fabric-commands-v0, fabric-containers-v0, fabric-content-registries-v0, fabric-convention-tags-v1, fabric-crash-report-info-v1, fabric-data-attachment-api-v1, fabric-data-generation-api-v1, fabric-dimensions-v1, fabric-entity-events-v1, fabric-events-interaction-v0, fabric-events-lifecycle-v0, fabric-game-rule-api-v1, fabric-gametest-api-v1, fabric-item-api-v1, fabric-item-group-api-v1, fabric-key-binding-api-v1, fabric-keybindings-v0, fabric-lifecycle-events-v1, fabric-loot-api-v2, fabric-message-api-v1, fabric-mining-level-api-v1, fabric-model-loading-api-v1, fabric-models-v0, fabric-networking-api-v1, fabric-object-builder-api-v1, fabric-particles-v1]
[04:29:35] [Render thread/DEBUG] (net.fabricmc.fabric.impl.resource.loader.ModResourcePackUtil) [Fabric] cur @ fabric, auto-enabled fabric-recipe-api-v1, currently enabled: [vanilla, fabric, depression, fabric-api, fabric-api-base, fabric-api-lookup-api-v1, fabric-biome-api-v1, fabric-block-api-v1, fabric-block-view-api-v2, fabric-blockrenderlayer-v1, fabric-client-tags-api-v1, fabric-command-api-v1, fabric-command-api-v2, fabric-commands-v0, fabric-containers-v0, fabric-content-registries-v0, fabric-convention-tags-v1, fabric-crash-report-info-v1, fabric-data-attachment-api-v1, fabric-data-generation-api-v1, fabric-dimensions-v1, fabric-entity-events-v1, fabric-events-interaction-v0, fabric-events-lifecycle-v0, fabric-game-rule-api-v1, fabric-gametest-api-v1, fabric-item-api-v1, fabric-item-group-api-v1, fabric-key-binding-api-v1, fabric-keybindings-v0, fabric-lifecycle-events-v1, fabric-loot-api-v2, fabric-message-api-v1, fabric-mining-level-api-v1, fabric-model-loading-api-v1, fabric-models-v0, fabric-networking-api-v1, fabric-object-builder-api-v1, fabric-particles-v1, fabric-recipe-api-v1]
[04:29:35] [Render thread/DEBUG] (net.fabricmc.fabric.impl.resource.loader.ModResourcePackUtil) [Fabric] cur @ fabric, auto-enabled fabric-registry-sync-v0, currently enabled: [vanilla, fabric, depression, fabric-api, fabric-api-base, fabric-api-lookup-api-v1, fabric-biome-api-v1, fabric-block-api-v1, fabric-block-view-api-v2, fabric-blockrenderlayer-v1, fabric-client-tags-api-v1, fabric-command-api-v1, fabric-command-api-v2, fabric-commands-v0, fabric-containers-v0, fabric-content-registries-v0, fabric-convention-tags-v1, fabric-crash-report-info-v1, fabric-data-attachment-api-v1, fabric-data-generation-api-v1, fabric-dimensions-v1, fabric-entity-events-v1, fabric-events-interaction-v0, fabric-events-lifecycle-v0, fabric-game-rule-api-v1, fabric-gametest-api-v1, fabric-item-api-v1, fabric-item-group-api-v1, fabric-key-binding-api-v1, fabric-keybindings-v0, fabric-lifecycle-events-v1, fabric-loot-api-v2, fabric-message-api-v1, fabric-mining-level-api-v1, fabric-model-loading-api-v1, fabric-models-v0, fabric-networking-api-v1, fabric-object-builder-api-v1, fabric-particles-v1, fabric-recipe-api-v1, fabric-registry-sync-v0]
[04:29:35] [Render thread/DEBUG] (net.fabricmc.fabric.impl.resource.loader.ModResourcePackUtil) [Fabric] cur @ fabric, auto-enabled fabric-renderer-api-v1, currently enabled: [vanilla, fabric, depression, fabric-api, fabric-api-base, fabric-api-lookup-api-v1, fabric-biome-api-v1, fabric-block-api-v1, fabric-block-view-api-v2, fabric-blockrenderlayer-v1, fabric-client-tags-api-v1, fabric-command-api-v1, fabric-command-api-v2, fabric-commands-v0, fabric-containers-v0, fabric-content-registries-v0, fabric-convention-tags-v1, fabric-crash-report-info-v1, fabric-data-attachment-api-v1, fabric-data-generation-api-v1, fabric-dimensions-v1, fabric-entity-events-v1, fabric-events-interaction-v0, fabric-events-lifecycle-v0, fabric-game-rule-api-v1, fabric-gametest-api-v1, fabric-item-api-v1, fabric-item-group-api-v1, fabric-key-binding-api-v1, fabric-keybindings-v0, fabric-lifecycle-events-v1, fabric-loot-api-v2, fabric-message-api-v1, fabric-mining-level-api-v1, fabric-model-loading-api-v1, fabric-models-v0, fabric-networking-api-v1, fabric-object-builder-api-v1, fabric-particles-v1, fabric-recipe-api-v1, fabric-registry-sync-v0, fabric-renderer-api-v1]
[04:29:35] [Render thread/DEBUG] (net.fabricmc.fabric.impl.resource.loader.ModResourcePackUtil) [Fabric] cur @ fabric, auto-enabled fabric-renderer-indigo, currently enabled: [vanilla, fabric, depression, fabric-api, fabric-api-base, fabric-api-lookup-api-v1, fabric-biome-api-v1, fabric-block-api-v1, fabric-block-view-api-v2, fabric-blockrenderlayer-v1, fabric-client-tags-api-v1, fabric-command-api-v1, fabric-command-api-v2, fabric-commands-v0, fabric-containers-v0, fabric-content-registries-v0, fabric-convention-tags-v1, fabric-crash-report-info-v1, fabric-data-attachment-api-v1, fabric-data-generation-api-v1, fabric-dimensions-v1, fabric-entity-events-v1, fabric-events-interaction-v0, fabric-events-lifecycle-v0, fabric-game-rule-api-v1, fabric-gametest-api-v1, fabric-item-api-v1, fabric-item-group-api-v1, fabric-key-binding-api-v1, fabric-keybindings-v0, fabric-lifecycle-events-v1, fabric-loot-api-v2, fabric-message-api-v1, fabric-mining-level-api-v1, fabric-model-loading-api-v1, fabric-models-v0, fabric-networking-api-v1, fabric-object-builder-api-v1, fabric-particles-v1, fabric-recipe-api-v1, fabric-registry-sync-v0, fabric-renderer-api-v1, fabric-renderer-indigo]
[04:29:35] [Render thread/DEBUG] (net.fabricmc.fabric.impl.resource.loader.ModResourcePackUtil) [Fabric] cur @ fabric, auto-enabled fabric-renderer-registries-v1, currently enabled: [vanilla, fabric, depression, fabric-api, fabric-api-base, fabric-api-lookup-api-v1, fabric-biome-api-v1, fabric-block-api-v1, fabric-block-view-api-v2, fabric-blockrenderlayer-v1, fabric-client-tags-api-v1, fabric-command-api-v1, fabric-command-api-v2, fabric-commands-v0, fabric-containers-v0, fabric-content-registries-v0, fabric-convention-tags-v1, fabric-crash-report-info-v1, fabric-data-attachment-api-v1, fabric-data-generation-api-v1, fabric-dimensions-v1, fabric-entity-events-v1, fabric-events-interaction-v0, fabric-events-lifecycle-v0, fabric-game-rule-api-v1, fabric-gametest-api-v1, fabric-item-api-v1, fabric-item-group-api-v1, fabric-key-binding-api-v1, fabric-keybindings-v0, fabric-lifecycle-events-v1, fabric-loot-api-v2, fabric-message-api-v1, fabric-mining-level-api-v1, fabric-model-loading-api-v1, fabric-models-v0, fabric-networking-api-v1, fabric-object-builder-api-v1, fabric-particles-v1, fabric-recipe-api-v1, fabric-registry-sync-v0, fabric-renderer-api-v1, fabric-renderer-indigo, fabric-renderer-registries-v1]
[04:29:35] [Render thread/DEBUG] (net.fabricmc.fabric.impl.resource.loader.ModResourcePackUtil) [Fabric] cur @ fabric, auto-enabled fabric-rendering-data-attachment-v1, currently enabled: [vanilla, fabric, depression, fabric-api, fabric-api-base, fabric-api-lookup-api-v1, fabric-biome-api-v1, fabric-block-api-v1, fabric-block-view-api-v2, fabric-blockrenderlayer-v1, fabric-client-tags-api-v1, fabric-command-api-v1, fabric-command-api-v2, fabric-commands-v0, fabric-containers-v0, fabric-content-registries-v0, fabric-convention-tags-v1, fabric-crash-report-info-v1, fabric-data-attachment-api-v1, fabric-data-generation-api-v1, fabric-dimensions-v1, fabric-entity-events-v1, fabric-events-interaction-v0, fabric-events-lifecycle-v0, fabric-game-rule-api-v1, fabric-gametest-api-v1, fabric-item-api-v1, fabric-item-group-api-v1, fabric-key-binding-api-v1, fabric-keybindings-v0, fabric-lifecycle-events-v1, fabric-loot-api-v2, fabric-message-api-v1, fabric-mining-level-api-v1, fabric-model-loading-api-v1, fabric-models-v0, fabric-networking-api-v1, fabric-object-builder-api-v1, fabric-particles-v1, fabric-recipe-api-v1, fabric-registry-sync-v0, fabric-renderer-api-v1, fabric-renderer-indigo, fabric-renderer-registries-v1, fabric-rendering-data-attachment-v1]
[04:29:35] [Render thread/DEBUG] (net.fabricmc.fabric.impl.resource.loader.ModResourcePackUtil) [Fabric] cur @ fabric, auto-enabled fabric-rendering-fluids-v1, currently enabled: [vanilla, fabric, depression, fabric-api, fabric-api-base, fabric-api-lookup-api-v1, fabric-biome-api-v1, fabric-block-api-v1, fabric-block-view-api-v2, fabric-blockrenderlayer-v1, fabric-client-tags-api-v1, fabric-command-api-v1, fabric-command-api-v2, fabric-commands-v0, fabric-containers-v0, fabric-content-registries-v0, fabric-convention-tags-v1, fabric-crash-report-info-v1, fabric-data-attachment-api-v1, fabric-data-generation-api-v1, fabric-dimensions-v1, fabric-entity-events-v1, fabric-events-interaction-v0, fabric-events-lifecycle-v0, fabric-game-rule-api-v1, fabric-gametest-api-v1, fabric-item-api-v1, fabric-item-group-api-v1, fabric-key-binding-api-v1, fabric-keybindings-v0, fabric-lifecycle-events-v1, fabric-loot-api-v2, fabric-message-api-v1, fabric-mining-level-api-v1, fabric-model-loading-api-v1, fabric-models-v0, fabric-networking-api-v1, fabric-object-builder-api-v1, fabric-particles-v1, fabric-recipe-api-v1, fabric-registry-sync-v0, fabric-renderer-api-v1, fabric-renderer-indigo, fabric-renderer-registries-v1, fabric-rendering-data-attachment-v1, fabric-rendering-fluids-v1]
[04:29:35] [Render thread/DEBUG] (net.fabricmc.fabric.impl.resource.loader.ModResourcePackUtil) [Fabric] cur @ fabric, auto-enabled fabric-rendering-v0, currently enabled: [vanilla, fabric, depression, fabric-api, fabric-api-base, fabric-api-lookup-api-v1, fabric-biome-api-v1, fabric-block-api-v1, fabric-block-view-api-v2, fabric-blockrenderlayer-v1, fabric-client-tags-api-v1, fabric-command-api-v1, fabric-command-api-v2, fabric-commands-v0, fabric-containers-v0, fabric-content-registries-v0, fabric-convention-tags-v1, fabric-crash-report-info-v1, fabric-data-attachment-api-v1, fabric-data-generation-api-v1, fabric-dimensions-v1, fabric-entity-events-v1, fabric-events-interaction-v0, fabric-events-lifecycle-v0, fabric-game-rule-api-v1, fabric-gametest-api-v1, fabric-item-api-v1, fabric-item-group-api-v1, fabric-key-binding-api-v1, fabric-keybindings-v0, fabric-lifecycle-events-v1, fabric-loot-api-v2, fabric-message-api-v1, fabric-mining-level-api-v1, fabric-model-loading-api-v1, fabric-models-v0, fabric-networking-api-v1, fabric-object-builder-api-v1, fabric-particles-v1, fabric-recipe-api-v1, fabric-registry-sync-v0, fabric-renderer-api-v1, fabric-renderer-indigo, fabric-renderer-registries-v1, fabric-rendering-data-attachment-v1, fabric-rendering-fluids-v1, fabric-rendering-v0]
[04:29:35] [Render thread/DEBUG] (net.fabricmc.fabric.impl.resource.loader.ModResourcePackUtil) [Fabric] cur @ fabric, auto-enabled fabric-rendering-v1, currently enabled: [vanilla, fabric, depression, fabric-api, fabric-api-base, fabric-api-lookup-api-v1, fabric-biome-api-v1, fabric-block-api-v1, fabric-block-view-api-v2, fabric-blockrenderlayer-v1, fabric-client-tags-api-v1, fabric-command-api-v1, fabric-command-api-v2, fabric-commands-v0, fabric-containers-v0, fabric-content-registries-v0, fabric-convention-tags-v1, fabric-crash-report-info-v1, fabric-data-attachment-api-v1, fabric-data-generation-api-v1, fabric-dimensions-v1, fabric-entity-events-v1, fabric-events-interaction-v0, fabric-events-lifecycle-v0, fabric-game-rule-api-v1, fabric-gametest-api-v1, fabric-item-api-v1, fabric-item-group-api-v1, fabric-key-binding-api-v1, fabric-keybindings-v0, fabric-lifecycle-events-v1, fabric-loot-api-v2, fabric-message-api-v1, fabric-mining-level-api-v1, fabric-model-loading-api-v1, fabric-models-v0, fabric-networking-api-v1, fabric-object-builder-api-v1, fabric-particles-v1, fabric-recipe-api-v1, fabric-registry-sync-v0, fabric-renderer-api-v1, fabric-renderer-indigo, fabric-renderer-registries-v1, fabric-rendering-data-attachment-v1, fabric-rendering-fluids-v1, fabric-rendering-v0, fabric-rendering-v1]
[04:29:35] [Render thread/DEBUG] (net.fabricmc.fabric.impl.resource.loader.ModResourcePackUtil) [Fabric] cur @ fabric, auto-enabled fabric-resource-conditions-api-v1, currently enabled: [vanilla, fabric, depression, fabric-api, fabric-api-base, fabric-api-lookup-api-v1, fabric-biome-api-v1, fabric-block-api-v1, fabric-block-view-api-v2, fabric-blockrenderlayer-v1, fabric-client-tags-api-v1, fabric-command-api-v1, fabric-command-api-v2, fabric-commands-v0, fabric-containers-v0, fabric-content-registries-v0, fabric-convention-tags-v1, fabric-crash-report-info-v1, fabric-data-attachment-api-v1, fabric-data-generation-api-v1, fabric-dimensions-v1, fabric-entity-events-v1, fabric-events-interaction-v0, fabric-events-lifecycle-v0, fabric-game-rule-api-v1, fabric-gametest-api-v1, fabric-item-api-v1, fabric-item-group-api-v1, fabric-key-binding-api-v1, fabric-keybindings-v0, fabric-lifecycle-events-v1, fabric-loot-api-v2, fabric-message-api-v1, fabric-mining-level-api-v1, fabric-model-loading-api-v1, fabric-models-v0, fabric-networking-api-v1, fabric-object-builder-api-v1, fabric-particles-v1, fabric-recipe-api-v1, fabric-registry-sync-v0, fabric-renderer-api-v1, fabric-renderer-indigo, fabric-renderer-registries-v1, fabric-rendering-data-attachment-v1, fabric-rendering-fluids-v1, fabric-rendering-v0, fabric-rendering-v1, fabric-resource-conditions-api-v1]
[04:29:35] [Render thread/DEBUG] (net.fabricmc.fabric.impl.resource.loader.ModResourcePackUtil) [Fabric] cur @ fabric, auto-enabled fabric-resource-loader-v0, currently enabled: [vanilla, fabric, depression, fabric-api, fabric-api-base, fabric-api-lookup-api-v1, fabric-biome-api-v1, fabric-block-api-v1, fabric-block-view-api-v2, fabric-blockrenderlayer-v1, fabric-client-tags-api-v1, fabric-command-api-v1, fabric-command-api-v2, fabric-commands-v0, fabric-containers-v0, fabric-content-registries-v0, fabric-convention-tags-v1, fabric-crash-report-info-v1, fabric-data-attachment-api-v1, fabric-data-generation-api-v1, fabric-dimensions-v1, fabric-entity-events-v1, fabric-events-interaction-v0, fabric-events-lifecycle-v0, fabric-game-rule-api-v1, fabric-gametest-api-v1, fabric-item-api-v1, fabric-item-group-api-v1, fabric-key-binding-api-v1, fabric-keybindings-v0, fabric-lifecycle-events-v1, fabric-loot-api-v2, fabric-message-api-v1, fabric-mining-level-api-v1, fabric-model-loading-api-v1, fabric-models-v0, fabric-networking-api-v1, fabric-object-builder-api-v1, fabric-particles-v1, fabric-recipe-api-v1, fabric-registry-sync-v0, fabric-renderer-api-v1, fabric-renderer-indigo, fabric-renderer-registries-v1, fabric-rendering-data-attachment-v1, fabric-rendering-fluids-v1, fabric-rendering-v0, fabric-rendering-v1, fabric-resource-conditions-api-v1, fabric-resource-loader-v0]
[04:29:35] [Render thread/DEBUG] (net.fabricmc.fabric.impl.resource.loader.ModResourcePackUtil) [Fabric] cur @ fabric, auto-enabled fabric-screen-api-v1, currently enabled: [vanilla, fabric, depression, fabric-api, fabric-api-base, fabric-api-lookup-api-v1, fabric-biome-api-v1, fabric-block-api-v1, fabric-block-view-api-v2, fabric-blockrenderlayer-v1, fabric-client-tags-api-v1, fabric-command-api-v1, fabric-command-api-v2, fabric-commands-v0, fabric-containers-v0, fabric-content-registries-v0, fabric-convention-tags-v1, fabric-crash-report-info-v1, fabric-data-attachment-api-v1, fabric-data-generation-api-v1, fabric-dimensions-v1, fabric-entity-events-v1, fabric-events-interaction-v0, fabric-events-lifecycle-v0, fabric-game-rule-api-v1, fabric-gametest-api-v1, fabric-item-api-v1, fabric-item-group-api-v1, fabric-key-binding-api-v1, fabric-keybindings-v0, fabric-lifecycle-events-v1, fabric-loot-api-v2, fabric-message-api-v1, fabric-mining-level-api-v1, fabric-model-loading-api-v1, fabric-models-v0, fabric-networking-api-v1, fabric-object-builder-api-v1, fabric-particles-v1, fabric-recipe-api-v1, fabric-registry-sync-v0, fabric-renderer-api-v1, fabric-renderer-indigo, fabric-renderer-registries-v1, fabric-rendering-data-attachment-v1, fabric-rendering-fluids-v1, fabric-rendering-v0, fabric-rendering-v1, fabric-resource-conditions-api-v1, fabric-resource-loader-v0, fabric-screen-api-v1]
[04:29:35] [Render thread/DEBUG] (net.fabricmc.fabric.impl.resource.loader.ModResourcePackUtil) [Fabric] cur @ fabric, auto-enabled fabric-screen-handler-api-v1, currently enabled: [vanilla, fabric, depression, fabric-api, fabric-api-base, fabric-api-lookup-api-v1, fabric-biome-api-v1, fabric-block-api-v1, fabric-block-view-api-v2, fabric-blockrenderlayer-v1, fabric-client-tags-api-v1, fabric-command-api-v1, fabric-command-api-v2, fabric-commands-v0, fabric-containers-v0, fabric-content-registries-v0, fabric-convention-tags-v1, fabric-crash-report-info-v1, fabric-data-attachment-api-v1, fabric-data-generation-api-v1, fabric-dimensions-v1, fabric-entity-events-v1, fabric-events-interaction-v0, fabric-events-lifecycle-v0, fabric-game-rule-api-v1, fabric-gametest-api-v1, fabric-item-api-v1, fabric-item-group-api-v1, fabric-key-binding-api-v1, fabric-keybindings-v0, fabric-lifecycle-events-v1, fabric-loot-api-v2, fabric-message-api-v1, fabric-mining-level-api-v1, fabric-model-loading-api-v1, fabric-models-v0, fabric-networking-api-v1, fabric-object-builder-api-v1, fabric-particles-v1, fabric-recipe-api-v1, fabric-registry-sync-v0, fabric-renderer-api-v1, fabric-renderer-indigo, fabric-renderer-registries-v1, fabric-rendering-data-attachment-v1, fabric-rendering-fluids-v1, fabric-rendering-v0, fabric-rendering-v1, fabric-resource-conditions-api-v1, fabric-resource-loader-v0, fabric-screen-api-v1, fabric-screen-handler-api-v1]
[04:29:35] [Render thread/DEBUG] (net.fabricmc.fabric.impl.resource.loader.ModResourcePackUtil) [Fabric] cur @ fabric, auto-enabled fabric-sound-api-v1, currently enabled: [vanilla, fabric, depression, fabric-api, fabric-api-base, fabric-api-lookup-api-v1, fabric-biome-api-v1, fabric-block-api-v1, fabric-block-view-api-v2, fabric-blockrenderlayer-v1, fabric-client-tags-api-v1, fabric-command-api-v1, fabric-command-api-v2, fabric-commands-v0, fabric-containers-v0, fabric-content-registries-v0, fabric-convention-tags-v1, fabric-crash-report-info-v1, fabric-data-attachment-api-v1, fabric-data-generation-api-v1, fabric-dimensions-v1, fabric-entity-events-v1, fabric-events-interaction-v0, fabric-events-lifecycle-v0, fabric-game-rule-api-v1, fabric-gametest-api-v1, fabric-item-api-v1, fabric-item-group-api-v1, fabric-key-binding-api-v1, fabric-keybindings-v0, fabric-lifecycle-events-v1, fabric-loot-api-v2, fabric-message-api-v1, fabric-mining-level-api-v1, fabric-model-loading-api-v1, fabric-models-v0, fabric-networking-api-v1, fabric-object-builder-api-v1, fabric-particles-v1, fabric-recipe-api-v1, fabric-registry-sync-v0, fabric-renderer-api-v1, fabric-renderer-indigo, fabric-renderer-registries-v1, fabric-rendering-data-attachment-v1, fabric-rendering-fluids-v1, fabric-rendering-v0, fabric-rendering-v1, fabric-resource-conditions-api-v1, fabric-resource-loader-v0, fabric-screen-api-v1, fabric-screen-handler-api-v1, fabric-sound-api-v1]
[04:29:35] [Render thread/DEBUG] (net.fabricmc.fabric.impl.resource.loader.ModResourcePackUtil) [Fabric] cur @ fabric, auto-enabled fabric-transfer-api-v1, currently enabled: [vanilla, fabric, depression, fabric-api, fabric-api-base, fabric-api-lookup-api-v1, fabric-biome-api-v1, fabric-block-api-v1, fabric-block-view-api-v2, fabric-blockrenderlayer-v1, fabric-client-tags-api-v1, fabric-command-api-v1, fabric-command-api-v2, fabric-commands-v0, fabric-containers-v0, fabric-content-registries-v0, fabric-convention-tags-v1, fabric-crash-report-info-v1, fabric-data-attachment-api-v1, fabric-data-generation-api-v1, fabric-dimensions-v1, fabric-entity-events-v1, fabric-events-interaction-v0, fabric-events-lifecycle-v0, fabric-game-rule-api-v1, fabric-gametest-api-v1, fabric-item-api-v1, fabric-item-group-api-v1, fabric-key-binding-api-v1, fabric-keybindings-v0, fabric-lifecycle-events-v1, fabric-loot-api-v2, fabric-message-api-v1, fabric-mining-level-api-v1, fabric-model-loading-api-v1, fabric-models-v0, fabric-networking-api-v1, fabric-object-builder-api-v1, fabric-particles-v1, fabric-recipe-api-v1, fabric-registry-sync-v0, fabric-renderer-api-v1, fabric-renderer-indigo, fabric-renderer-registries-v1, fabric-rendering-data-attachment-v1, fabric-rendering-fluids-v1, fabric-rendering-v0, fabric-rendering-v1, fabric-resource-conditions-api-v1, fabric-resource-loader-v0, fabric-screen-api-v1, fabric-screen-handler-api-v1, fabric-sound-api-v1, fabric-transfer-api-v1]
[04:29:35] [Render thread/DEBUG] (net.fabricmc.fabric.impl.resource.loader.ModResourcePackUtil) [Fabric] cur @ fabric, auto-enabled fabric-transitive-access-wideners-v1, currently enabled: [vanilla, fabric, depression, fabric-api, fabric-api-base, fabric-api-lookup-api-v1, fabric-biome-api-v1, fabric-block-api-v1, fabric-block-view-api-v2, fabric-blockrenderlayer-v1, fabric-client-tags-api-v1, fabric-command-api-v1, fabric-command-api-v2, fabric-commands-v0, fabric-containers-v0, fabric-content-registries-v0, fabric-convention-tags-v1, fabric-crash-report-info-v1, fabric-data-attachment-api-v1, fabric-data-generation-api-v1, fabric-dimensions-v1, fabric-entity-events-v1, fabric-events-interaction-v0, fabric-events-lifecycle-v0, fabric-game-rule-api-v1, fabric-gametest-api-v1, fabric-item-api-v1, fabric-item-group-api-v1, fabric-key-binding-api-v1, fabric-keybindings-v0, fabric-lifecycle-events-v1, fabric-loot-api-v2, fabric-message-api-v1, fabric-mining-level-api-v1, fabric-model-loading-api-v1, fabric-models-v0, fabric-networking-api-v1, fabric-object-builder-api-v1, fabric-particles-v1, fabric-recipe-api-v1, fabric-registry-sync-v0, fabric-renderer-api-v1, fabric-renderer-indigo, fabric-renderer-registries-v1, fabric-rendering-data-attachment-v1, fabric-rendering-fluids-v1, fabric-rendering-v0, fabric-rendering-v1, fabric-resource-conditions-api-v1, fabric-resource-loader-v0, fabric-screen-api-v1, fabric-screen-handler-api-v1, fabric-sound-api-v1, fabric-transfer-api-v1, fabric-transitive-access-wideners-v1]
[04:29:35] [Render thread/DEBUG] (net.fabricmc.fabric.impl.resource.loader.ModResourcePackUtil) [Fabric] cur @ fabric, auto-enabled fabricloader, currently enabled: [vanilla, fabric, depression, fabric-api, fabric-api-base, fabric-api-lookup-api-v1, fabric-biome-api-v1, fabric-block-api-v1, fabric-block-view-api-v2, fabric-blockrenderlayer-v1, fabric-client-tags-api-v1, fabric-command-api-v1, fabric-command-api-v2, fabric-commands-v0, fabric-containers-v0, fabric-content-registries-v0, fabric-convention-tags-v1, fabric-crash-report-info-v1, fabric-data-attachment-api-v1, fabric-data-generation-api-v1, fabric-dimensions-v1, fabric-entity-events-v1, fabric-events-interaction-v0, fabric-events-lifecycle-v0, fabric-game-rule-api-v1, fabric-gametest-api-v1, fabric-item-api-v1, fabric-item-group-api-v1, fabric-key-binding-api-v1, fabric-keybindings-v0, fabric-lifecycle-events-v1, fabric-loot-api-v2, fabric-message-api-v1, fabric-mining-level-api-v1, fabric-model-loading-api-v1, fabric-models-v0, fabric-networking-api-v1, fabric-object-builder-api-v1, fabric-particles-v1, fabric-recipe-api-v1, fabric-registry-sync-v0, fabric-renderer-api-v1, fabric-renderer-indigo, fabric-renderer-registries-v1, fabric-rendering-data-attachment-v1, fabric-rendering-fluids-v1, fabric-rendering-v0, fabric-rendering-v1, fabric-resource-conditions-api-v1, fabric-resource-loader-v0, fabric-screen-api-v1, fabric-screen-handler-api-v1, fabric-sound-api-v1, fabric-transfer-api-v1, fabric-transitive-access-wideners-v1, fabricloader]
[04:29:35] [Render thread/DEBUG] (net.fabricmc.fabric.impl.resource.loader.ModResourcePackUtil) [Fabric] cur @ fabric, auto-enabled generated_293b3eb, currently enabled: [vanilla, fabric, depression, fabric-api, fabric-api-base, fabric-api-lookup-api-v1, fabric-biome-api-v1, fabric-block-api-v1, fabric-block-view-api-v2, fabric-blockrenderlayer-v1, fabric-client-tags-api-v1, fabric-command-api-v1, fabric-command-api-v2, fabric-commands-v0, fabric-containers-v0, fabric-content-registries-v0, fabric-convention-tags-v1, fabric-crash-report-info-v1, fabric-data-attachment-api-v1, fabric-data-generation-api-v1, fabric-dimensions-v1, fabric-entity-events-v1, fabric-events-interaction-v0, fabric-events-lifecycle-v0, fabric-game-rule-api-v1, fabric-gametest-api-v1, fabric-item-api-v1, fabric-item-group-api-v1, fabric-key-binding-api-v1, fabric-keybindings-v0, fabric-lifecycle-events-v1, fabric-loot-api-v2, fabric-message-api-v1, fabric-mining-level-api-v1, fabric-model-loading-api-v1, fabric-models-v0, fabric-networking-api-v1, fabric-object-builder-api-v1, fabric-particles-v1, fabric-recipe-api-v1, fabric-registry-sync-v0, fabric-renderer-api-v1, fabric-renderer-indigo, fabric-renderer-registries-v1, fabric-rendering-data-attachment-v1, fabric-rendering-fluids-v1, fabric-rendering-v0, fabric-rendering-v1, fabric-resource-conditions-api-v1, fabric-resource-loader-v0, fabric-screen-api-v1, fabric-screen-handler-api-v1, fabric-sound-api-v1, fabric-transfer-api-v1, fabric-transitive-access-wideners-v1, fabricloader, generated_293b3eb]
[04:29:35] [Render thread/DEBUG] (net.fabricmc.fabric.impl.resource.loader.ModResourcePackUtil) [Fabric] Final sorting result: [vanilla, fabric, depression, fabric-api, fabric-api-base, fabric-api-lookup-api-v1, fabric-biome-api-v1, fabric-block-api-v1, fabric-block-view-api-v2, fabric-blockrenderlayer-v1, fabric-client-tags-api-v1, fabric-command-api-v1, fabric-command-api-v2, fabric-commands-v0, fabric-containers-v0, fabric-content-registries-v0, fabric-convention-tags-v1, fabric-crash-report-info-v1, fabric-data-attachment-api-v1, fabric-data-generation-api-v1, fabric-dimensions-v1, fabric-entity-events-v1, fabric-events-interaction-v0, fabric-events-lifecycle-v0, fabric-game-rule-api-v1, fabric-gametest-api-v1, fabric-item-api-v1, fabric-item-group-api-v1, fabric-key-binding-api-v1, fabric-keybindings-v0, fabric-lifecycle-events-v1, fabric-loot-api-v2, fabric-message-api-v1, fabric-mining-level-api-v1, fabric-model-loading-api-v1, fabric-models-v0, fabric-networking-api-v1, fabric-object-builder-api-v1, fabric-particles-v1, fabric-recipe-api-v1, fabric-registry-sync-v0, fabric-renderer-api-v1, fabric-renderer-indigo, fabric-renderer-registries-v1, fabric-rendering-data-attachment-v1, fabric-rendering-fluids-v1, fabric-rendering-v0, fabric-rendering-v1, fabric-resource-conditions-api-v1, fabric-resource-loader-v0, fabric-screen-api-v1, fabric-screen-handler-api-v1, fabric-sound-api-v1, fabric-transfer-api-v1, fabric-transitive-access-wideners-v1, fabricloader, generated_293b3eb]
[04:29:35] [Render thread/DEBUG] (FabricLoader/Mixin) Mixing KeyedResourceReloadListenerClientMixin from fabric-resource-loader-v0.client.mixins.json into net.minecraft.client.resources.language.LanguageManager
[04:29:35] [Render thread/DEBUG] (FabricLoader/Mixin) Mixing KeyedResourceReloadListenerClientMixin from fabric-resource-loader-v0.client.mixins.json into net.minecraft.client.renderer.texture.TextureManager
[04:29:35] [Render thread/DEBUG] (FabricLoader/Mixin) Mixing KeyedResourceReloadListenerClientMixin from fabric-resource-loader-v0.client.mixins.json into net.minecraft.client.sounds.SoundManager
[04:29:35] [Render thread/DEBUG] (FabricLoader/Mixin) Mixing SoundSystemMixin from fabric-sound-api-v1.mixins.json into net.minecraft.client.sounds.SoundEngine
[04:29:36] [Render thread/DEBUG] (FabricLoader/Mixin) Mixing FontManagerMixin from fabric-resource-loader-v0.client.mixins.json into net.minecraft.client.gui.font.FontManager
[04:29:36] [Render thread/DEBUG] (FabricLoader/Mixin) Mixing client.FontAccess from depression.mixins.json into net.minecraft.client.gui.Font
[04:29:36] [Render thread/DEBUG] (FabricLoader/Mixin) Mixing BlockColorsMixin from fabric-rendering-v1.mixins.json into net.minecraft.client.color.block.BlockColors
[04:29:36] [Render thread/DEBUG] (FabricLoader/Mixin) Mixing BlockColorsMixin from fabric-registry-sync-v0.client.mixins.json into net.minecraft.client.color.block.BlockColors
[04:29:36] [Render thread/DEBUG] (FabricLoader/Mixin) fabric-rendering-v1.mixins.json:BlockColorsMixin from mod fabric-rendering-v1->@Inject::create(Lorg/spongepowered/asm/mixin/injection/callback/CallbackInfoReturnable;)V does use it's CallbackInfoReturnable
[04:29:36] [Render thread/DEBUG] (FabricLoader/Mixin) fabric-registry-sync-v0.client.mixins.json:BlockColorsMixin from mod fabric-registry-sync-v0->@Inject::create(Lorg/spongepowered/asm/mixin/injection/callback/CallbackInfo;)V doesn't use it's CallbackInfo
[04:29:36] [Render thread/DEBUG] (FabricLoader/Mixin) fabric-registry-sync-v0.client.mixins.json:BlockColorsMixin from mod fabric-registry-sync-v0->@Inject::create(Lorg/spongepowered/asm/mixin/injection/callback/CallbackInfo;)V has 0 override(s) in child classes
[04:29:36] [Render thread/DEBUG] (FabricLoader/Mixin) fabric-registry-sync-v0.client.mixins.json:BlockColorsMixin from mod fabric-registry-sync-v0->@Inject::create(Lorg/spongepowered/asm/mixin/injection/callback/CallbackInfo;)V won't be passed a CallbackInfo as a result
[04:29:36] [Render thread/DEBUG] (FabricLoader/Mixin) Mixing ItemColorsMixin from fabric-rendering-v1.mixins.json into net.minecraft.client.color.item.ItemColors
[04:29:36] [Render thread/DEBUG] (FabricLoader/Mixin) Mixing ItemColorsMixin from fabric-registry-sync-v0.client.mixins.json into net.minecraft.client.color.item.ItemColors
[04:29:36] [Render thread/DEBUG] (FabricLoader/Mixin) fabric-rendering-v1.mixins.json:ItemColorsMixin from mod fabric-rendering-v1->@Inject::create(Lnet/minecraft/client/color/block/BlockColors;Lorg/spongepowered/asm/mixin/injection/callback/CallbackInfoReturnable;)V does use it's CallbackInfoReturnable
[04:29:36] [Render thread/DEBUG] (FabricLoader/Mixin) fabric-registry-sync-v0.client.mixins.json:ItemColorsMixin from mod fabric-registry-sync-v0->@Inject::create(Lorg/spongepowered/asm/mixin/injection/callback/CallbackInfo;)V doesn't use it's CallbackInfo
[04:29:36] [Render thread/DEBUG] (FabricLoader/Mixin) fabric-registry-sync-v0.client.mixins.json:ItemColorsMixin from mod fabric-registry-sync-v0->@Inject::create(Lorg/spongepowered/asm/mixin/injection/callback/CallbackInfo;)V has 0 override(s) in child classes
[04:29:36] [Render thread/DEBUG] (FabricLoader/Mixin) fabric-registry-sync-v0.client.mixins.json:ItemColorsMixin from mod fabric-registry-sync-v0->@Inject::create(Lorg/spongepowered/asm/mixin/injection/callback/CallbackInfo;)V won't be passed a CallbackInfo as a result
[04:29:36] [Render thread/DEBUG] (FabricLoader/Mixin) Mixing KeyedResourceReloadListenerClientMixin from fabric-resource-loader-v0.client.mixins.json into net.minecraft.client.resources.model.ModelManager
[04:29:36] [Render thread/DEBUG] (FabricLoader/Mixin) Mixing BakedModelManagerMixin from fabric-model-loading-api-v1.mixins.json into net.minecraft.client.resources.model.ModelManager
[04:29:36] [Render thread/DEBUG] (FabricLoader/Mixin) Renaming synthetic method lambda$loadModelPluginData$0(Ljava/util/function/BiFunction;Lnet/minecraft/util/Tuple;Ljava/util/List;)Lnet/minecraft/client/resources/model/ModelBakery; to md2e53f5$fabric-model-loading-api-v1$lambda$loadModelPluginData$0$0 in fabric-model-loading-api-v1.mixins.json:BakedModelManagerMixin from mod fabric-model-loading-api-v1
[04:29:36] [Render thread/DEBUG] (FabricLoader/Mixin) Mixing TexturedRenderLayersMixin from fabric-object-builder-v1.client.mixins.json into net.minecraft.client.renderer.Sheets
[04:29:36] [Render thread/DEBUG] (FabricLoader/Mixin) fabric-object-builder-v1.client.mixins.json:TexturedRenderLayersMixin from mod fabric-object-builder-api-v1->@Inject::modifyTextureId(Lnet/minecraft/world/level/block/state/properties/WoodType;Lorg/spongepowered/asm/mixin/injection/callback/CallbackInfoReturnable;)V does use it's CallbackInfoReturnable
[04:29:36] [Render thread/DEBUG] (FabricLoader/Mixin) fabric-object-builder-v1.client.mixins.json:TexturedRenderLayersMixin from mod fabric-object-builder-api-v1->@Inject::modifyHangingTextureId(Lnet/minecraft/world/level/block/state/properties/WoodType;Lorg/spongepowered/asm/mixin/injection/callback/CallbackInfoReturnable;)V does use it's CallbackInfoReturnable
[04:29:36] [Render thread/DEBUG] (FabricLoader/Mixin) Mixing KeyedResourceReloadListenerClientMixin from fabric-resource-loader-v0.client.mixins.json into net.minecraft.client.renderer.block.BlockRenderDispatcher
[04:29:36] [Render thread/DEBUG] (FabricLoader/Mixin) Mixing BuiltinModelItemRendererMixin from fabric-rendering-v1.mixins.json into net.minecraft.client.renderer.BlockEntityWithoutLevelRenderer
[04:29:36] [Render thread/DEBUG] (FabricLoader/Mixin) fabric-rendering-v1.mixins.json:BuiltinModelItemRendererMixin from mod fabric-rendering-v1->@Inject::fabric_onRender(Lnet/minecraft/world/item/ItemStack;Lnet/minecraft/world/item/ItemDisplayContext;Lcom/mojang/blaze3d/vertex/PoseStack;Lnet/minecraft/client/renderer/MultiBufferSource;IILorg/spongepowered/asm/mixin/injection/callback/CallbackInfo;)V does use it's CallbackInfo
[04:29:36] [Render thread/DEBUG] (FabricLoader/Mixin) Mixing ItemModelsMixin from fabric-registry-sync-v0.client.mixins.json into net.minecraft.client.renderer.ItemModelShaper
[04:29:36] [Render thread/DEBUG] (FabricLoader/Mixin) fabric-registry-sync-v0.client.mixins.json:ItemModelsMixin from mod fabric-registry-sync-v0->@Inject::onInit(Lnet/minecraft/client/resources/model/ModelManager;Lorg/spongepowered/asm/mixin/injection/callback/CallbackInfo;)V doesn't use it's CallbackInfo
[04:29:36] [Render thread/DEBUG] (FabricLoader/Mixin) fabric-registry-sync-v0.client.mixins.json:ItemModelsMixin from mod fabric-registry-sync-v0->@Inject::onInit(Lnet/minecraft/client/resources/model/ModelManager;Lorg/spongepowered/asm/mixin/injection/callback/CallbackInfo;)V has 0 override(s) in child classes
[04:29:36] [Render thread/DEBUG] (FabricLoader/Mixin) fabric-registry-sync-v0.client.mixins.json:ItemModelsMixin from mod fabric-registry-sync-v0->@Inject::onInit(Lnet/minecraft/client/resources/model/ModelManager;Lorg/spongepowered/asm/mixin/injection/callback/CallbackInfo;)V won't be passed a CallbackInfo as a result
[04:29:36] [Render thread/DEBUG] (FabricLoader/Mixin) Mixing ModelLoaderMixin from fabric-model-loading-api-v1.mixins.json into net.minecraft.client.resources.model.ModelBakery
[04:29:36] [Render thread/DEBUG] (FabricLoader/Mixin) fabric-model-loading-api-v1.mixins.json:ModelLoaderMixin from mod fabric-model-loading-api-v1->@Inject::afterMissingModelInit(Lnet/minecraft/client/color/block/BlockColors;Lnet/minecraft/util/profiling/ProfilerFiller;Ljava/util/Map;Ljava/util/Map;Lorg/spongepowered/asm/mixin/injection/callback/CallbackInfo;)V doesn't use it's CallbackInfo
[04:29:36] [Render thread/DEBUG] (FabricLoader/Mixin) fabric-model-loading-api-v1.mixins.json:ModelLoaderMixin from mod fabric-model-loading-api-v1->@Inject::afterMissingModelInit(Lnet/minecraft/client/color/block/BlockColors;Lnet/minecraft/util/profiling/ProfilerFiller;Ljava/util/Map;Ljava/util/Map;Lorg/spongepowered/asm/mixin/injection/callback/CallbackInfo;)V has 0 override(s) in child classes
[04:29:36] [Render thread/DEBUG] (FabricLoader/Mixin) fabric-model-loading-api-v1.mixins.json:ModelLoaderMixin from mod fabric-model-loading-api-v1->@Inject::afterMissingModelInit(Lnet/minecraft/client/color/block/BlockColors;Lnet/minecraft/util/profiling/ProfilerFiller;Ljava/util/Map;Ljava/util/Map;Lorg/spongepowered/asm/mixin/injection/callback/CallbackInfo;)V won't be passed a CallbackInfo as a result
[04:29:36] [Render thread/DEBUG] (FabricLoader/Mixin) fabric-model-loading-api-v1.mixins.json:ModelLoaderMixin from mod fabric-model-loading-api-v1->@Inject::fabric_preventNestedGetOrLoadModel(Lnet/minecraft/resources/ResourceLocation;Lorg/spongepowered/asm/mixin/injection/callback/CallbackInfoReturnable;)V doesn't use it's CallbackInfoReturnable
[04:29:36] [Render thread/DEBUG] (FabricLoader/Mixin) fabric-model-loading-api-v1.mixins.json:ModelLoaderMixin from mod fabric-model-loading-api-v1->@Inject::fabric_preventNestedGetOrLoadModel(Lnet/minecraft/resources/ResourceLocation;Lorg/spongepowered/asm/mixin/injection/callback/CallbackInfoReturnable;)V has 0 override(s) in child classes
[04:29:36] [Render thread/DEBUG] (FabricLoader/Mixin) fabric-model-loading-api-v1.mixins.json:ModelLoaderMixin from mod fabric-model-loading-api-v1->@Inject::fabric_preventNestedGetOrLoadModel(Lnet/minecraft/resources/ResourceLocation;Lorg/spongepowered/asm/mixin/injection/callback/CallbackInfoReturnable;)V won't be passed a CallbackInfoReturnable as a result
[04:29:36] [Render thread/DEBUG] (FabricLoader/Mixin) fabric-model-loading-api-v1.mixins.json:ModelLoaderMixin from mod fabric-model-loading-api-v1->@Inject::onLoadModel(Lnet/minecraft/resources/ResourceLocation;Lorg/spongepowered/asm/mixin/injection/callback/CallbackInfo;)V does use it's CallbackInfo
[04:29:36] [Render thread/DEBUG] (FabricLoader/Mixin) Mixing client.BakedModelMixin from fabric-renderer-api-v1.mixins.json into net.minecraft.client.resources.model.BakedModel
[04:29:36] [Render thread/DEBUG] (FabricLoader/Mixin) Mixing BakedModelMixin from fabric-renderer-indigo.mixins.json into net.minecraft.client.resources.model.BakedModel
[04:29:36] [Render thread/DEBUG] (FabricLoader/Mixin) Mixing BlockModelRendererMixin from fabric-renderer-indigo.mixins.json into net.minecraft.client.renderer.block.ModelBlockRenderer
[04:29:36] [Render thread/DEBUG] (FabricLoader/Mixin) fabric-renderer-indigo.mixins.json:BlockModelRendererMixin from mod fabric-renderer-indigo->@Inject::hookRender(Lnet/minecraft/world/level/BlockAndTintGetter;Lnet/minecraft/client/resources/model/BakedModel;Lnet/minecraft/world/level/block/state/BlockState;Lnet/minecraft/core/BlockPos;Lcom/mojang/blaze3d/vertex/PoseStack;Lcom/mojang/blaze3d/vertex/VertexConsumer;ZLnet/minecraft/util/RandomSource;JILorg/spongepowered/asm/mixin/injection/callback/CallbackInfo;)V does use it's CallbackInfo
[04:29:36] [Render thread/DEBUG] (FabricLoader/Mixin) fabric-renderer-indigo.mixins.json:BlockModelRendererMixin from mod fabric-renderer-indigo->@Inject::onInit(Lorg/spongepowered/asm/mixin/injection/callback/CallbackInfo;)V doesn't use it's CallbackInfo
[04:29:36] [Render thread/DEBUG] (FabricLoader/Mixin) fabric-renderer-indigo.mixins.json:BlockModelRendererMixin from mod fabric-renderer-indigo->@Inject::onInit(Lorg/spongepowered/asm/mixin/injection/callback/CallbackInfo;)V has 0 override(s) in child classes
[04:29:36] [Render thread/DEBUG] (FabricLoader/Mixin) fabric-renderer-indigo.mixins.json:BlockModelRendererMixin from mod fabric-renderer-indigo->@Inject::onInit(Lorg/spongepowered/asm/mixin/injection/callback/CallbackInfo;)V won't be passed a CallbackInfo as a result
[04:29:36] [Render thread/DEBUG] (FabricLoader/Mixin) Mixing FluidRendererMixin from fabric-rendering-fluids-v1.mixins.json into net.minecraft.client.renderer.block.LiquidBlockRenderer
[04:29:36] [Render thread/DEBUG] (FabricLoader/Mixin) fabric-rendering-fluids-v1.mixins.json:FluidRendererMixin from mod fabric-rendering-fluids-v1->@Inject::onResourceReloadReturn(Lorg/spongepowered/asm/mixin/injection/callback/CallbackInfo;)V doesn't use it's CallbackInfo
[04:29:36] [Render thread/DEBUG] (FabricLoader/Mixin) fabric-rendering-fluids-v1.mixins.json:FluidRendererMixin from mod fabric-rendering-fluids-v1->@Inject::onResourceReloadReturn(Lorg/spongepowered/asm/mixin/injection/callback/CallbackInfo;)V has 0 override(s) in child classes
[04:29:36] [Render thread/DEBUG] (FabricLoader/Mixin) fabric-rendering-fluids-v1.mixins.json:FluidRendererMixin from mod fabric-rendering-fluids-v1->@Inject::onResourceReloadReturn(Lorg/spongepowered/asm/mixin/injection/callback/CallbackInfo;)V won't be passed a CallbackInfo as a result
[04:29:36] [Render thread/DEBUG] (FabricLoader/Mixin) fabric-rendering-fluids-v1.mixins.json:FluidRendererMixin from mod fabric-rendering-fluids-v1->@Inject::onHeadRender(Lnet/minecraft/world/level/BlockAndTintGetter;Lnet/minecraft/core/BlockPos;Lcom/mojang/blaze3d/vertex/VertexConsumer;Lnet/minecraft/world/level/block/state/BlockState;Lnet/minecraft/world/level/material/FluidState;Lorg/spongepowered/asm/mixin/injection/callback/CallbackInfo;)V does use it's CallbackInfo
[04:29:36] [Render thread/DEBUG] (FabricLoader/Mixin) Mixing HeldItemRendererMixin from fabric-item-api-v1.client.mixins.json into net.minecraft.client.renderer.ItemInHandRenderer
[04:29:36] [Render thread/DEBUG] (FabricLoader/Mixin) fabric-item-api-v1.client.mixins.json:HeldItemRendererMixin from mod fabric-item-api-v1->@Inject::modifyProgressAnimation(Lorg/spongepowered/asm/mixin/injection/callback/CallbackInfo;)V doesn't use it's CallbackInfo
[04:29:36] [Render thread/DEBUG] (FabricLoader/Mixin) fabric-item-api-v1.client.mixins.json:HeldItemRendererMixin from mod fabric-item-api-v1->@Inject::modifyProgressAnimation(Lorg/spongepowered/asm/mixin/injection/callback/CallbackInfo;)V has 0 override(s) in child classes
[04:29:36] [Render thread/DEBUG] (FabricLoader/Mixin) fabric-item-api-v1.client.mixins.json:HeldItemRendererMixin from mod fabric-item-api-v1->@Inject::modifyProgressAnimation(Lorg/spongepowered/asm/mixin/injection/callback/CallbackInfo;)V won't be passed a CallbackInfo as a result
[04:29:36] [Render thread/DEBUG] (FabricLoader/Mixin) Mixing WorldRendererMixin from fabric-rendering-v1.mixins.json into net.minecraft.client.renderer.LevelRenderer
[04:29:36] [Render thread/DEBUG] (FabricLoader/Mixin) Mixing KeyedResourceReloadListenerClientMixin from fabric-resource-loader-v0.client.mixins.json into net.minecraft.client.renderer.LevelRenderer
[04:29:36] [Render thread/DEBUG] (FabricLoader/Mixin) Mixing client.LevelRendererMixin from depression.mixins.json into net.minecraft.client.renderer.LevelRenderer
[04:29:36] [Render thread/DEBUG] (FabricLoader/Mixin) Renaming synthetic method lambda$renderFalseEntities$0(DDDLcom/mojang/blaze3d/vertex/PoseStack;Lcom/mojang/datafixers/util/Pair;)V to md2e53f5$depression$lambda$renderFalseEntities$0$0 in depression.mixins.json:client.LevelRendererMixin from mod depression
[04:29:36] [Render thread/DEBUG] (FabricLoader/Mixin) fabric-rendering-v1.mixins.json:WorldRendererMixin from mod fabric-rendering-v1->@Inject::beforeRender(Lcom/mojang/blaze3d/vertex/PoseStack;FJZLnet/minecraft/client/Camera;Lnet/minecraft/client/renderer/GameRenderer;Lnet/minecraft/client/renderer/LightTexture;Lorg/joml/Matrix4f;Lorg/spongepowered/asm/mixin/injection/callback/CallbackInfo;)V doesn't use it's CallbackInfo
[04:29:36] [Render thread/DEBUG] (FabricLoader/Mixin) fabric-rendering-v1.mixins.json:WorldRendererMixin from mod fabric-rendering-v1->@Inject::beforeRender(Lcom/mojang/blaze3d/vertex/PoseStack;FJZLnet/minecraft/client/Camera;Lnet/minecraft/client/renderer/GameRenderer;Lnet/minecraft/client/renderer/LightTexture;Lorg/joml/Matrix4f;Lorg/spongepowered/asm/mixin/injection/callback/CallbackInfo;)V has 0 override(s) in child classes
[04:29:36] [Render thread/DEBUG] (FabricLoader/Mixin) fabric-rendering-v1.mixins.json:WorldRendererMixin from mod fabric-rendering-v1->@Inject::beforeRender(Lcom/mojang/blaze3d/vertex/PoseStack;FJZLnet/minecraft/client/Camera;Lnet/minecraft/client/renderer/GameRenderer;Lnet/minecraft/client/renderer/LightTexture;Lorg/joml/Matrix4f;Lorg/spongepowered/asm/mixin/injection/callback/CallbackInfo;)V won't be passed a CallbackInfo as a result
[04:29:36] [Render thread/DEBUG] (FabricLoader/Mixin) fabric-rendering-v1.mixins.json:WorldRendererMixin from mod fabric-rendering-v1->@Inject::afterTerrainSetup(Lnet/minecraft/client/Camera;Lnet/minecraft/client/renderer/culling/Frustum;ZZLorg/spongepowered/asm/mixin/injection/callback/CallbackInfo;)V doesn't use it's CallbackInfo
[04:29:36] [Render thread/DEBUG] (FabricLoader/Mixin) fabric-rendering-v1.mixins.json:WorldRendererMixin from mod fabric-rendering-v1->@Inject::afterTerrainSetup(Lnet/minecraft/client/Camera;Lnet/minecraft/client/renderer/culling/Frustum;ZZLorg/spongepowered/asm/mixin/injection/callback/CallbackInfo;)V has 0 override(s) in child classes
[04:29:36] [Render thread/DEBUG] (FabricLoader/Mixin) fabric-rendering-v1.mixins.json:WorldRendererMixin from mod fabric-rendering-v1->@Inject::afterTerrainSetup(Lnet/minecraft/client/Camera;Lnet/minecraft/client/renderer/culling/Frustum;ZZLorg/spongepowered/asm/mixin/injection/callback/CallbackInfo;)V won't be passed a CallbackInfo as a result
[04:29:36] [Render thread/DEBUG] (FabricLoader/Mixin) fabric-rendering-v1.mixins.json:WorldRendererMixin from mod fabric-rendering-v1->@Inject::afterTerrainSolid(Lorg/spongepowered/asm/mixin/injection/callback/CallbackInfo;)V doesn't use it's CallbackInfo
[04:29:36] [Render thread/DEBUG] (FabricLoader/Mixin) fabric-rendering-v1.mixins.json:WorldRendererMixin from mod fabric-rendering-v1->@Inject::afterTerrainSolid(Lorg/spongepowered/asm/mixin/injection/callback/CallbackInfo;)V has 0 override(s) in child classes
[04:29:36] [Render thread/DEBUG] (FabricLoader/Mixin) fabric-rendering-v1.mixins.json:WorldRendererMixin from mod fabric-rendering-v1->@Inject::afterTerrainSolid(Lorg/spongepowered/asm/mixin/injection/callback/CallbackInfo;)V won't be passed a CallbackInfo as a result
[04:29:36] [Render thread/DEBUG] (FabricLoader/Mixin) fabric-rendering-v1.mixins.json:WorldRendererMixin from mod fabric-rendering-v1->@Inject::afterEntities(Lorg/spongepowered/asm/mixin/injection/callback/CallbackInfo;)V doesn't use it's CallbackInfo
[04:29:36] [Render thread/DEBUG] (FabricLoader/Mixin) fabric-rendering-v1.mixins.json:WorldRendererMixin from mod fabric-rendering-v1->@Inject::afterEntities(Lorg/spongepowered/asm/mixin/injection/callback/CallbackInfo;)V has 0 override(s) in child classes
[04:29:36] [Render thread/DEBUG] (FabricLoader/Mixin) fabric-rendering-v1.mixins.json:WorldRendererMixin from mod fabric-rendering-v1->@Inject::afterEntities(Lorg/spongepowered/asm/mixin/injection/callback/CallbackInfo;)V won't be passed a CallbackInfo as a result
[04:29:36] [Render thread/DEBUG] (FabricLoader/Mixin) fabric-rendering-v1.mixins.json:WorldRendererMixin from mod fabric-rendering-v1->@Inject::beforeRenderOutline(Lorg/spongepowered/asm/mixin/injection/callback/CallbackInfo;)V doesn't use it's CallbackInfo
[04:29:36] [Render thread/DEBUG] (FabricLoader/Mixin) fabric-rendering-v1.mixins.json:WorldRendererMixin from mod fabric-rendering-v1->@Inject::beforeRenderOutline(Lorg/spongepowered/asm/mixin/injection/callback/CallbackInfo;)V has 0 override(s) in child classes
[04:29:36] [Render thread/DEBUG] (FabricLoader/Mixin) fabric-rendering-v1.mixins.json:WorldRendererMixin from mod fabric-rendering-v1->@Inject::beforeRenderOutline(Lorg/spongepowered/asm/mixin/injection/callback/CallbackInfo;)V won't be passed a CallbackInfo as a result
[04:29:36] [Render thread/DEBUG] (FabricLoader/Mixin) fabric-rendering-v1.mixins.json:WorldRendererMixin from mod fabric-rendering-v1->@Inject::onDrawBlockOutline(Lcom/mojang/blaze3d/vertex/PoseStack;Lcom/mojang/blaze3d/vertex/VertexConsumer;Lnet/minecraft/world/entity/Entity;DDDLnet/minecraft/core/BlockPos;Lnet/minecraft/world/level/block/state/BlockState;Lorg/spongepowered/asm/mixin/injection/callback/CallbackInfo;)V does use it's CallbackInfo
[04:29:36] [Render thread/DEBUG] (FabricLoader/Mixin) fabric-rendering-v1.mixins.json:WorldRendererMixin from mod fabric-rendering-v1->@Inject::beforeDebugRender(Lorg/spongepowered/asm/mixin/injection/callback/CallbackInfo;)V doesn't use it's CallbackInfo
[04:29:36] [Render thread/DEBUG] (FabricLoader/Mixin) fabric-rendering-v1.mixins.json:WorldRendererMixin from mod fabric-rendering-v1->@Inject::beforeDebugRender(Lorg/spongepowered/asm/mixin/injection/callback/CallbackInfo;)V has 0 override(s) in child classes
[04:29:36] [Render thread/DEBUG] (FabricLoader/Mixin) fabric-rendering-v1.mixins.json:WorldRendererMixin from mod fabric-rendering-v1->@Inject::beforeDebugRender(Lorg/spongepowered/asm/mixin/injection/callback/CallbackInfo;)V won't be passed a CallbackInfo as a result
[04:29:36] [Render thread/DEBUG] (FabricLoader/Mixin) fabric-rendering-v1.mixins.json:WorldRendererMixin from mod fabric-rendering-v1->@Inject::onRenderParticles(Lorg/spongepowered/asm/mixin/injection/callback/CallbackInfo;)V doesn't use it's CallbackInfo
[04:29:36] [Render thread/DEBUG] (FabricLoader/Mixin) fabric-rendering-v1.mixins.json:WorldRendererMixin from mod fabric-rendering-v1->@Inject::onRenderParticles(Lorg/spongepowered/asm/mixin/injection/callback/CallbackInfo;)V has 0 override(s) in child classes
[04:29:36] [Render thread/DEBUG] (FabricLoader/Mixin) fabric-rendering-v1.mixins.json:WorldRendererMixin from mod fabric-rendering-v1->@Inject::onRenderParticles(Lorg/spongepowered/asm/mixin/injection/callback/CallbackInfo;)V won't be passed a CallbackInfo as a result
[04:29:36] [Render thread/DEBUG] (FabricLoader/Mixin) fabric-rendering-v1.mixins.json:WorldRendererMixin from mod fabric-rendering-v1->@Inject::onRenderParticles(Lorg/spongepowered/asm/mixin/injection/callback/CallbackInfo;)V doesn't use it's CallbackInfo
[04:29:36] [Render thread/DEBUG] (FabricLoader/Mixin) fabric-rendering-v1.mixins.json:WorldRendererMixin from mod fabric-rendering-v1->@Inject::onRenderParticles(Lorg/spongepowered/asm/mixin/injection/callback/CallbackInfo;)V has 0 override(s) in child classes
[04:29:36] [Render thread/DEBUG] (FabricLoader/Mixin) fabric-rendering-v1.mixins.json:WorldRendererMixin from mod fabric-rendering-v1->@Inject::onRenderParticles(Lorg/spongepowered/asm/mixin/injection/callback/CallbackInfo;)V won't be passed a CallbackInfo as a result
[04:29:36] [Render thread/DEBUG] (FabricLoader/Mixin) fabric-rendering-v1.mixins.json:WorldRendererMixin from mod fabric-rendering-v1->@Inject::beforeClouds(Lorg/spongepowered/asm/mixin/injection/callback/CallbackInfo;)V doesn't use it's CallbackInfo
[04:29:36] [Render thread/DEBUG] (FabricLoader/Mixin) fabric-rendering-v1.mixins.json:WorldRendererMixin from mod fabric-rendering-v1->@Inject::beforeClouds(Lorg/spongepowered/asm/mixin/injection/callback/CallbackInfo;)V has 0 override(s) in child classes
[04:29:36] [Render thread/DEBUG] (FabricLoader/Mixin) fabric-rendering-v1.mixins.json:WorldRendererMixin from mod fabric-rendering-v1->@Inject::beforeClouds(Lorg/spongepowered/asm/mixin/injection/callback/CallbackInfo;)V won't be passed a CallbackInfo as a result
[04:29:36] [Render thread/DEBUG] (FabricLoader/Mixin) fabric-rendering-v1.mixins.json:WorldRendererMixin from mod fabric-rendering-v1->@Inject::beforeClouds(Lorg/spongepowered/asm/mixin/injection/callback/CallbackInfo;)V doesn't use it's CallbackInfo
[04:29:36] [Render thread/DEBUG] (FabricLoader/Mixin) fabric-rendering-v1.mixins.json:WorldRendererMixin from mod fabric-rendering-v1->@Inject::beforeClouds(Lorg/spongepowered/asm/mixin/injection/callback/CallbackInfo;)V has 0 override(s) in child classes
[04:29:36] [Render thread/DEBUG] (FabricLoader/Mixin) fabric-rendering-v1.mixins.json:WorldRendererMixin from mod fabric-rendering-v1->@Inject::beforeClouds(Lorg/spongepowered/asm/mixin/injection/callback/CallbackInfo;)V won't be passed a CallbackInfo as a result
[04:29:36] [Render thread/DEBUG] (FabricLoader/Mixin) fabric-rendering-v1.mixins.json:WorldRendererMixin from mod fabric-rendering-v1->@Inject::beforeClouds(Lorg/spongepowered/asm/mixin/injection/callback/CallbackInfo;)V doesn't use it's CallbackInfo
[04:29:36] [Render thread/DEBUG] (FabricLoader/Mixin) fabric-rendering-v1.mixins.json:WorldRendererMixin from mod fabric-rendering-v1->@Inject::beforeClouds(Lorg/spongepowered/asm/mixin/injection/callback/CallbackInfo;)V has 0 override(s) in child classes
[04:29:36] [Render thread/DEBUG] (FabricLoader/Mixin) fabric-rendering-v1.mixins.json:WorldRendererMixin from mod fabric-rendering-v1->@Inject::beforeClouds(Lorg/spongepowered/asm/mixin/injection/callback/CallbackInfo;)V won't be passed a CallbackInfo as a result
[04:29:36] [Render thread/DEBUG] (FabricLoader/Mixin) fabric-rendering-v1.mixins.json:WorldRendererMixin from mod fabric-rendering-v1->@Inject::beforeClouds(Lorg/spongepowered/asm/mixin/injection/callback/CallbackInfo;)V doesn't use it's CallbackInfo
[04:29:36] [Render thread/DEBUG] (FabricLoader/Mixin) fabric-rendering-v1.mixins.json:WorldRendererMixin from mod fabric-rendering-v1->@Inject::beforeClouds(Lorg/spongepowered/asm/mixin/injection/callback/CallbackInfo;)V has 0 override(s) in child classes
[04:29:36] [Render thread/DEBUG] (FabricLoader/Mixin) fabric-rendering-v1.mixins.json:WorldRendererMixin from mod fabric-rendering-v1->@Inject::beforeClouds(Lorg/spongepowered/asm/mixin/injection/callback/CallbackInfo;)V won't be passed a CallbackInfo as a result
[04:29:36] [Render thread/DEBUG] (FabricLoader/Mixin) fabric-rendering-v1.mixins.json:WorldRendererMixin from mod fabric-rendering-v1->@Inject::onChunkDebugRender(Lorg/spongepowered/asm/mixin/injection/callback/CallbackInfo;)V doesn't use it's CallbackInfo
[04:29:36] [Render thread/DEBUG] (FabricLoader/Mixin) fabric-rendering-v1.mixins.json:WorldRendererMixin from mod fabric-rendering-v1->@Inject::onChunkDebugRender(Lorg/spongepowered/asm/mixin/injection/callback/CallbackInfo;)V has 0 override(s) in child classes
[04:29:36] [Render thread/DEBUG] (FabricLoader/Mixin) fabric-rendering-v1.mixins.json:WorldRendererMixin from mod fabric-rendering-v1->@Inject::onChunkDebugRender(Lorg/spongepowered/asm/mixin/injection/callback/CallbackInfo;)V won't be passed a CallbackInfo as a result
[04:29:36] [Render thread/DEBUG] (FabricLoader/Mixin) fabric-rendering-v1.mixins.json:WorldRendererMixin from mod fabric-rendering-v1->@Inject::afterRender(Lorg/spongepowered/asm/mixin/injection/callback/CallbackInfo;)V doesn't use it's CallbackInfo
[04:29:36] [Render thread/DEBUG] (FabricLoader/Mixin) fabric-rendering-v1.mixins.json:WorldRendererMixin from mod fabric-rendering-v1->@Inject::afterRender(Lorg/spongepowered/asm/mixin/injection/callback/CallbackInfo;)V has 0 override(s) in child classes
[04:29:36] [Render thread/DEBUG] (FabricLoader/Mixin) fabric-rendering-v1.mixins.json:WorldRendererMixin from mod fabric-rendering-v1->@Inject::afterRender(Lorg/spongepowered/asm/mixin/injection/callback/CallbackInfo;)V won't be passed a CallbackInfo as a result
[04:29:36] [Render thread/DEBUG] (FabricLoader/Mixin) fabric-rendering-v1.mixins.json:WorldRendererMixin from mod fabric-rendering-v1->@Inject::onReload(Lorg/spongepowered/asm/mixin/injection/callback/CallbackInfo;)V doesn't use it's CallbackInfo
[04:29:36] [Render thread/DEBUG] (FabricLoader/Mixin) fabric-rendering-v1.mixins.json:WorldRendererMixin from mod fabric-rendering-v1->@Inject::onReload(Lorg/spongepowered/asm/mixin/injection/callback/CallbackInfo;)V has 0 override(s) in child classes
[04:29:36] [Render thread/DEBUG] (FabricLoader/Mixin) fabric-rendering-v1.mixins.json:WorldRendererMixin from mod fabric-rendering-v1->@Inject::onReload(Lorg/spongepowered/asm/mixin/injection/callback/CallbackInfo;)V won't be passed a CallbackInfo as a result
[04:29:36] [Render thread/DEBUG] (FabricLoader/Mixin) fabric-rendering-v1.mixins.json:WorldRendererMixin from mod fabric-rendering-v1->@Inject::renderWeather(Lnet/minecraft/client/renderer/LightTexture;FDDDLorg/spongepowered/asm/mixin/injection/callback/CallbackInfo;)V does use it's CallbackInfo
[04:29:36] [Render thread/DEBUG] (FabricLoader/Mixin) fabric-rendering-v1.mixins.json:WorldRendererMixin from mod fabric-rendering-v1->@Inject::renderCloud(Lcom/mojang/blaze3d/vertex/PoseStack;Lorg/joml/Matrix4f;FDDDLorg/spongepowered/asm/mixin/injection/callback/CallbackInfo;)V does use it's CallbackInfo
[04:29:36] [Render thread/DEBUG] (FabricLoader/Mixin) fabric-rendering-v1.mixins.json:WorldRendererMixin from mod fabric-rendering-v1->@Inject::renderSky(Lcom/mojang/blaze3d/vertex/PoseStack;Lorg/joml/Matrix4f;FLnet/minecraft/client/Camera;ZLjava/lang/Runnable;Lorg/spongepowered/asm/mixin/injection/callback/CallbackInfo;)V does use it's CallbackInfo
[04:29:36] [Render thread/DEBUG] (FabricLoader/Mixin) depression.mixins.json:client.LevelRendererMixin from mod depression->@Inject::renderFalseEntities(Lcom/mojang/blaze3d/vertex/PoseStack;FJZLnet/minecraft/client/Camera;Lnet/minecraft/client/renderer/GameRenderer;Lnet/minecraft/client/renderer/LightTexture;Lorg/joml/Matrix4f;Lorg/spongepowered/asm/mixin/injection/callback/CallbackInfo;)V doesn't use it's CallbackInfo
[04:29:36] [Render thread/DEBUG] (FabricLoader/Mixin) depression.mixins.json:client.LevelRendererMixin from mod depression->@Inject::renderFalseEntities(Lcom/mojang/blaze3d/vertex/PoseStack;FJZLnet/minecraft/client/Camera;Lnet/minecraft/client/renderer/GameRenderer;Lnet/minecraft/client/renderer/LightTexture;Lorg/joml/Matrix4f;Lorg/spongepowered/asm/mixin/injection/callback/CallbackInfo;)V has 0 override(s) in child classes
[04:29:36] [Render thread/DEBUG] (FabricLoader/Mixin) depression.mixins.json:client.LevelRendererMixin from mod depression->@Inject::renderFalseEntities(Lcom/mojang/blaze3d/vertex/PoseStack;FJZLnet/minecraft/client/Camera;Lnet/minecraft/client/renderer/GameRenderer;Lnet/minecraft/client/renderer/LightTexture;Lorg/joml/Matrix4f;Lorg/spongepowered/asm/mixin/injection/callback/CallbackInfo;)V won't be passed a CallbackInfo as a result
[04:29:36] [Render thread/DEBUG] (com.mojang.blaze3d.systems.RenderSystem) Growing IndexBuffer: Old limit 0, new limit 9360.
[04:29:36] [Render thread/DEBUG] (com.mojang.blaze3d.systems.RenderSystem) Growing IndexBuffer: Old limit 0, new limit 20.
[04:29:36] [Render thread/DEBUG] (FabricLoader/Mixin) Mixing ParticleManagerMixin from fabric-registry-sync-v0.client.mixins.json into net.minecraft.client.particle.ParticleEngine
[04:29:36] [Render thread/DEBUG] (FabricLoader/Mixin) Mixing ParticleManagerMixin from fabric-particles-v1.client.mixins.json into net.minecraft.client.particle.ParticleEngine
[04:29:36] [Render thread/DEBUG] (FabricLoader/Mixin) Mixing ParticleManagerAccessor from fabric-particles-v1.client.mixins.json into net.minecraft.client.particle.ParticleEngine
[04:29:36] [Render thread/DEBUG] (FabricLoader/Mixin) fabric-registry-sync-v0.client.mixins.json:ParticleManagerMixin from mod fabric-registry-sync-v0->@Inject::onInit(Lnet/minecraft/client/multiplayer/ClientLevel;Lnet/minecraft/client/renderer/texture/TextureManager;Lorg/spongepowered/asm/mixin/injection/callback/CallbackInfo;)V doesn't use it's CallbackInfo
[04:29:36] [Render thread/DEBUG] (FabricLoader/Mixin) fabric-registry-sync-v0.client.mixins.json:ParticleManagerMixin from mod fabric-registry-sync-v0->@Inject::onInit(Lnet/minecraft/client/multiplayer/ClientLevel;Lnet/minecraft/client/renderer/texture/TextureManager;Lorg/spongepowered/asm/mixin/injection/callback/CallbackInfo;)V has 0 override(s) in child classes
[04:29:36] [Render thread/DEBUG] (FabricLoader/Mixin) fabric-registry-sync-v0.client.mixins.json:ParticleManagerMixin from mod fabric-registry-sync-v0->@Inject::onInit(Lnet/minecraft/client/multiplayer/ClientLevel;Lnet/minecraft/client/renderer/texture/TextureManager;Lorg/spongepowered/asm/mixin/injection/callback/CallbackInfo;)V won't be passed a CallbackInfo as a result
[04:29:36] [Render thread/DEBUG] (FabricLoader/Mixin) fabric-particles-v1.client.mixins.json:ParticleManagerMixin from mod fabric-particles-v1->@Inject::onRegisterDefaultFactories(Lorg/spongepowered/asm/mixin/injection/callback/CallbackInfo;)V doesn't use it's CallbackInfo
[04:29:36] [Render thread/DEBUG] (FabricLoader/Mixin) fabric-particles-v1.client.mixins.json:ParticleManagerMixin from mod fabric-particles-v1->@Inject::onRegisterDefaultFactories(Lorg/spongepowered/asm/mixin/injection/callback/CallbackInfo;)V has 0 override(s) in child classes
[04:29:36] [Render thread/DEBUG] (FabricLoader/Mixin) fabric-particles-v1.client.mixins.json:ParticleManagerMixin from mod fabric-particles-v1->@Inject::onRegisterDefaultFactories(Lorg/spongepowered/asm/mixin/injection/callback/CallbackInfo;)V won't be passed a CallbackInfo as a result
[04:29:36] [Render thread/DEBUG] (FabricLoader/Mixin) Mixing BlockDustParticleMixin from fabric-particles-v1.client.mixins.json into net.minecraft.client.particle.TerrainParticle
[04:29:36] [Render thread/DEBUG] (FabricLoader/Mixin) Mixing ParticleManagerAccessor$SimpleSpriteProviderAccessor from fabric-particles-v1.client.mixins.json into net.minecraft.client.particle.ParticleEngine$MutableSpriteSet
[04:29:36] [Render thread/DEBUG] (FabricLoader/Mixin) Mixing InGameHudMixin from fabric-rendering-v1.mixins.json into net.minecraft.client.gui.Gui
[04:29:36] [Render thread/DEBUG] (FabricLoader/Mixin) fabric-rendering-v1.mixins.json:InGameHudMixin from mod fabric-rendering-v1->@Inject::render(Lnet/minecraft/client/gui/GuiGraphics;FLorg/spongepowered/asm/mixin/injection/callback/CallbackInfo;)V doesn't use it's CallbackInfo
[04:29:36] [Render thread/DEBUG] (FabricLoader/Mixin) fabric-rendering-v1.mixins.json:InGameHudMixin from mod fabric-rendering-v1->@Inject::render(Lnet/minecraft/client/gui/GuiGraphics;FLorg/spongepowered/asm/mixin/injection/callback/CallbackInfo;)V has 0 override(s) in child classes
[04:29:36] [Render thread/DEBUG] (FabricLoader/Mixin) fabric-rendering-v1.mixins.json:InGameHudMixin from mod fabric-rendering-v1->@Inject::render(Lnet/minecraft/client/gui/GuiGraphics;FLorg/spongepowered/asm/mixin/injection/callback/CallbackInfo;)V won't be passed a CallbackInfo as a result
[04:29:36] [Render thread/DEBUG] (FabricLoader/Mixin) Mixing DebugHudMixin from fabric-renderer-api-v1.debughud.mixins.json into net.minecraft.client.gui.components.DebugScreenOverlay
[04:29:36] [Render thread/DEBUG] (FabricLoader/Mixin) Mixing client.MixinDebugScreenOverlay from architectury.mixins.json into net.minecraft.client.gui.components.DebugScreenOverlay
[04:29:36] [Render thread/DEBUG] (FabricLoader/Mixin) architectury.mixins.json:client.MixinDebugScreenOverlay from mod architectury: Class version 61 required is higher than the class version supported by the current version of Mixin (JAVA_16 supports class version 60)
[04:29:36] [Render thread/DEBUG] (FabricLoader/Mixin) fabric-renderer-api-v1.debughud.mixins.json:DebugHudMixin from mod fabric-renderer-api-v1->@Inject::getLeftText(Lorg/spongepowered/asm/mixin/injection/callback/CallbackInfoReturnable;)V does use it's CallbackInfoReturnable
[04:29:36] [Render thread/DEBUG] (FabricLoader/Mixin) fabric-renderer-api-v1.debughud.mixins.json:DebugHudMixin from mod fabric-renderer-api-v1->@Inject::getLeftText(Lorg/spongepowered/asm/mixin/injection/callback/CallbackInfoReturnable;)V does use it's CallbackInfoReturnable
[04:29:36] [Render thread/DEBUG] (FabricLoader/Mixin) architectury.mixins.json:client.MixinDebugScreenOverlay from mod architectury->@Inject::getLeftTexts(Lorg/spongepowered/asm/mixin/injection/callback/CallbackInfoReturnable;)V does use it's CallbackInfoReturnable
[04:29:36] [Render thread/DEBUG] (FabricLoader/Mixin) architectury.mixins.json:client.MixinDebugScreenOverlay from mod architectury->@Inject::getLeftTexts(Lorg/spongepowered/asm/mixin/injection/callback/CallbackInfoReturnable;)V does use it's CallbackInfoReturnable
[04:29:36] [Render thread/DEBUG] (FabricLoader/Mixin) architectury.mixins.json:client.MixinDebugScreenOverlay from mod architectury->@Inject::getRightTexts(Lorg/spongepowered/asm/mixin/injection/callback/CallbackInfoReturnable;)V does use it's CallbackInfoReturnable
[04:29:36] [Render thread/DEBUG] (FabricLoader/Mixin) architectury.mixins.json:client.MixinDebugScreenOverlay from mod architectury->@Inject::getRightTexts(Lorg/spongepowered/asm/mixin/injection/callback/CallbackInfoReturnable;)V does use it's CallbackInfoReturnable
[04:29:36] [Render thread/DEBUG] (FabricLoader/Mixin) Mixing shader.ShaderProgramImportProcessorMixin from fabric-rendering-v1.mixins.json into net.minecraft.client.renderer.ShaderInstance$1
[04:29:36] [Render thread/DEBUG] (FabricLoader/Mixin) fabric-rendering-v1.mixins.json:shader.ShaderProgramImportProcessorMixin from mod fabric-rendering-v1->@Inject::captureImport(ZLjava/lang/String;Lorg/spongepowered/asm/mixin/injection/callback/CallbackInfoReturnable;)V doesn't use it's CallbackInfoReturnable
[04:29:36] [Render thread/DEBUG] (FabricLoader/Mixin) fabric-rendering-v1.mixins.json:shader.ShaderProgramImportProcessorMixin from mod fabric-rendering-v1->@Inject::captureImport(ZLjava/lang/String;Lorg/spongepowered/asm/mixin/injection/callback/CallbackInfoReturnable;)V has 0 override(s) in child classes
[04:29:36] [Render thread/DEBUG] (FabricLoader/Mixin) fabric-rendering-v1.mixins.json:shader.ShaderProgramImportProcessorMixin from mod fabric-rendering-v1->@Inject::captureImport(ZLjava/lang/String;Lorg/spongepowered/asm/mixin/injection/callback/CallbackInfoReturnable;)V won't be passed a CallbackInfoReturnable as a result
[04:29:36] [Render thread/DEBUG] (FabricLoader/Mixin) fabric-rendering-v1.mixins.json:shader.ShaderProgramImportProcessorMixin from mod fabric-rendering-v1->@Inject::uncaptureImport(ZLjava/lang/String;Lorg/spongepowered/asm/mixin/injection/callback/CallbackInfoReturnable;)V doesn't use it's CallbackInfoReturnable
[04:29:36] [Render thread/DEBUG] (FabricLoader/Mixin) fabric-rendering-v1.mixins.json:shader.ShaderProgramImportProcessorMixin from mod fabric-rendering-v1->@Inject::uncaptureImport(ZLjava/lang/String;Lorg/spongepowered/asm/mixin/injection/callback/CallbackInfoReturnable;)V has 0 override(s) in child classes
[04:29:36] [Render thread/DEBUG] (FabricLoader/Mixin) fabric-rendering-v1.mixins.json:shader.ShaderProgramImportProcessorMixin from mod fabric-rendering-v1->@Inject::uncaptureImport(ZLjava/lang/String;Lorg/spongepowered/asm/mixin/injection/callback/CallbackInfoReturnable;)V won't be passed a CallbackInfoReturnable as a result
[04:29:36] [Render thread/DEBUG] (FabricLoader/Mixin) fabric-rendering-v1.mixins.json:shader.ShaderProgramImportProcessorMixin from mod fabric-rendering-v1->@Inject::uncaptureImport(ZLjava/lang/String;Lorg/spongepowered/asm/mixin/injection/callback/CallbackInfoReturnable;)V doesn't use it's CallbackInfoReturnable
[04:29:36] [Render thread/DEBUG] (FabricLoader/Mixin) fabric-rendering-v1.mixins.json:shader.ShaderProgramImportProcessorMixin from mod fabric-rendering-v1->@Inject::uncaptureImport(ZLjava/lang/String;Lorg/spongepowered/asm/mixin/injection/callback/CallbackInfoReturnable;)V has 0 override(s) in child classes
[04:29:36] [Render thread/DEBUG] (FabricLoader/Mixin) fabric-rendering-v1.mixins.json:shader.ShaderProgramImportProcessorMixin from mod fabric-rendering-v1->@Inject::uncaptureImport(ZLjava/lang/String;Lorg/spongepowered/asm/mixin/injection/callback/CallbackInfoReturnable;)V won't be passed a CallbackInfoReturnable as a result
[04:29:36] [Render thread/DEBUG] (FabricLoader/Mixin) fabric-rendering-v1.mixins.json:shader.ShaderProgramImportProcessorMixin from mod fabric-rendering-v1->@Inject::uncaptureImport(ZLjava/lang/String;Lorg/spongepowered/asm/mixin/injection/callback/CallbackInfoReturnable;)V doesn't use it's CallbackInfoReturnable
[04:29:36] [Render thread/DEBUG] (FabricLoader/Mixin) fabric-rendering-v1.mixins.json:shader.ShaderProgramImportProcessorMixin from mod fabric-rendering-v1->@Inject::uncaptureImport(ZLjava/lang/String;Lorg/spongepowered/asm/mixin/injection/callback/CallbackInfoReturnable;)V has 0 override(s) in child classes
[04:29:36] [Render thread/DEBUG] (FabricLoader/Mixin) fabric-rendering-v1.mixins.json:shader.ShaderProgramImportProcessorMixin from mod fabric-rendering-v1->@Inject::uncaptureImport(ZLjava/lang/String;Lorg/spongepowered/asm/mixin/injection/callback/CallbackInfoReturnable;)V won't be passed a CallbackInfoReturnable as a result
[04:29:36] [Render thread/DEBUG] (FabricLoader/Mixin) Mixing ResourceMixin from fabric-resource-loader-v0.mixins.json into net.minecraft.server.packs.resources.Resource
[04:29:36] [Render thread/DEBUG] (FabricLoader/Mixin) Mixing MessageHandlerMixin from fabric-message-api-v1.client.mixins.json into net.minecraft.client.multiplayer.chat.ChatListener
[04:29:36] [Render thread/DEBUG] (FabricLoader/Mixin) Mixing client.MixinChatListener from architectury.mixins.json into net.minecraft.client.multiplayer.chat.ChatListener
[04:29:36] [Render thread/DEBUG] (FabricLoader/Mixin) architectury.mixins.json:client.MixinChatListener from mod architectury: Class version 61 required is higher than the class version supported by the current version of Mixin (JAVA_16 supports class version 60)
[04:29:36] [Render thread/DEBUG] (FabricLoader/Mixin) fabric-message-api-v1.client.mixins.json:MessageHandlerMixin from mod fabric-message-api-v1->@Inject::fabric_onSignedChatMessage(Lnet/minecraft/network/chat/ChatType$Bound;Lnet/minecraft/network/chat/PlayerChatMessage;Lnet/minecraft/network/chat/Component;Lcom/mojang/authlib/GameProfile;ZLjava/time/Instant;Lorg/spongepowered/asm/mixin/injection/callback/CallbackInfoReturnable;)V does use it's CallbackInfoReturnable
[04:29:36] [Render thread/DEBUG] (FabricLoader/Mixin) fabric-message-api-v1.client.mixins.json:MessageHandlerMixin from mod fabric-message-api-v1->@Inject::fabric_onFilteredSignedChatMessage(Lnet/minecraft/network/chat/ChatType$Bound;Lnet/minecraft/network/chat/PlayerChatMessage;Lnet/minecraft/network/chat/Component;Lcom/mojang/authlib/GameProfile;ZLjava/time/Instant;Lorg/spongepowered/asm/mixin/injection/callback/CallbackInfoReturnable;)V does use it's CallbackInfoReturnable
[04:29:36] [Render thread/DEBUG] (FabricLoader/Mixin) fabric-message-api-v1.client.mixins.json:MessageHandlerMixin from mod fabric-message-api-v1->@Inject::fabric_onProfilelessChatMessage(Lnet/minecraft/network/chat/ChatType$Bound;Lnet/minecraft/network/chat/Component;Ljava/time/Instant;Lorg/spongepowered/asm/mixin/injection/callback/CallbackInfoReturnable;)V does use it's CallbackInfoReturnable
[04:29:36] [Render thread/DEBUG] (FabricLoader/Mixin) fabric-message-api-v1.client.mixins.json:MessageHandlerMixin from mod fabric-message-api-v1->@Inject::fabric_allowGameMessage(Lnet/minecraft/network/chat/Component;ZLorg/spongepowered/asm/mixin/injection/callback/CallbackInfo;)V does use it's CallbackInfo
[04:29:36] [Render thread/DEBUG] (FabricLoader/Mixin) architectury.mixins.json:client.MixinChatListener from mod architectury->@Inject::handlePlayerChatMessage(Lnet/minecraft/network/chat/PlayerChatMessage;Lcom/mojang/authlib/GameProfile;Lnet/minecraft/network/chat/ChatType$Bound;Lorg/spongepowered/asm/mixin/injection/callback/CallbackInfo;)V doesn't use it's CallbackInfo
[04:29:36] [Render thread/DEBUG] (FabricLoader/Mixin) architectury.mixins.json:client.MixinChatListener from mod architectury->@Inject::handlePlayerChatMessage(Lnet/minecraft/network/chat/PlayerChatMessage;Lcom/mojang/authlib/GameProfile;Lnet/minecraft/network/chat/ChatType$Bound;Lorg/spongepowered/asm/mixin/injection/callback/CallbackInfo;)V has 0 override(s) in child classes
[04:29:36] [Render thread/DEBUG] (FabricLoader/Mixin) architectury.mixins.json:client.MixinChatListener from mod architectury->@Inject::handlePlayerChatMessage(Lnet/minecraft/network/chat/PlayerChatMessage;Lcom/mojang/authlib/GameProfile;Lnet/minecraft/network/chat/ChatType$Bound;Lorg/spongepowered/asm/mixin/injection/callback/CallbackInfo;)V won't be passed a CallbackInfo as a result
[04:29:36] [Render thread/DEBUG] (FabricLoader/Mixin) architectury.mixins.json:client.MixinChatListener from mod architectury->@Inject::handleChatPre(Lnet/minecraft/network/chat/PlayerChatMessage;Lcom/mojang/authlib/GameProfile;Lnet/minecraft/network/chat/ChatType$Bound;Lorg/spongepowered/asm/mixin/injection/callback/CallbackInfo;ZLnet/minecraft/network/chat/PlayerChatMessage;Lnet/minecraft/network/chat/Component;)V does use it's CallbackInfo
[04:29:36] [Render thread/DEBUG] (FabricLoader/Mixin) architectury.mixins.json:client.MixinChatListener from mod architectury->@Inject::handleSystemMessage(Lnet/minecraft/network/chat/Component;ZLorg/spongepowered/asm/mixin/injection/callback/CallbackInfo;)V does use it's CallbackInfo
[04:29:36] [Render thread/INFO] (net.minecraft.server.packs.resources.ReloadableResourceManager) Reloading ResourceManager: vanilla, fabric, depression, fabric-api, fabric-api-base, fabric-api-lookup-api-v1, fabric-biome-api-v1, fabric-block-api-v1, fabric-block-view-api-v2, fabric-blockrenderlayer-v1, fabric-client-tags-api-v1, fabric-command-api-v1, fabric-command-api-v2, fabric-commands-v0, fabric-containers-v0, fabric-content-registries-v0, fabric-convention-tags-v1, fabric-crash-report-info-v1, fabric-data-attachment-api-v1, fabric-data-generation-api-v1, fabric-dimensions-v1, fabric-entity-events-v1, fabric-events-interaction-v0, fabric-events-lifecycle-v0, fabric-game-rule-api-v1, fabric-gametest-api-v1, fabric-item-api-v1, fabric-item-group-api-v1, fabric-key-binding-api-v1, fabric-keybindings-v0, fabric-lifecycle-events-v1, fabric-loot-api-v2, fabric-message-api-v1, fabric-mining-level-api-v1, fabric-model-loading-api-v1, fabric-models-v0, fabric-networking-api-v1, fabric-object-builder-api-v1, fabric-particles-v1, fabric-recipe-api-v1, fabric-registry-sync-v0, fabric-renderer-api-v1, fabric-renderer-indigo, fabric-renderer-registries-v1, fabric-rendering-data-attachment-v1, fabric-rendering-fluids-v1, fabric-rendering-v0, fabric-rendering-v1, fabric-resource-conditions-api-v1, fabric-resource-loader-v0, fabric-screen-api-v1, fabric-screen-handler-api-v1, fabric-sound-api-v1, fabric-transfer-api-v1, fabric-transitive-access-wideners-v1, fabricloader, generated_293b3eb
[04:29:36] [Render thread/DEBUG] (FabricLoader/Mixin) Mixing SimpleResourceReloadMixin from fabric-resource-loader-v0.mixins.json into net.minecraft.server.packs.resources.SimpleReloadInstance
[04:29:36] [Render thread/DEBUG] (FabricLoader/Mixin) fabric-resource-loader-v0.mixins.json:SimpleResourceReloadMixin from mod fabric-resource-loader-v0->@Inject::method_40087(Lnet/minecraft/server/packs/resources/ResourceManager;Ljava/util/List;Ljava/util/concurrent/Executor;Ljava/util/concurrent/Executor;Ljava/util/concurrent/CompletableFuture;ZLorg/spongepowered/asm/mixin/injection/callback/CallbackInfoReturnable;)V doesn't use it's CallbackInfoReturnable
[04:29:36] [Worker-Main-3/DEBUG] (FabricLoader/Mixin) Mixing AtlasSourceManagerAccessor from fabric-rendering-v1.mixins.json into net.minecraft.client.renderer.texture.atlas.SpriteSources
[04:29:36] [Worker-Main-3/DEBUG] (FabricLoader/Mixin) Renaming @Accessor method getSourceTypeById()Lcom/google/common/collect/BiMap; to getSourceTypeById$fabric-rendering-v1_$md$2e53f5$0 in fabric-rendering-v1.mixins.json:AtlasSourceManagerAccessor from mod fabric-rendering-v1
[04:29:36] [Worker-Main-11/INFO] (net.minecraft.client.gui.font.providers.UnihexProvider) Found unifont_all_no_pua-15.1.04.hex, loading
[04:29:37] [Worker-Main-7/DEBUG] (FabricLoader/Mixin) Mixing ModelLoaderBakerImplMixin from fabric-model-loading-api-v1.mixins.json into net.minecraft.client.resources.model.ModelBakery$ModelBakerImpl
[04:29:37] [Worker-Main-7/DEBUG] (FabricLoader/Mixin) Mixing client.MultipartBakedModelMixin from fabric-renderer-api-v1.mixins.json into net.minecraft.client.resources.model.MultiPartBakedModel
[04:29:37] [Worker-Main-7/DEBUG] (FabricLoader/Mixin) Renaming synthetic method lambda$emitBlockQuads$0(Lnet/minecraft/util/RandomSource;J)Lnet/minecraft/util/RandomSource; to md2e53f5$fabric-renderer-api-v1$lambda$emitBlockQuads$0$0 in fabric-renderer-api-v1.mixins.json:client.MultipartBakedModelMixin from mod fabric-renderer-api-v1
[04:29:37] [Worker-Main-7/DEBUG] (FabricLoader/Mixin) fabric-renderer-api-v1.mixins.json:client.MultipartBakedModelMixin from mod fabric-renderer-api-v1->@Inject::onInit(Ljava/util/List;Lorg/spongepowered/asm/mixin/injection/callback/CallbackInfo;)V doesn't use it's CallbackInfo
[04:29:37] [Worker-Main-7/DEBUG] (FabricLoader/Mixin) fabric-renderer-api-v1.mixins.json:client.MultipartBakedModelMixin from mod fabric-renderer-api-v1->@Inject::onInit(Ljava/util/List;Lorg/spongepowered/asm/mixin/injection/callback/CallbackInfo;)V has 0 override(s) in child classes
[04:29:37] [Worker-Main-7/DEBUG] (FabricLoader/Mixin) fabric-renderer-api-v1.mixins.json:client.MultipartBakedModelMixin from mod fabric-renderer-api-v1->@Inject::onInit(Ljava/util/List;Lorg/spongepowered/asm/mixin/injection/callback/CallbackInfo;)V won't be passed a CallbackInfo as a result
[04:29:37] [Worker-Main-7/DEBUG] (FabricLoader/Mixin) Mixing client.WeightedBakedModelMixin from fabric-renderer-api-v1.mixins.json into net.minecraft.client.resources.model.WeightedBakedModel
[04:29:37] [Worker-Main-7/DEBUG] (FabricLoader/Mixin) Renaming synthetic method lambda$emitItemQuads$1(Ljava/util/function/Supplier;)Lnet/minecraft/util/RandomSource; to md2e53f5$fabric-renderer-api-v1$lambda$emitItemQuads$1$0 in fabric-renderer-api-v1.mixins.json:client.WeightedBakedModelMixin from mod fabric-renderer-api-v1
[04:29:37] [Worker-Main-7/DEBUG] (FabricLoader/Mixin) Renaming synthetic method lambda$emitBlockQuads$0(Ljava/util/function/Supplier;)Lnet/minecraft/util/RandomSource; to md2e53f5$fabric-renderer-api-v1$lambda$emitBlockQuads$0$1 in fabric-renderer-api-v1.mixins.json:client.WeightedBakedModelMixin from mod fabric-renderer-api-v1
[04:29:37] [Worker-Main-7/DEBUG] (FabricLoader/Mixin) fabric-renderer-api-v1.mixins.json:client.WeightedBakedModelMixin from mod fabric-renderer-api-v1->@Inject::onInit(Ljava/util/List;Lorg/spongepowered/asm/mixin/injection/callback/CallbackInfo;)V doesn't use it's CallbackInfo
[04:29:37] [Worker-Main-7/DEBUG] (FabricLoader/Mixin) fabric-renderer-api-v1.mixins.json:client.WeightedBakedModelMixin from mod fabric-renderer-api-v1->@Inject::onInit(Ljava/util/List;Lorg/spongepowered/asm/mixin/injection/callback/CallbackInfo;)V has 0 override(s) in child classes
[04:29:37] [Worker-Main-7/DEBUG] (FabricLoader/Mixin) fabric-renderer-api-v1.mixins.json:client.WeightedBakedModelMixin from mod fabric-renderer-api-v1->@Inject::onInit(Ljava/util/List;Lorg/spongepowered/asm/mixin/injection/callback/CallbackInfo;)V won't be passed a CallbackInfo as a result
[04:29:37] [Render thread/WARN] (net.minecraft.client.sounds.SoundEngine) Missing sound for event: minecraft:item.goat_horn.play
[04:29:37] [Render thread/WARN] (net.minecraft.client.sounds.SoundEngine) Missing sound for event: minecraft:entity.goat.screaming.horn_break
[04:29:37] [Render thread/WARN] (net.minecraft.client.sounds.SoundEngine) Missing sound for event: minecraft:entity.generic.wind_burst
[04:29:37] [Render thread/INFO] (com.mojang.blaze3d.audio.Library) OpenAL initialized on device OpenAL Soft on 扬声器 (Realtek(R) Audio)
[04:29:37] [Render thread/INFO] (net.minecraft.client.sounds.SoundEngine) Sound engine started
[04:29:37] [Render thread/INFO] (net.minecraft.client.renderer.texture.TextureAtlas) Created: 1024x512x4 minecraft:textures/atlas/blocks.png-atlas
[04:29:37] [Render thread/INFO] (net.minecraft.client.renderer.texture.TextureAtlas) Created: 256x256x4 minecraft:textures/atlas/signs.png-atlas
[04:29:37] [Render thread/INFO] (net.minecraft.client.renderer.texture.TextureAtlas) Created: 512x512x4 minecraft:textures/atlas/banner_patterns.png-atlas
[04:29:37] [Render thread/INFO] (net.minecraft.client.renderer.texture.TextureAtlas) Created: 512x512x4 minecraft:textures/atlas/shield_patterns.png-atlas
[04:29:37] [Render thread/INFO] (net.minecraft.client.renderer.texture.TextureAtlas) Created: 1024x1024x4 minecraft:textures/atlas/armor_trims.png-atlas
[04:29:37] [Render thread/INFO] (net.minecraft.client.renderer.texture.TextureAtlas) Created: 256x256x4 minecraft:textures/atlas/chest.png-atlas
[04:29:37] [Render thread/INFO] (net.minecraft.client.renderer.texture.TextureAtlas) Created: 128x64x4 minecraft:textures/atlas/decorated_pot.png-atlas
[04:29:37] [Render thread/INFO] (net.minecraft.client.renderer.texture.TextureAtlas) Created: 512x256x4 minecraft:textures/atlas/beds.png-atlas
[04:29:37] [Render thread/INFO] (net.minecraft.client.renderer.texture.TextureAtlas) Created: 512x256x4 minecraft:textures/atlas/shulker_boxes.png-atlas
[04:29:37] [Render thread/DEBUG] (FabricLoader/Mixin) Mixing EntityModelsMixin from fabric-rendering-v1.mixins.json into net.minecraft.client.model.geom.LayerDefinitions
[04:29:37] [Render thread/DEBUG] (FabricLoader/Mixin) fabric-rendering-v1.mixins.json:EntityModelsMixin from mod fabric-rendering-v1->@Inject::registerExtraModelData(Lorg/spongepowered/asm/mixin/injection/callback/CallbackInfoReturnable;Lcom/google/common/collect/ImmutableMap$Builder;)V doesn't use it's CallbackInfoReturnable
[04:29:37] [Render thread/DEBUG] (FabricLoader/Mixin) Mixing EntityModelLayersAccessor from fabric-rendering-v1.mixins.json into net.minecraft.client.model.geom.ModelLayers
[04:29:37] [Render thread/DEBUG] (FabricLoader/Mixin) Renaming @Accessor method getLayers()Ljava/util/Set; to getLayers$fabric-rendering-v1_$md$2e53f5$0 in fabric-rendering-v1.mixins.json:EntityModelLayersAccessor from mod fabric-rendering-v1
[04:29:37] [Render thread/DEBUG] (FabricLoader/Mixin) Mixing EntityModelLayersMixin from fabric-object-builder-v1.client.mixins.json into net.minecraft.client.model.geom.ModelLayers
[04:29:37] [Render thread/DEBUG] (FabricLoader/Mixin) fabric-object-builder-v1.client.mixins.json:EntityModelLayersMixin from mod fabric-object-builder-api-v1->@Inject::createSign(Lnet/minecraft/world/level/block/state/properties/WoodType;Lorg/spongepowered/asm/mixin/injection/callback/CallbackInfoReturnable;)V does use it's CallbackInfoReturnable
[04:29:37] [Render thread/DEBUG] (FabricLoader/Mixin) fabric-object-builder-v1.client.mixins.json:EntityModelLayersMixin from mod fabric-object-builder-api-v1->@Inject::createHangingSign(Lnet/minecraft/world/level/block/state/properties/WoodType;Lorg/spongepowered/asm/mixin/injection/callback/CallbackInfoReturnable;)V does use it's CallbackInfoReturnable
[04:29:37] [Render thread/DEBUG] (FabricLoader/Mixin) Mixing BlockEntityRendererFactoriesMixin from fabric-rendering-v1.mixins.json into net.minecraft.client.renderer.blockentity.BlockEntityRenderers
[04:29:37] [Render thread/DEBUG] (FabricLoader/Mixin) Renaming synthetic method lambda$init$0(Lnet/minecraft/world/level/block/entity/BlockEntityType;Lnet/minecraft/client/renderer/blockentity/BlockEntityRendererProvider;)V to md2e53f5$fabric-rendering-v1$lambda$init$0$0 in fabric-rendering-v1.mixins.json:BlockEntityRendererFactoriesMixin from mod fabric-rendering-v1
[04:29:37] [Render thread/DEBUG] (FabricLoader/Mixin) fabric-rendering-v1.mixins.json:BlockEntityRendererFactoriesMixin from mod fabric-rendering-v1->@Inject::init(Lorg/spongepowered/asm/mixin/injection/callback/CallbackInfo;)V doesn't use it's CallbackInfo
[04:29:37] [Render thread/DEBUG] (FabricLoader/Mixin) Mixing EntityRenderersMixin from fabric-rendering-v1.mixins.json into net.minecraft.client.renderer.entity.EntityRenderers
[04:29:37] [Render thread/DEBUG] (FabricLoader/Mixin) Renaming synthetic method lambda$onRegisterRenderers$0(Lnet/minecraft/world/entity/EntityType;Lnet/minecraft/client/renderer/entity/EntityRendererProvider;)V to md2e53f5$fabric-rendering-v1$lambda$onRegisterRenderers$0$0 in fabric-rendering-v1.mixins.json:EntityRenderersMixin from mod fabric-rendering-v1
[04:29:37] [Render thread/DEBUG] (FabricLoader/Mixin) fabric-rendering-v1.mixins.json:EntityRenderersMixin from mod fabric-rendering-v1->@Inject::onRegisterRenderers(Lorg/spongepowered/asm/mixin/injection/callback/CallbackInfo;)V doesn't use it's CallbackInfo
[04:29:37] [Render thread/DEBUG] (FabricLoader/Mixin) Mixing LivingEntityRendererAccessor from fabric-rendering-v1.mixins.json into net.minecraft.client.renderer.entity.LivingEntityRenderer
[04:29:37] [Render thread/DEBUG] (FabricLoader/Mixin) Mixing ArmorFeatureRendererMixin from fabric-rendering-v1.mixins.json into net.minecraft.client.renderer.entity.layers.HumanoidArmorLayer
[04:29:37] [Render thread/DEBUG] (FabricLoader/Mixin) fabric-rendering-v1.mixins.json:ArmorFeatureRendererMixin from mod fabric-rendering-v1->@Inject::renderArmor(Lcom/mojang/blaze3d/vertex/PoseStack;Lnet/minecraft/client/renderer/MultiBufferSource;Lnet/minecraft/world/entity/LivingEntity;Lnet/minecraft/world/entity/EquipmentSlot;ILnet/minecraft/client/model/HumanoidModel;Lorg/spongepowered/asm/mixin/injection/callback/CallbackInfo;)V does use it's CallbackInfo
[04:29:37] [Render thread/DEBUG] (FabricLoader/Mixin) fabric-rendering-v1.mixins.json:ArmorFeatureRendererMixin from mod fabric-rendering-v1->@Inject::getArmorTexture(Lnet/minecraft/world/item/ArmorItem;ZLjava/lang/String;Lorg/spongepowered/asm/mixin/injection/callback/CallbackInfoReturnable;)V does use it's CallbackInfoReturnable
[04:29:38] [Render thread/DEBUG] (FabricLoader/Mixin) Mixing CapeFeatureRendererMixin from fabric-rendering-v1.mixins.json into net.minecraft.client.renderer.entity.layers.CapeLayer
[04:29:38] [Render thread/DEBUG] (FabricLoader/Mixin) fabric-rendering-v1.mixins.json:CapeFeatureRendererMixin from mod fabric-rendering-v1->@Inject::injectCapeRenderCheck(Lcom/mojang/blaze3d/vertex/PoseStack;Lnet/minecraft/client/renderer/MultiBufferSource;ILnet/minecraft/client/player/AbstractClientPlayer;FFFFFFLorg/spongepowered/asm/mixin/injection/callback/CallbackInfo;)V does use it's CallbackInfo
[04:29:38] [Render thread/WARN] (net.minecraft.client.renderer.ShaderInstance) Shader rendertype_entity_translucent_emissive could not find sampler named Sampler2 in the specified shader program.
[04:29:38] [Render thread/DEBUG] (FabricLoader/Mixin) Mixing client.MixinEffectInstance from architectury.mixins.json into net.minecraft.client.renderer.EffectInstance
[04:29:38] [Render thread/DEBUG] (FabricLoader/Mixin) architectury.mixins.json:client.MixinEffectInstance from mod architectury: Class version 61 required is higher than the class version supported by the current version of Mixin (JAVA_16 supports class version 60)
[04:29:38] [Render thread/INFO] (net.minecraft.client.renderer.texture.TextureAtlas) Created: 512x256x0 minecraft:textures/atlas/particles.png-atlas
[04:29:38] [Render thread/INFO] (net.minecraft.client.renderer.texture.TextureAtlas) Created: 256x256x0 minecraft:textures/atlas/paintings.png-atlas
[04:29:38] [Render thread/INFO] (net.minecraft.client.renderer.texture.TextureAtlas) Created: 256x128x0 minecraft:textures/atlas/mob_effects.png-atlas
[04:29:38] [Render thread/INFO] (net.minecraft.client.renderer.texture.TextureAtlas) Created: 1024x512x0 minecraft:textures/atlas/gui.png-atlas
[04:30:15] [Render thread/DEBUG] (FabricLoader/Mixin) Mixing GameOptionsWriteVisitorMixin from fabric-resource-loader-v0.client.mixins.json into net.minecraft.client.Options$3
[04:30:16] [IO-Worker-1/INFO] (com.mojang.realmsclient.client.RealmsClient) Could not authorize you against Realms server: Invalid session id
[04:30:16] [IO-Worker-1/ERROR] (com.mojang.realmsclient.RealmsAvailability) Couldn't connect to realms
com.mojang.realmsclient.exception.RealmsServiceException: Realms authentication error with message 'Invalid session id'
	at com.mojang.realmsclient.client.RealmsClient.execute(RealmsClient.java:447) ~[minecraft-merged-b507bda15f-1.20.4-loom.mappings.1_20_4.layered+hash.40359-v2.jar:?]
	at com.mojang.realmsclient.client.RealmsClient.clientCompatible(RealmsClient.java:232) ~[minecraft-merged-b507bda15f-1.20.4-loom.mappings.1_20_4.layered+hash.40359-v2.jar:?]
	at com.mojang.realmsclient.RealmsAvailability.method_52627(RealmsAvailability.java:45) ~[minecraft-merged-b507bda15f-1.20.4-loom.mappings.1_20_4.layered+hash.40359-v2.jar:?]
	at java.util.concurrent.CompletableFuture$AsyncSupply.run(CompletableFuture.java:1768) ~[?:?]
	at java.util.concurrent.ThreadPoolExecutor.runWorker(ThreadPoolExecutor.java:1136) ~[?:?]
	at java.util.concurrent.ThreadPoolExecutor$Worker.run(ThreadPoolExecutor.java:635) ~[?:?]
	at java.lang.Thread.run(Thread.java:833) ~[?:?]
[04:30:18] [Worker-Main-9/DEBUG] (FabricLoader/Mixin) Mixing GameRulesAccessor from fabric-game-rule-api-v1.mixins.json into net.minecraft.world.level.GameRules
[04:30:18] [Worker-Main-9/DEBUG] (FabricLoader/Mixin) Renaming @Invoker method callRegister(Ljava/lang/String;Lnet/minecraft/world/level/GameRules$Category;Lnet/minecraft/world/level/GameRules$Type;)Lnet/minecraft/world/level/GameRules$Key; to callRegister$fabric-game-rule-api-v1_$md$2e53f5$0 in fabric-game-rule-api-v1.mixins.json:GameRulesAccessor from mod fabric-game-rule-api-v1
[04:30:18] [Worker-Main-9/DEBUG] (FabricLoader/Mixin) Renaming @Accessor method getRuleTypes()Ljava/util/Map; to getRuleTypes$fabric-game-rule-api-v1_$md$2e53f5$1 in fabric-game-rule-api-v1.mixins.json:GameRulesAccessor from mod fabric-game-rule-api-v1
[04:30:18] [Worker-Main-2/DEBUG] (FabricLoader/Mixin) Mixing GameRulesKeyMixin from fabric-game-rule-api-v1.mixins.json into net.minecraft.world.level.GameRules$Key
[04:30:18] [Worker-Main-2/DEBUG] (FabricLoader/Mixin) Mixing GameRulesBooleanRuleAccessor from fabric-game-rule-api-v1.mixins.json into net.minecraft.world.level.GameRules$BooleanValue
[04:30:18] [Worker-Main-2/DEBUG] (FabricLoader/Mixin) Renaming @Invoker method invokeCreate(ZLjava/util/function/BiConsumer;)Lnet/minecraft/world/level/GameRules$Type; to invokeCreate$fabric-game-rule-api-v1_$md$2e53f5$0 in fabric-game-rule-api-v1.mixins.json:GameRulesBooleanRuleAccessor from mod fabric-game-rule-api-v1
[04:30:18] [Worker-Main-2/DEBUG] (FabricLoader/Mixin) Mixing GameRulesIntRuleAccessor from fabric-game-rule-api-v1.mixins.json into net.minecraft.world.level.GameRules$IntegerValue
[04:30:18] [Render thread/DEBUG] (FabricLoader/Mixin) Mixing CreateWorldScreenMixin from fabric-resource-loader-v0.client.mixins.json into net.minecraft.client.gui.screens.worldselection.CreateWorldScreen
[04:30:18] [Render thread/DEBUG] (FabricLoader/Mixin) fabric-resource-loader-v0.client.mixins.json:CreateWorldScreenMixin from mod fabric-resource-loader-v0->@Inject::onScanPacks(Lorg/spongepowered/asm/mixin/injection/callback/CallbackInfoReturnable;)V doesn't use it's CallbackInfoReturnable
[04:30:18] [Render thread/DEBUG] (FabricLoader/Mixin) fabric-resource-loader-v0.client.mixins.json:CreateWorldScreenMixin from mod fabric-resource-loader-v0->@Inject::onScanPacks(Lorg/spongepowered/asm/mixin/injection/callback/CallbackInfoReturnable;)V has 0 override(s) in child classes
[04:30:18] [Render thread/DEBUG] (FabricLoader/Mixin) fabric-resource-loader-v0.client.mixins.json:CreateWorldScreenMixin from mod fabric-resource-loader-v0->@Inject::onScanPacks(Lorg/spongepowered/asm/mixin/injection/callback/CallbackInfoReturnable;)V won't be passed a CallbackInfoReturnable as a result
[04:30:20] [Render thread/DEBUG] (FabricLoader/Mixin) Mixing DataPackContentsMixin from fabric-resource-conditions-api-v1.mixins.json into net.minecraft.server.ReloadableServerResources
[04:30:20] [Render thread/DEBUG] (FabricLoader/Mixin) Mixing DataPackContentsMixin from fabric-lifecycle-events-v1.mixins.json into net.minecraft.server.ReloadableServerResources
[04:30:20] [Render thread/DEBUG] (FabricLoader/Mixin) fabric-resource-conditions-api-v1.mixins.json:DataPackContentsMixin from mod fabric-resource-conditions-api-v1->@Inject::hookRefresh(Lnet/minecraft/core/RegistryAccess;Lorg/spongepowered/asm/mixin/injection/callback/CallbackInfo;)V doesn't use it's CallbackInfo
[04:30:20] [Render thread/DEBUG] (FabricLoader/Mixin) fabric-resource-conditions-api-v1.mixins.json:DataPackContentsMixin from mod fabric-resource-conditions-api-v1->@Inject::hookRefresh(Lnet/minecraft/core/RegistryAccess;Lorg/spongepowered/asm/mixin/injection/callback/CallbackInfo;)V has 0 override(s) in child classes
[04:30:20] [Render thread/DEBUG] (FabricLoader/Mixin) fabric-resource-conditions-api-v1.mixins.json:DataPackContentsMixin from mod fabric-resource-conditions-api-v1->@Inject::hookRefresh(Lnet/minecraft/core/RegistryAccess;Lorg/spongepowered/asm/mixin/injection/callback/CallbackInfo;)V won't be passed a CallbackInfo as a result
[04:30:20] [Render thread/DEBUG] (FabricLoader/Mixin) fabric-resource-conditions-api-v1.mixins.json:DataPackContentsMixin from mod fabric-resource-conditions-api-v1->@Inject::hookReload(Lnet/minecraft/server/packs/resources/ResourceManager;Lnet/minecraft/core/RegistryAccess$Frozen;Lnet/minecraft/world/flag/FeatureFlagSet;Lnet/minecraft/commands/Commands$CommandSelection;ILjava/util/concurrent/Executor;Ljava/util/concurrent/Executor;Lorg/spongepowered/asm/mixin/injection/callback/CallbackInfoReturnable;)V doesn't use it's CallbackInfoReturnable
[04:30:20] [Render thread/DEBUG] (FabricLoader/Mixin) fabric-lifecycle-events-v1.mixins.json:DataPackContentsMixin from mod fabric-lifecycle-events-v1->@Inject::hookRefresh(Lnet/minecraft/core/RegistryAccess;Lorg/spongepowered/asm/mixin/injection/callback/CallbackInfo;)V doesn't use it's CallbackInfo
[04:30:20] [Render thread/DEBUG] (FabricLoader/Mixin) fabric-lifecycle-events-v1.mixins.json:DataPackContentsMixin from mod fabric-lifecycle-events-v1->@Inject::hookRefresh(Lnet/minecraft/core/RegistryAccess;Lorg/spongepowered/asm/mixin/injection/callback/CallbackInfo;)V has 0 override(s) in child classes
[04:30:20] [Render thread/DEBUG] (FabricLoader/Mixin) fabric-lifecycle-events-v1.mixins.json:DataPackContentsMixin from mod fabric-lifecycle-events-v1->@Inject::hookRefresh(Lnet/minecraft/core/RegistryAccess;Lorg/spongepowered/asm/mixin/injection/callback/CallbackInfo;)V won't be passed a CallbackInfo as a result
[04:30:20] [Render thread/DEBUG] (FabricLoader/Mixin) Mixing SaveLoadingMixin from fabric-registry-sync-v0.mixins.json into net.minecraft.server.WorldLoader
[04:30:20] [Render thread/DEBUG] (FabricLoader/Mixin) Mixing MixinServerPlayerGameMode from architectury.mixins.json into net.minecraft.server.level.ServerPlayerGameMode
[04:30:20] [Render thread/DEBUG] (FabricLoader/Mixin) architectury.mixins.json:MixinServerPlayerGameMode from mod architectury: Class version 61 required is higher than the class version supported by the current version of Mixin (JAVA_16 supports class version 60)
[04:30:20] [Render thread/DEBUG] (FabricLoader/Mixin) Mixing ServerPlayerInteractionManagerMixin from fabric-events-interaction-v0.mixins.json into net.minecraft.server.level.ServerPlayerGameMode
[04:30:20] [Render thread/DEBUG] (FabricLoader/Mixin) architectury.mixins.json:MixinServerPlayerGameMode from mod architectury->@Inject::onBreak(Lnet/minecraft/core/BlockPos;Lorg/spongepowered/asm/mixin/injection/callback/CallbackInfoReturnable;Lnet/minecraft/world/level/block/entity/BlockEntity;Lnet/minecraft/world/level/block/state/BlockState;)V does use it's CallbackInfoReturnable
[04:30:20] [Render thread/DEBUG] (FabricLoader/Mixin) fabric-events-interaction-v0.mixins.json:ServerPlayerInteractionManagerMixin from mod fabric-events-interaction-v0->@Inject::startBlockBreak(Lnet/minecraft/core/BlockPos;Lnet/minecraft/network/protocol/game/ServerboundPlayerActionPacket$Action;Lnet/minecraft/core/Direction;IILorg/spongepowered/asm/mixin/injection/callback/CallbackInfo;)V does use it's CallbackInfo
[04:30:20] [Render thread/DEBUG] (FabricLoader/Mixin) fabric-events-interaction-v0.mixins.json:ServerPlayerInteractionManagerMixin from mod fabric-events-interaction-v0->@Inject::interactBlock(Lnet/minecraft/server/level/ServerPlayer;Lnet/minecraft/world/level/Level;Lnet/minecraft/world/item/ItemStack;Lnet/minecraft/world/InteractionHand;Lnet/minecraft/world/phys/BlockHitResult;Lorg/spongepowered/asm/mixin/injection/callback/CallbackInfoReturnable;)V does use it's CallbackInfoReturnable
[04:30:20] [Render thread/DEBUG] (FabricLoader/Mixin) fabric-events-interaction-v0.mixins.json:ServerPlayerInteractionManagerMixin from mod fabric-events-interaction-v0->@Inject::interactItem(Lnet/minecraft/server/level/ServerPlayer;Lnet/minecraft/world/level/Level;Lnet/minecraft/world/item/ItemStack;Lnet/minecraft/world/InteractionHand;Lorg/spongepowered/asm/mixin/injection/callback/CallbackInfoReturnable;)V does use it's CallbackInfoReturnable
[04:30:20] [Render thread/DEBUG] (FabricLoader/Mixin) fabric-events-interaction-v0.mixins.json:ServerPlayerInteractionManagerMixin from mod fabric-events-interaction-v0->@Inject::breakBlock(Lnet/minecraft/core/BlockPos;Lorg/spongepowered/asm/mixin/injection/callback/CallbackInfoReturnable;Lnet/minecraft/world/level/block/entity/BlockEntity;Lnet/minecraft/world/level/block/Block;Lnet/minecraft/world/level/block/state/BlockState;)V does use it's CallbackInfoReturnable
[04:30:20] [Render thread/DEBUG] (FabricLoader/Mixin) fabric-events-interaction-v0.mixins.json:ServerPlayerInteractionManagerMixin from mod fabric-events-interaction-v0->@Inject::onBlockBroken(Lnet/minecraft/core/BlockPos;Lorg/spongepowered/asm/mixin/injection/callback/CallbackInfoReturnable;Lnet/minecraft/world/level/block/entity/BlockEntity;Lnet/minecraft/world/level/block/Block;Lnet/minecraft/world/level/block/state/BlockState;Z)V doesn't use it's CallbackInfoReturnable
[04:30:20] [Render thread/DEBUG] (FabricLoader/Mixin) fabric-events-interaction-v0.mixins.json:ServerPlayerInteractionManagerMixin from mod fabric-events-interaction-v0->@Inject::onBlockBroken(Lnet/minecraft/core/BlockPos;Lorg/spongepowered/asm/mixin/injection/callback/CallbackInfoReturnable;Lnet/minecraft/world/level/block/entity/BlockEntity;Lnet/minecraft/world/level/block/Block;Lnet/minecraft/world/level/block/state/BlockState;Z)V has 0 override(s) in child classes
[04:30:20] [Render thread/DEBUG] (FabricLoader/Mixin) fabric-events-interaction-v0.mixins.json:ServerPlayerInteractionManagerMixin from mod fabric-events-interaction-v0->@Inject::onBlockBroken(Lnet/minecraft/core/BlockPos;Lorg/spongepowered/asm/mixin/injection/callback/CallbackInfoReturnable;Lnet/minecraft/world/level/block/entity/BlockEntity;Lnet/minecraft/world/level/block/Block;Lnet/minecraft/world/level/block/state/BlockState;Z)V won't be passed a CallbackInfoReturnable as a result
[04:30:20] [Render thread/DEBUG] (net.fabricmc.fabric.impl.resource.loader.ModResourcePackUtil) [Fabric] Starting internal pack sorting with: [fabric, fabric-convention-tags-v1, fabric-gametest-api-v1, generated_293b3eb]
[04:30:20] [Render thread/DEBUG] (net.fabricmc.fabric.impl.resource.loader.ModResourcePackUtil) [Fabric] Removed all internal packs, result: [fabric]
[04:30:20] [Render thread/DEBUG] (net.fabricmc.fabric.impl.resource.loader.ModResourcePackUtil) [Fabric] cur @ fabric, auto-enabled fabric-convention-tags-v1, currently enabled: [fabric, fabric-convention-tags-v1]
[04:30:20] [Render thread/DEBUG] (net.fabricmc.fabric.impl.resource.loader.ModResourcePackUtil) [Fabric] cur @ fabric, auto-enabled fabric-gametest-api-v1, currently enabled: [fabric, fabric-convention-tags-v1, fabric-gametest-api-v1]
[04:30:20] [Render thread/DEBUG] (net.fabricmc.fabric.impl.resource.loader.ModResourcePackUtil) [Fabric] cur @ fabric, auto-enabled generated_293b3eb, currently enabled: [fabric, fabric-convention-tags-v1, fabric-gametest-api-v1, generated_293b3eb]
[04:30:20] [Render thread/DEBUG] (net.fabricmc.fabric.impl.resource.loader.ModResourcePackUtil) [Fabric] Final sorting result: [fabric, fabric-convention-tags-v1, fabric-gametest-api-v1, generated_293b3eb]
[04:30:20] [Render thread/WARN] (net.minecraft.server.MinecraftServer) Missing data pack generated_5a523b4
[04:30:20] [Render thread/INFO] (net.minecraft.server.MinecraftServer) Found new data pack generated_293b3eb, loading it automatically
[04:30:20] [Render thread/DEBUG] (net.fabricmc.fabric.impl.resource.loader.ModResourcePackUtil) [Fabric] Starting internal pack sorting with: [vanilla, fabric, fabric-convention-tags-v1, fabric-gametest-api-v1, generated_293b3eb]
[04:30:20] [Render thread/DEBUG] (net.fabricmc.fabric.impl.resource.loader.ModResourcePackUtil) [Fabric] Removed all internal packs, result: [vanilla, fabric]
[04:30:20] [Render thread/DEBUG] (net.fabricmc.fabric.impl.resource.loader.ModResourcePackUtil) [Fabric] cur @ fabric, auto-enabled fabric-convention-tags-v1, currently enabled: [vanilla, fabric, fabric-convention-tags-v1]
[04:30:20] [Render thread/DEBUG] (net.fabricmc.fabric.impl.resource.loader.ModResourcePackUtil) [Fabric] cur @ fabric, auto-enabled fabric-gametest-api-v1, currently enabled: [vanilla, fabric, fabric-convention-tags-v1, fabric-gametest-api-v1]
[04:30:20] [Render thread/DEBUG] (net.fabricmc.fabric.impl.resource.loader.ModResourcePackUtil) [Fabric] cur @ fabric, auto-enabled generated_293b3eb, currently enabled: [vanilla, fabric, fabric-convention-tags-v1, fabric-gametest-api-v1, generated_293b3eb]
[04:30:20] [Render thread/DEBUG] (net.fabricmc.fabric.impl.resource.loader.ModResourcePackUtil) [Fabric] Final sorting result: [vanilla, fabric, fabric-convention-tags-v1, fabric-gametest-api-v1, generated_293b3eb]
[04:30:20] [Render thread/DEBUG] (FabricLoader/Mixin) Mixing modification.DynamicRegistryManagerImmutableImplMixin from fabric-biome-api-v1.mixins.json into net.minecraft.core.RegistryAccess$ImmutableRegistryAccess
[04:30:20] [Render thread/DEBUG] (FabricLoader/Mixin) Mixing RegistryLoaderMixin from fabric-registry-sync-v0.mixins.json into net.minecraft.resources.RegistryDataLoader
[04:30:20] [Render thread/DEBUG] (FabricLoader/Mixin) fabric-registry-sync-v0.mixins.json:RegistryLoaderMixin from mod fabric-registry-sync-v0->@Inject::beforeLoad(Lnet/minecraft/server/packs/resources/ResourceManager;Lnet/minecraft/core/RegistryAccess;Ljava/util/List;Lorg/spongepowered/asm/mixin/injection/callback/CallbackInfoReturnable;Ljava/util/Map;Ljava/util/List;Lnet/minecraft/resources/RegistryOps$RegistryInfoLookup;)V doesn't use it's CallbackInfoReturnable
[04:30:20] [Render thread/DEBUG] (FabricLoader/Mixin) fabric-registry-sync-v0.mixins.json:RegistryLoaderMixin from mod fabric-registry-sync-v0->@Inject::prependDirectoryWithNamespace(Lnet/minecraft/resources/ResourceLocation;Lorg/spongepowered/asm/mixin/injection/callback/CallbackInfoReturnable;)V does use it's CallbackInfoReturnable
[04:30:20] [Render thread/DEBUG] (FabricLoader/Mixin) Mixing KeyedResourceReloadListenerMixin from fabric-resource-loader-v0.mixins.json into net.minecraft.world.item.crafting.RecipeManager
[04:30:20] [Render thread/DEBUG] (FabricLoader/Mixin) Mixing JsonDataLoaderMixin from fabric-resource-conditions-api-v1.mixins.json into net.minecraft.server.packs.resources.SimpleJsonResourceReloadListener
[04:30:20] [Render thread/DEBUG] (FabricLoader/Mixin) Mixing LootPoolAccessor from fabric-loot-api-v2.mixins.json into net.minecraft.world.level.storage.loot.LootPool
[04:30:20] [Render thread/DEBUG] (FabricLoader/Mixin) Mixing KeyedResourceReloadListenerMixin from fabric-resource-loader-v0.mixins.json into net.minecraft.server.ServerAdvancementManager
[04:30:20] [Render thread/DEBUG] (FabricLoader/Mixin) Mixing TagManagerLoaderMixin from fabric-resource-conditions-api-v1.mixins.json into net.minecraft.tags.TagManager
[04:30:20] [Render thread/DEBUG] (FabricLoader/Mixin) Mixing TagManagerLoaderMixin from fabric-registry-sync-v0.mixins.json into net.minecraft.tags.TagManager
[04:30:20] [Render thread/DEBUG] (FabricLoader/Mixin) Mixing KeyedResourceReloadListenerMixin from fabric-resource-loader-v0.mixins.json into net.minecraft.tags.TagManager
[04:30:20] [Render thread/DEBUG] (FabricLoader/Mixin) fabric-resource-conditions-api-v1.mixins.json:TagManagerLoaderMixin from mod fabric-resource-conditions-api-v1->@Inject::hookApply(Ljava/util/List;Ljava/lang/Void;Lorg/spongepowered/asm/mixin/injection/callback/CallbackInfo;)V doesn't use it's CallbackInfo
[04:30:20] [Render thread/DEBUG] (FabricLoader/Mixin) fabric-resource-conditions-api-v1.mixins.json:TagManagerLoaderMixin from mod fabric-resource-conditions-api-v1->@Inject::hookApply(Ljava/util/List;Ljava/lang/Void;Lorg/spongepowered/asm/mixin/injection/callback/CallbackInfo;)V has 0 override(s) in child classes
[04:30:20] [Render thread/DEBUG] (FabricLoader/Mixin) fabric-resource-conditions-api-v1.mixins.json:TagManagerLoaderMixin from mod fabric-resource-conditions-api-v1->@Inject::hookApply(Ljava/util/List;Ljava/lang/Void;Lorg/spongepowered/asm/mixin/injection/callback/CallbackInfo;)V won't be passed a CallbackInfo as a result
[04:30:20] [Render thread/DEBUG] (FabricLoader/Mixin) fabric-registry-sync-v0.mixins.json:TagManagerLoaderMixin from mod fabric-registry-sync-v0->@Inject::onGetPath(Lnet/minecraft/resources/ResourceKey;Lorg/spongepowered/asm/mixin/injection/callback/CallbackInfoReturnable;)V does use it's CallbackInfoReturnable
[04:30:20] [Render thread/DEBUG] (FabricLoader/Mixin) Mixing CommandManagerMixin from fabric-command-api-v2.mixins.json into net.minecraft.commands.Commands
[04:30:20] [Render thread/DEBUG] (FabricLoader/Mixin) Mixing CommandManagerMixin from fabric-gametest-api-v1.mixins.json into net.minecraft.commands.Commands
[04:30:20] [Render thread/DEBUG] (FabricLoader/Mixin) Mixing MixinCommands from architectury.mixins.json into net.minecraft.commands.Commands
[04:30:20] [Render thread/DEBUG] (FabricLoader/Mixin) architectury.mixins.json:MixinCommands from mod architectury: Class version 61 required is higher than the class version supported by the current version of Mixin (JAVA_16 supports class version 60)
[04:30:20] [Render thread/DEBUG] (FabricLoader/Mixin) Mixing CommandManagerMixin from fabric-networking-api-v1.mixins.json into net.minecraft.commands.Commands
[04:30:20] [Render thread/DEBUG] (FabricLoader/Mixin) fabric-command-api-v2.mixins.json:CommandManagerMixin from mod fabric-command-api-v2->@Inject::fabric_addCommands(Lnet/minecraft/commands/Commands$CommandSelection;Lnet/minecraft/commands/CommandBuildContext;Lorg/spongepowered/asm/mixin/injection/callback/CallbackInfo;)V doesn't use it's CallbackInfo
[04:30:20] [Render thread/DEBUG] (FabricLoader/Mixin) fabric-command-api-v2.mixins.json:CommandManagerMixin from mod fabric-command-api-v2->@Inject::fabric_addCommands(Lnet/minecraft/commands/Commands$CommandSelection;Lnet/minecraft/commands/CommandBuildContext;Lorg/spongepowered/asm/mixin/injection/callback/CallbackInfo;)V has 0 override(s) in child classes
[04:30:20] [Render thread/DEBUG] (FabricLoader/Mixin) fabric-command-api-v2.mixins.json:CommandManagerMixin from mod fabric-command-api-v2->@Inject::fabric_addCommands(Lnet/minecraft/commands/Commands$CommandSelection;Lnet/minecraft/commands/CommandBuildContext;Lorg/spongepowered/asm/mixin/injection/callback/CallbackInfo;)V won't be passed a CallbackInfo as a result
[04:30:20] [Render thread/DEBUG] (FabricLoader/Mixin) fabric-gametest-api-v1.mixins.json:CommandManagerMixin from mod fabric-gametest-api-v1->@Inject::construct(Lnet/minecraft/commands/Commands$CommandSelection;Lnet/minecraft/commands/CommandBuildContext;Lorg/spongepowered/asm/mixin/injection/callback/CallbackInfo;)V doesn't use it's CallbackInfo
[04:30:20] [Render thread/DEBUG] (FabricLoader/Mixin) fabric-gametest-api-v1.mixins.json:CommandManagerMixin from mod fabric-gametest-api-v1->@Inject::construct(Lnet/minecraft/commands/Commands$CommandSelection;Lnet/minecraft/commands/CommandBuildContext;Lorg/spongepowered/asm/mixin/injection/callback/CallbackInfo;)V has 0 override(s) in child classes
[04:30:20] [Render thread/DEBUG] (FabricLoader/Mixin) fabric-gametest-api-v1.mixins.json:CommandManagerMixin from mod fabric-gametest-api-v1->@Inject::construct(Lnet/minecraft/commands/Commands$CommandSelection;Lnet/minecraft/commands/CommandBuildContext;Lorg/spongepowered/asm/mixin/injection/callback/CallbackInfo;)V won't be passed a CallbackInfo as a result
[04:30:20] [Render thread/DEBUG] (FabricLoader/Mixin) architectury.mixins.json:MixinCommands from mod architectury->@Inject::finishParsing(Lcom/mojang/brigadier/ParseResults;Ljava/lang/String;Lnet/minecraft/commands/CommandSourceStack;Lorg/spongepowered/asm/mixin/injection/callback/CallbackInfoReturnable;)V does use it's CallbackInfoReturnable
[04:30:20] [Render thread/DEBUG] (FabricLoader/Mixin) fabric-networking-api-v1.mixins.json:CommandManagerMixin from mod fabric-networking-api-v1->@Inject::init(Lnet/minecraft/commands/Commands$CommandSelection;Lnet/minecraft/commands/CommandBuildContext;Lorg/spongepowered/asm/mixin/injection/callback/CallbackInfo;)V doesn't use it's CallbackInfo
[04:30:20] [Render thread/DEBUG] (FabricLoader/Mixin) fabric-networking-api-v1.mixins.json:CommandManagerMixin from mod fabric-networking-api-v1->@Inject::init(Lnet/minecraft/commands/Commands$CommandSelection;Lnet/minecraft/commands/CommandBuildContext;Lorg/spongepowered/asm/mixin/injection/callback/CallbackInfo;)V has 0 override(s) in child classes
[04:30:20] [Render thread/DEBUG] (FabricLoader/Mixin) fabric-networking-api-v1.mixins.json:CommandManagerMixin from mod fabric-networking-api-v1->@Inject::init(Lnet/minecraft/commands/Commands$CommandSelection;Lnet/minecraft/commands/CommandBuildContext;Lorg/spongepowered/asm/mixin/injection/callback/CallbackInfo;)V won't be passed a CallbackInfo as a result
[04:30:20] [Render thread/DEBUG] (FabricLoader/Mixin) Mixing DatapackCommandMixin from fabric-resource-loader-v0.mixins.json into net.minecraft.server.commands.DataPackCommand
[04:30:20] [Render thread/DEBUG] (FabricLoader/Mixin) Renaming synthetic method lambda$filterDisabledPackSuggestions$2(Lnet/minecraft/server/packs/repository/Pack;)Z to md2e53f5$fabric-resource-loader-v0$lambda$filterDisabledPackSuggestions$2$0 in fabric-resource-loader-v0.mixins.json:DatapackCommandMixin from mod fabric-resource-loader-v0
[04:30:20] [Render thread/DEBUG] (FabricLoader/Mixin) Renaming synthetic method lambda$filterEnabledPackSuggestions$1(Lnet/minecraft/server/packs/repository/Pack;)Z to md2e53f5$fabric-resource-loader-v0$lambda$filterEnabledPackSuggestions$1$1 in fabric-resource-loader-v0.mixins.json:DatapackCommandMixin from mod fabric-resource-loader-v0
[04:30:20] [Render thread/DEBUG] (FabricLoader/Mixin) Renaming synthetic method lambda$static$0(Ljava/lang/Object;)Lcom/mojang/brigadier/Message; to md2e53f5$fabric-resource-loader-v0$lambda$static$0$2 in fabric-resource-loader-v0.mixins.json:DatapackCommandMixin from mod fabric-resource-loader-v0
[04:30:20] [Render thread/DEBUG] (FabricLoader/Mixin) fabric-resource-loader-v0.mixins.json:DatapackCommandMixin from mod fabric-resource-loader-v0->@Inject::errorOnInternalPack(Lcom/mojang/brigadier/context/CommandContext;Ljava/lang/String;ZLorg/spongepowered/asm/mixin/injection/callback/CallbackInfoReturnable;)V doesn't use it's CallbackInfoReturnable
[04:30:20] [Render thread/DEBUG] (FabricLoader/Mixin) Mixing EnchantCommandMixin from fabric-item-api-v1.mixins.json into net.minecraft.server.commands.EnchantCommand
[04:30:20] [Render thread/DEBUG] (FabricLoader/Mixin) Mixing GameRuleCommandAccessor from fabric-game-rule-api-v1.mixins.json into net.minecraft.server.commands.GameRuleCommand
[04:30:20] [Render thread/DEBUG] (FabricLoader/Mixin) Renaming @Invoker method invokeExecuteSet(Lcom/mojang/brigadier/context/CommandContext;Lnet/minecraft/world/level/GameRules$Key;)I to invokeExecuteSet$fabric-game-rule-api-v1_$md$2e53f5$0 in fabric-game-rule-api-v1.mixins.json:GameRuleCommandAccessor from mod fabric-game-rule-api-v1
[04:30:20] [Render thread/DEBUG] (FabricLoader/Mixin) Renaming @Invoker method invokeExecuteQuery(Lnet/minecraft/commands/CommandSourceStack;Lnet/minecraft/world/level/GameRules$Key;)I to invokeExecuteQuery$fabric-game-rule-api-v1_$md$2e53f5$1 in fabric-game-rule-api-v1.mixins.json:GameRuleCommandAccessor from mod fabric-game-rule-api-v1
[04:30:20] [Render thread/DEBUG] (FabricLoader/Mixin) Mixing GameRuleCommandVisitorMixin from fabric-game-rule-api-v1.mixins.json into net.minecraft.server.commands.GameRuleCommand$1
[04:30:20] [Render thread/DEBUG] (FabricLoader/Mixin) fabric-game-rule-api-v1.mixins.json:GameRuleCommandVisitorMixin from mod fabric-game-rule-api-v1->@Inject::onRegisterCommand(Lnet/minecraft/world/level/GameRules$Key;Lnet/minecraft/world/level/GameRules$Type;Lorg/spongepowered/asm/mixin/injection/callback/CallbackInfo;)V does use it's CallbackInfo
[04:30:20] [Render thread/DEBUG] (FabricLoader/Mixin) Mixing HelpCommandAccessor from fabric-command-api-v2.mixins.json into net.minecraft.server.commands.HelpCommand
[04:30:20] [Render thread/DEBUG] (FabricLoader/Mixin) Renaming @Accessor method getFailedException()Lcom/mojang/brigadier/exceptions/SimpleCommandExceptionType; to getFailedException$fabric-command-api-v2_$md$2e53f5$0 in fabric-command-api-v2.mixins.json:HelpCommandAccessor from mod fabric-command-api-v2
[04:30:20] [Render thread/DEBUG] (FabricLoader/Mixin) Mixing TestCommandMixin from fabric-gametest-api-v1.mixins.json into net.minecraft.gametest.framework.TestCommand
[04:30:20] [Render thread/DEBUG] (FabricLoader/Mixin) Mixing KeyedResourceReloadListenerMixin from fabric-resource-loader-v0.mixins.json into net.minecraft.server.ServerFunctionLibrary
[04:30:20] [Worker-Main-8/DEBUG] (FabricLoader/Mixin) Mixing emotion.RaidMixin from depression.mixins.json into net.minecraft.world.entity.raid.Raid
[04:30:20] [Worker-Main-8/DEBUG] (FabricLoader/Mixin) depression.mixins.json:emotion.RaidMixin from mod depression->@Inject::onRaidWin(Lorg/spongepowered/asm/mixin/injection/callback/CallbackInfo;)V doesn't use it's CallbackInfo
[04:30:20] [Worker-Main-8/DEBUG] (FabricLoader/Mixin) depression.mixins.json:emotion.RaidMixin from mod depression->@Inject::onRaidWin(Lorg/spongepowered/asm/mixin/injection/callback/CallbackInfo;)V has 0 override(s) in child classes
[04:30:20] [Worker-Main-8/DEBUG] (FabricLoader/Mixin) depression.mixins.json:emotion.RaidMixin from mod depression->@Inject::onRaidWin(Lorg/spongepowered/asm/mixin/injection/callback/CallbackInfo;)V won't be passed a CallbackInfo as a result
[04:30:20] [Render thread/INFO] (net.minecraft.world.item.crafting.RecipeManager) Loaded 7 recipes
[04:30:20] [Render thread/INFO] (net.minecraft.advancements.AdvancementTree) Loaded 1271 advancements
[04:30:21] [Render thread/DEBUG] (FabricLoader/Mixin) Mixing HangingSignEditScreenMixin from fabric-object-builder-v1.client.mixins.json into net.minecraft.client.gui.screens.inventory.HangingSignEditScreen
[04:30:21] [Render thread/WARN] (net.minecraft.server.players.GameProfileCache) Failed to load profile cache D:\MinecraftModProject\Depression1.20.4\fabric\run\usercache.json
com.google.gson.JsonSyntaxException: Expected a com.google.gson.JsonArray but was com.google.gson.JsonPrimitive; at path $
	at com.google.gson.internal.bind.TypeAdapters$34$1.read(TypeAdapters.java:1010) ~[gson-2.10.1.jar:?]
	at com.google.gson.Gson.fromJson(Gson.java:1227) ~[gson-2.10.1.jar:?]
	at com.google.gson.Gson.fromJson(Gson.java:1137) ~[gson-2.10.1.jar:?]
	at com.google.gson.Gson.fromJson(Gson.java:1075) ~[gson-2.10.1.jar:?]
	at net.minecraft.server.players.GameProfileCache.load(GameProfileCache.java:203) ~[minecraft-merged-b507bda15f-1.20.4-loom.mappings.1_20_4.layered+hash.40359-v2.jar:?]
	at net.minecraft.server.players.GameProfileCache.<init>(GameProfileCache.java:67) ~[minecraft-merged-b507bda15f-1.20.4-loom.mappings.1_20_4.layered+hash.40359-v2.jar:?]
	at net.minecraft.server.Services.create(Services.java:20) ~[minecraft-merged-b507bda15f-1.20.4-loom.mappings.1_20_4.layered+hash.40359-v2.jar:?]
	at net.minecraft.client.Minecraft.doWorldLoad(Minecraft.java:2199) ~[minecraft-merged-b507bda15f-1.20.4-loom.mappings.1_20_4.layered+hash.40359-v2.jar:?]
	at net.minecraft.client.gui.screens.worldselection.WorldOpenFlows.method_54611(WorldOpenFlows.java:368) ~[minecraft-merged-b507bda15f-1.20.4-loom.mappings.1_20_4.layered+hash.40359-v2.jar:?]
	at java.util.concurrent.CompletableFuture$UniAccept.tryFire(CompletableFuture.java:718) ~[?:?]
	at java.util.concurrent.CompletableFuture$Completion.run(CompletableFuture.java:482) ~[?:?]
	at net.minecraft.util.thread.BlockableEventLoop.execute(BlockableEventLoop.java:102) ~[minecraft-merged-b507bda15f-1.20.4-loom.mappings.1_20_4.layered+hash.40359-v2.jar:?]
	at java.util.concurrent.CompletableFuture.uniAcceptNow(CompletableFuture.java:754) ~[?:?]
	at java.util.concurrent.CompletableFuture.uniAcceptStage(CompletableFuture.java:735) ~[?:?]
	at java.util.concurrent.CompletableFuture.thenAcceptAsync(CompletableFuture.java:2191) ~[?:?]
	at net.minecraft.client.gui.screens.worldselection.WorldOpenFlows.loadLevel(WorldOpenFlows.java:366) ~[minecraft-merged-b507bda15f-1.20.4-loom.mappings.1_20_4.layered+hash.40359-v2.jar:?]
	at net.minecraft.client.gui.screens.worldselection.WorldOpenFlows.checkForBackupAndLoad(WorldOpenFlows.java:308) ~[minecraft-merged-b507bda15f-1.20.4-loom.mappings.1_20_4.layered+hash.40359-v2.jar:?]
	at net.minecraft.client.gui.screens.worldselection.WorldOpenFlows.checkForBackupAndLoad(WorldOpenFlows.java:242) ~[minecraft-merged-b507bda15f-1.20.4-loom.mappings.1_20_4.layered+hash.40359-v2.jar:?]
	at net.minecraft.client.gui.screens.worldselection.WorldSelectionList$WorldListEntry.joinWorld(WorldSelectionList.java:440) ~[minecraft-merged-b507bda15f-1.20.4-loom.mappings.1_20_4.layered+hash.40359-v2.jar:?]
	at net.minecraft.client.gui.screens.worldselection.WorldSelectionList$WorldListEntry.mouseClicked(WorldSelectionList.java:417) ~[minecraft-merged-b507bda15f-1.20.4-loom.mappings.1_20_4.layered+hash.40359-v2.jar:?]
	at net.minecraft.client.gui.components.AbstractSelectionList.mouseClicked(AbstractSelectionList.java:279) ~[minecraft-merged-b507bda15f-1.20.4-loom.mappings.1_20_4.layered+hash.40359-v2.jar:?]
	at net.minecraft.client.gui.components.events.ContainerEventHandler.mouseClicked(ContainerEventHandler.java:38) ~[minecraft-merged-b507bda15f-1.20.4-loom.mappings.1_20_4.layered+hash.40359-v2.jar:?]
	at net.minecraft.client.MouseHandler.method_1611(MouseHandler.java:99) ~[minecraft-merged-b507bda15f-1.20.4-loom.mappings.1_20_4.layered+hash.40359-v2.jar:?]
	at net.minecraft.client.gui.screens.Screen.wrapScreenError(Screen.java:414) ~[minecraft-merged-b507bda15f-1.20.4-loom.mappings.1_20_4.layered+hash.40359-v2.jar:?]
	at net.minecraft.client.MouseHandler.onPress(MouseHandler.java:99) ~[minecraft-merged-b507bda15f-1.20.4-loom.mappings.1_20_4.layered+hash.40359-v2.jar:?]
	at net.minecraft.client.MouseHandler.method_22686(MouseHandler.java:180) ~[minecraft-merged-b507bda15f-1.20.4-loom.mappings.1_20_4.layered+hash.40359-v2.jar:?]
	at net.minecraft.util.thread.BlockableEventLoop.execute(BlockableEventLoop.java:102) ~[minecraft-merged-b507bda15f-1.20.4-loom.mappings.1_20_4.layered+hash.40359-v2.jar:?]
	at net.minecraft.client.MouseHandler.method_22684(MouseHandler.java:180) ~[minecraft-merged-b507bda15f-1.20.4-loom.mappings.1_20_4.layered+hash.40359-v2.jar:?]
	at org.lwjgl.glfw.GLFWMouseButtonCallbackI.callback(GLFWMouseButtonCallbackI.java:43) ~[lwjgl-glfw-3.3.2.jar:build 13]
	at org.lwjgl.system.JNI.invokeV(Native Method) ~[lwjgl-3.3.2.jar:build 13]
	at org.lwjgl.glfw.GLFW.glfwWaitEventsTimeout(GLFW.java:3509) ~[lwjgl-glfw-3.3.2.jar:build 13]
	at com.mojang.blaze3d.systems.RenderSystem.limitDisplayFPS(RenderSystem.java:238) ~[minecraft-merged-b507bda15f-1.20.4-loom.mappings.1_20_4.layered+hash.40359-v2.jar:?]
	at net.minecraft.client.Minecraft.runTick(Minecraft.java:1352) ~[minecraft-merged-b507bda15f-1.20.4-loom.mappings.1_20_4.layered+hash.40359-v2.jar:?]
	at net.minecraft.client.Minecraft.run(Minecraft.java:888) ~[minecraft-merged-b507bda15f-1.20.4-loom.mappings.1_20_4.layered+hash.40359-v2.jar:?]
	at net.minecraft.client.main.Main.main(Main.java:265) ~[minecraft-merged-b507bda15f-1.20.4-loom.mappings.1_20_4.layered+hash.40359-v2.jar:?]
	at net.fabricmc.loader.impl.game.minecraft.MinecraftGameProvider.launch(MinecraftGameProvider.java:470) ~[fabric-loader-0.15.11.jar:?]
	at net.fabricmc.loader.impl.launch.knot.Knot.launch(Knot.java:74) ~[fabric-loader-0.15.11.jar:?]
	at net.fabricmc.loader.impl.launch.knot.KnotClient.main(KnotClient.java:23) ~[fabric-loader-0.15.11.jar:?]
	at net.fabricmc.devlaunchinjector.Main.main(Main.java:86) ~[dev-launch-injector-0.2.1+build.8.jar:?]
	at dev.architectury.transformer.TransformerRuntime.main(TransformerRuntime.java:220) ~[architectury-transformer-5.2.87-runtime.jar:?]
[04:30:21] [Render thread/DEBUG] (FabricLoader/Mixin) Mixing PlayerManagerMixin from fabric-message-api-v1.mixins.json into net.minecraft.server.players.PlayerList
[04:30:21] [Render thread/DEBUG] (FabricLoader/Mixin) Mixing PlayerManagerMixin from fabric-entity-events-v1.mixins.json into net.minecraft.server.players.PlayerList
[04:30:21] [Render thread/DEBUG] (FabricLoader/Mixin) Mixing PlayerManagerMixin from fabric-lifecycle-events-v1.mixins.json into net.minecraft.server.players.PlayerList
[04:30:21] [Render thread/DEBUG] (FabricLoader/Mixin) Mixing MixinPlayerList from architectury.mixins.json into net.minecraft.server.players.PlayerList
[04:30:21] [Render thread/DEBUG] (FabricLoader/Mixin) architectury.mixins.json:MixinPlayerList from mod architectury: Class version 61 required is higher than the class version supported by the current version of Mixin (JAVA_16 supports class version 60)
[04:30:21] [Render thread/DEBUG] (FabricLoader/Mixin) Mixing PlayerListMixin from depression.mixins.json into net.minecraft.server.players.PlayerList
[04:30:21] [Render thread/DEBUG] (FabricLoader/Mixin) Mixing PlayerManagerMixin from fabric-networking-api-v1.mixins.json into net.minecraft.server.players.PlayerList
[04:30:21] [Render thread/DEBUG] (FabricLoader/Mixin) fabric-message-api-v1.mixins.json:PlayerManagerMixin from mod fabric-message-api-v1->@Inject::onSendChatMessage(Lnet/minecraft/network/chat/PlayerChatMessage;Lnet/minecraft/server/level/ServerPlayer;Lnet/minecraft/network/chat/ChatType$Bound;Lorg/spongepowered/asm/mixin/injection/callback/CallbackInfo;)V does use it's CallbackInfo
[04:30:21] [Render thread/DEBUG] (FabricLoader/Mixin) fabric-message-api-v1.mixins.json:PlayerManagerMixin from mod fabric-message-api-v1->@Inject::onSendGameMessage(Lnet/minecraft/network/chat/Component;Ljava/util/function/Function;ZLorg/spongepowered/asm/mixin/injection/callback/CallbackInfo;)V does use it's CallbackInfo
[04:30:21] [Render thread/DEBUG] (FabricLoader/Mixin) fabric-message-api-v1.mixins.json:PlayerManagerMixin from mod fabric-message-api-v1->@Inject::onSendCommandMessage(Lnet/minecraft/network/chat/PlayerChatMessage;Lnet/minecraft/commands/CommandSourceStack;Lnet/minecraft/network/chat/ChatType$Bound;Lorg/spongepowered/asm/mixin/injection/callback/CallbackInfo;)V does use it's CallbackInfo
[04:30:21] [Render thread/DEBUG] (FabricLoader/Mixin) fabric-entity-events-v1.mixins.json:PlayerManagerMixin from mod fabric-entity-events-v1->@Inject::afterRespawn(Lnet/minecraft/server/level/ServerPlayer;ZLorg/spongepowered/asm/mixin/injection/callback/CallbackInfoReturnable;)V does use it's CallbackInfoReturnable
[04:30:21] [Render thread/DEBUG] (FabricLoader/Mixin) fabric-lifecycle-events-v1.mixins.json:PlayerManagerMixin from mod fabric-lifecycle-events-v1->@Inject::hookOnPlayerConnect(Lnet/minecraft/network/Connection;Lnet/minecraft/server/level/ServerPlayer;Lnet/minecraft/server/network/CommonListenerCookie;Lorg/spongepowered/asm/mixin/injection/callback/CallbackInfo;)V doesn't use it's CallbackInfo
[04:30:21] [Render thread/DEBUG] (FabricLoader/Mixin) fabric-lifecycle-events-v1.mixins.json:PlayerManagerMixin from mod fabric-lifecycle-events-v1->@Inject::hookOnPlayerConnect(Lnet/minecraft/network/Connection;Lnet/minecraft/server/level/ServerPlayer;Lnet/minecraft/server/network/CommonListenerCookie;Lorg/spongepowered/asm/mixin/injection/callback/CallbackInfo;)V has 0 override(s) in child classes
[04:30:21] [Render thread/DEBUG] (FabricLoader/Mixin) fabric-lifecycle-events-v1.mixins.json:PlayerManagerMixin from mod fabric-lifecycle-events-v1->@Inject::hookOnPlayerConnect(Lnet/minecraft/network/Connection;Lnet/minecraft/server/level/ServerPlayer;Lnet/minecraft/server/network/CommonListenerCookie;Lorg/spongepowered/asm/mixin/injection/callback/CallbackInfo;)V won't be passed a CallbackInfo as a result
[04:30:21] [Render thread/DEBUG] (FabricLoader/Mixin) fabric-lifecycle-events-v1.mixins.json:PlayerManagerMixin from mod fabric-lifecycle-events-v1->@Inject::hookOnDataPacksReloaded(Lorg/spongepowered/asm/mixin/injection/callback/CallbackInfo;)V doesn't use it's CallbackInfo
[04:30:21] [Render thread/DEBUG] (FabricLoader/Mixin) fabric-lifecycle-events-v1.mixins.json:PlayerManagerMixin from mod fabric-lifecycle-events-v1->@Inject::hookOnDataPacksReloaded(Lorg/spongepowered/asm/mixin/injection/callback/CallbackInfo;)V has 0 override(s) in child classes
[04:30:21] [Render thread/DEBUG] (FabricLoader/Mixin) fabric-lifecycle-events-v1.mixins.json:PlayerManagerMixin from mod fabric-lifecycle-events-v1->@Inject::hookOnDataPacksReloaded(Lorg/spongepowered/asm/mixin/injection/callback/CallbackInfo;)V won't be passed a CallbackInfo as a result
[04:30:21] [Render thread/DEBUG] (FabricLoader/Mixin) architectury.mixins.json:MixinPlayerList from mod architectury->@Inject::placeNewPlayer(Lnet/minecraft/network/Connection;Lnet/minecraft/server/level/ServerPlayer;Lnet/minecraft/server/network/CommonListenerCookie;Lorg/spongepowered/asm/mixin/injection/callback/CallbackInfo;)V doesn't use it's CallbackInfo
[04:30:21] [Render thread/DEBUG] (FabricLoader/Mixin) architectury.mixins.json:MixinPlayerList from mod architectury->@Inject::placeNewPlayer(Lnet/minecraft/network/Connection;Lnet/minecraft/server/level/ServerPlayer;Lnet/minecraft/server/network/CommonListenerCookie;Lorg/spongepowered/asm/mixin/injection/callback/CallbackInfo;)V has 0 override(s) in child classes
[04:30:21] [Render thread/DEBUG] (FabricLoader/Mixin) architectury.mixins.json:MixinPlayerList from mod architectury->@Inject::placeNewPlayer(Lnet/minecraft/network/Connection;Lnet/minecraft/server/level/ServerPlayer;Lnet/minecraft/server/network/CommonListenerCookie;Lorg/spongepowered/asm/mixin/injection/callback/CallbackInfo;)V won't be passed a CallbackInfo as a result
[04:30:21] [Render thread/DEBUG] (FabricLoader/Mixin) architectury.mixins.json:MixinPlayerList from mod architectury->@Inject::remove(Lnet/minecraft/server/level/ServerPlayer;Lorg/spongepowered/asm/mixin/injection/callback/CallbackInfo;)V doesn't use it's CallbackInfo
[04:30:21] [Render thread/DEBUG] (FabricLoader/Mixin) architectury.mixins.json:MixinPlayerList from mod architectury->@Inject::remove(Lnet/minecraft/server/level/ServerPlayer;Lorg/spongepowered/asm/mixin/injection/callback/CallbackInfo;)V has 0 override(s) in child classes
[04:30:21] [Render thread/DEBUG] (FabricLoader/Mixin) architectury.mixins.json:MixinPlayerList from mod architectury->@Inject::remove(Lnet/minecraft/server/level/ServerPlayer;Lorg/spongepowered/asm/mixin/injection/callback/CallbackInfo;)V won't be passed a CallbackInfo as a result
[04:30:21] [Render thread/DEBUG] (FabricLoader/Mixin) architectury.mixins.json:MixinPlayerList from mod architectury->@Inject::respawn(Lnet/minecraft/server/level/ServerPlayer;ZLorg/spongepowered/asm/mixin/injection/callback/CallbackInfoReturnable;)V does use it's CallbackInfoReturnable
[04:30:21] [Render thread/DEBUG] (FabricLoader/Mixin) depression.mixins.json:PlayerListMixin from mod depression->@Inject::onPlaySound(Lorg/spongepowered/asm/mixin/injection/callback/CallbackInfo;)V doesn't use it's CallbackInfo
[04:30:21] [Render thread/DEBUG] (FabricLoader/Mixin) depression.mixins.json:PlayerListMixin from mod depression->@Inject::onPlaySound(Lorg/spongepowered/asm/mixin/injection/callback/CallbackInfo;)V has 0 override(s) in child classes
[04:30:21] [Render thread/DEBUG] (FabricLoader/Mixin) depression.mixins.json:PlayerListMixin from mod depression->@Inject::onPlaySound(Lorg/spongepowered/asm/mixin/injection/callback/CallbackInfo;)V won't be passed a CallbackInfo as a result
[04:30:21] [Render thread/DEBUG] (FabricLoader/Mixin) depression.mixins.json:PlayerListMixin from mod depression->@Inject::onBroadcastOver(Lnet/minecraft/world/entity/player/Player;DDDDLnet/minecraft/resources/ResourceKey;Lnet/minecraft/network/protocol/Packet;Lorg/spongepowered/asm/mixin/injection/callback/CallbackInfo;)V doesn't use it's CallbackInfo
[04:30:21] [Render thread/DEBUG] (FabricLoader/Mixin) depression.mixins.json:PlayerListMixin from mod depression->@Inject::onBroadcastOver(Lnet/minecraft/world/entity/player/Player;DDDDLnet/minecraft/resources/ResourceKey;Lnet/minecraft/network/protocol/Packet;Lorg/spongepowered/asm/mixin/injection/callback/CallbackInfo;)V has 0 override(s) in child classes
[04:30:21] [Render thread/DEBUG] (FabricLoader/Mixin) depression.mixins.json:PlayerListMixin from mod depression->@Inject::onBroadcastOver(Lnet/minecraft/world/entity/player/Player;DDDDLnet/minecraft/resources/ResourceKey;Lnet/minecraft/network/protocol/Packet;Lorg/spongepowered/asm/mixin/injection/callback/CallbackInfo;)V won't be passed a CallbackInfo as a result
[04:30:21] [Render thread/DEBUG] (FabricLoader/Mixin) fabric-networking-api-v1.mixins.json:PlayerManagerMixin from mod fabric-networking-api-v1->@Inject::handlePlayerConnection(Lnet/minecraft/network/Connection;Lnet/minecraft/server/level/ServerPlayer;Lnet/minecraft/server/network/CommonListenerCookie;Lorg/spongepowered/asm/mixin/injection/callback/CallbackInfo;)V doesn't use it's CallbackInfo
[04:30:21] [Render thread/DEBUG] (FabricLoader/Mixin) fabric-networking-api-v1.mixins.json:PlayerManagerMixin from mod fabric-networking-api-v1->@Inject::handlePlayerConnection(Lnet/minecraft/network/Connection;Lnet/minecraft/server/level/ServerPlayer;Lnet/minecraft/server/network/CommonListenerCookie;Lorg/spongepowered/asm/mixin/injection/callback/CallbackInfo;)V has 0 override(s) in child classes
[04:30:21] [Render thread/DEBUG] (FabricLoader/Mixin) fabric-networking-api-v1.mixins.json:PlayerManagerMixin from mod fabric-networking-api-v1->@Inject::handlePlayerConnection(Lnet/minecraft/network/Connection;Lnet/minecraft/server/level/ServerPlayer;Lnet/minecraft/server/network/CommonListenerCookie;Lorg/spongepowered/asm/mixin/injection/callback/CallbackInfo;)V won't be passed a CallbackInfo as a result
[04:30:21] [Render thread/INFO] (net.fabricmc.fabric.impl.biome.modification.BiomeModificationImpl) Applied 0 biome modifications to 0 of 64 new biomes in 1.036 ms
[04:30:21] [Server thread/INFO] (net.minecraft.client.server.IntegratedServer) Starting integrated minecraft server version 1.20.4
[04:30:21] [Server thread/INFO] (net.minecraft.server.MinecraftServer) Generating keypair
[04:30:21] [Server thread/DEBUG] (FabricLoader/Mixin) Mixing MixinPhantomSpawner from architectury.mixins.json into net.minecraft.world.level.levelgen.PhantomSpawner
[04:30:21] [Server thread/DEBUG] (FabricLoader/Mixin) architectury.mixins.json:MixinPhantomSpawner from mod architectury: Class version 61 required is higher than the class version supported by the current version of Mixin (JAVA_16 supports class version 60)
[04:30:21] [Render thread/DEBUG] (com.mojang.blaze3d.systems.RenderSystem) Growing IndexBuffer: Old limit 9360, new limit 26508.
[04:30:21] [Server thread/DEBUG] (FabricLoader/Mixin) architectury.mixins.json:MixinPhantomSpawner from mod architectury->@Inject::checkPhantomSpawn(Lnet/minecraft/server/level/ServerLevel;ZZLorg/spongepowered/asm/mixin/injection/callback/CallbackInfoReturnable;Lnet/minecraft/util/RandomSource;ILjava/util/Iterator;Lnet/minecraft/server/level/ServerPlayer;Lnet/minecraft/core/BlockPos;Lnet/minecraft/world/DifficultyInstance;Lnet/minecraft/stats/ServerStatsCounter;IILnet/minecraft/core/BlockPos;Lnet/minecraft/world/level/block/state/BlockState;Lnet/minecraft/world/level/material/FluidState;Lnet/minecraft/world/entity/SpawnGroupData;IILnet/minecraft/world/entity/monster/Phantom;)V does use it's CallbackInfoReturnable
[04:30:21] [Server thread/DEBUG] (FabricLoader/Mixin) Mixing MixinPatrolSpawner from architectury.mixins.json into net.minecraft.world.level.levelgen.PatrolSpawner
[04:30:21] [Server thread/DEBUG] (FabricLoader/Mixin) architectury.mixins.json:MixinPatrolSpawner from mod architectury: Class version 61 required is higher than the class version supported by the current version of Mixin (JAVA_16 supports class version 60)
[04:30:21] [Server thread/DEBUG] (FabricLoader/Mixin) architectury.mixins.json:MixinPatrolSpawner from mod architectury->@Inject::checkPatrolSpawn(Lnet/minecraft/server/level/ServerLevel;Lnet/minecraft/core/BlockPos;Lnet/minecraft/util/RandomSource;ZLorg/spongepowered/asm/mixin/injection/callback/CallbackInfoReturnable;Lnet/minecraft/world/level/block/state/BlockState;Lnet/minecraft/world/entity/monster/PatrollingMonster;)V does use it's CallbackInfoReturnable
[04:30:21] [Server thread/DEBUG] (FabricLoader/Mixin) Mixing MixinCatSpawner from architectury.mixins.json into net.minecraft.world.entity.npc.CatSpawner
[04:30:21] [Server thread/DEBUG] (FabricLoader/Mixin) architectury.mixins.json:MixinCatSpawner from mod architectury: Class version 61 required is higher than the class version supported by the current version of Mixin (JAVA_16 supports class version 60)
[04:30:21] [Server thread/DEBUG] (FabricLoader/Mixin) architectury.mixins.json:MixinCatSpawner from mod architectury->@Inject::checkCatSpawn(Lnet/minecraft/core/BlockPos;Lnet/minecraft/server/level/ServerLevel;Lorg/spongepowered/asm/mixin/injection/callback/CallbackInfoReturnable;Lnet/minecraft/world/entity/animal/Cat;)V does use it's CallbackInfoReturnable
[04:30:21] [Server thread/DEBUG] (FabricLoader/Mixin) Mixing MixinPersistentEntitySectionManager from architectury.mixins.json into net.minecraft.world.level.entity.PersistentEntitySectionManager
[04:30:21] [Server thread/DEBUG] (FabricLoader/Mixin) architectury.mixins.json:MixinPersistentEntitySectionManager from mod architectury: Class version 61 required is higher than the class version supported by the current version of Mixin (JAVA_16 supports class version 60)
[04:30:21] [Server thread/DEBUG] (FabricLoader/Mixin) architectury.mixins.json:MixinPersistentEntitySectionManager from mod architectury->@Inject::addEntity(Lnet/minecraft/world/level/entity/EntityAccess;ZLorg/spongepowered/asm/mixin/injection/callback/CallbackInfoReturnable;)V does use it's CallbackInfoReturnable
[04:30:21] [Server thread/DEBUG] (FabricLoader/Mixin) Mixing ServerWorldServerEntityHandlerMixin from fabric-lifecycle-events-v1.mixins.json into net.minecraft.server.level.ServerLevel$EntityCallbacks
[04:30:21] [Server thread/DEBUG] (FabricLoader/Mixin) fabric-lifecycle-events-v1.mixins.json:ServerWorldServerEntityHandlerMixin from mod fabric-lifecycle-events-v1->@Inject::invokeEntityLoadEvent(Lnet/minecraft/world/entity/Entity;Lorg/spongepowered/asm/mixin/injection/callback/CallbackInfo;)V doesn't use it's CallbackInfo
[04:30:21] [Server thread/DEBUG] (FabricLoader/Mixin) fabric-lifecycle-events-v1.mixins.json:ServerWorldServerEntityHandlerMixin from mod fabric-lifecycle-events-v1->@Inject::invokeEntityUnloadEvent(Lnet/minecraft/world/entity/Entity;Lorg/spongepowered/asm/mixin/injection/callback/CallbackInfo;)V doesn't use it's CallbackInfo
[04:30:21] [Server thread/DEBUG] (FabricLoader/Mixin) Mixing PersistentStateManagerMixin from fabric-object-builder-v1.mixins.json into net.minecraft.world.level.storage.DimensionDataStorage
[04:30:21] [Server thread/DEBUG] (FabricLoader/Mixin) fabric-object-builder-v1.mixins.json:PersistentStateManagerMixin from mod fabric-object-builder-api-v1->@Inject::handleNullDataFixType(Ljava/lang/String;Lnet/minecraft/util/datafix/DataFixTypes;ILorg/spongepowered/asm/mixin/injection/callback/CallbackInfoReturnable;Ljava/io/File;Ljava/io/FileInputStream;Ljava/io/PushbackInputStream;Lnet/minecraft/nbt/CompoundTag;)V does use it's CallbackInfoReturnable
[04:30:21] [Server thread/DEBUG] (FabricLoader/Mixin) Mixing ThreadedAnvilChunkStorageMixin from fabric-lifecycle-events-v1.mixins.json into net.minecraft.server.level.ChunkMap
[04:30:21] [Server thread/DEBUG] (FabricLoader/Mixin) Mixing MixinChunkMap from architectury.mixins.json into net.minecraft.server.level.ChunkMap
[04:30:21] [Server thread/DEBUG] (FabricLoader/Mixin) architectury.mixins.json:MixinChunkMap from mod architectury: Class version 61 required is higher than the class version supported by the current version of Mixin (JAVA_16 supports class version 60)
[04:30:21] [Server thread/DEBUG] (FabricLoader/Mixin) Mixing ChunkMapMixin from depression.mixins.json into net.minecraft.server.level.ChunkMap
[04:30:21] [Server thread/DEBUG] (FabricLoader/Mixin) Mixing accessor.ThreadedAnvilChunkStorageAccessor from fabric-networking-api-v1.mixins.json into net.minecraft.server.level.ChunkMap
[04:30:21] [Server thread/DEBUG] (FabricLoader/Mixin) fabric-lifecycle-events-v1.mixins.json:ThreadedAnvilChunkStorageMixin from mod fabric-lifecycle-events-v1->@Inject::onChunkUnload(Lnet/minecraft/server/level/ChunkHolder;Ljava/util/concurrent/CompletableFuture;JLnet/minecraft/world/level/chunk/ChunkAccess;Lorg/spongepowered/asm/mixin/injection/callback/CallbackInfo;)V doesn't use it's CallbackInfo
[04:30:21] [Server thread/DEBUG] (FabricLoader/Mixin) fabric-lifecycle-events-v1.mixins.json:ThreadedAnvilChunkStorageMixin from mod fabric-lifecycle-events-v1->@Inject::onChunkUnload(Lnet/minecraft/server/level/ChunkHolder;Ljava/util/concurrent/CompletableFuture;JLnet/minecraft/world/level/chunk/ChunkAccess;Lorg/spongepowered/asm/mixin/injection/callback/CallbackInfo;)V has 0 override(s) in child classes
[04:30:21] [Server thread/DEBUG] (FabricLoader/Mixin) fabric-lifecycle-events-v1.mixins.json:ThreadedAnvilChunkStorageMixin from mod fabric-lifecycle-events-v1->@Inject::onChunkUnload(Lnet/minecraft/server/level/ChunkHolder;Ljava/util/concurrent/CompletableFuture;JLnet/minecraft/world/level/chunk/ChunkAccess;Lorg/spongepowered/asm/mixin/injection/callback/CallbackInfo;)V won't be passed a CallbackInfo as a result
[04:30:21] [Server thread/DEBUG] (FabricLoader/Mixin) fabric-lifecycle-events-v1.mixins.json:ThreadedAnvilChunkStorageMixin from mod fabric-lifecycle-events-v1->@Inject::onChunkLoad(Lnet/minecraft/server/level/ChunkHolder;Lnet/minecraft/world/level/chunk/ChunkAccess;Lorg/spongepowered/asm/mixin/injection/callback/CallbackInfoReturnable;)V does use it's CallbackInfoReturnable
[04:30:21] [Server thread/DEBUG] (FabricLoader/Mixin) architectury.mixins.json:MixinChunkMap from mod architectury->@Inject::save(Lnet/minecraft/world/level/chunk/ChunkAccess;Lorg/spongepowered/asm/mixin/injection/callback/CallbackInfoReturnable;Lnet/minecraft/world/level/ChunkPos;Lnet/minecraft/world/level/chunk/ChunkStatus;Lnet/minecraft/nbt/CompoundTag;)V doesn't use it's CallbackInfoReturnable
[04:30:21] [Server thread/DEBUG] (FabricLoader/Mixin) architectury.mixins.json:MixinChunkMap from mod architectury->@Inject::save(Lnet/minecraft/world/level/chunk/ChunkAccess;Lorg/spongepowered/asm/mixin/injection/callback/CallbackInfoReturnable;Lnet/minecraft/world/level/ChunkPos;Lnet/minecraft/world/level/chunk/ChunkStatus;Lnet/minecraft/nbt/CompoundTag;)V has 0 override(s) in child classes
[04:30:21] [Server thread/DEBUG] (FabricLoader/Mixin) architectury.mixins.json:MixinChunkMap from mod architectury->@Inject::save(Lnet/minecraft/world/level/chunk/ChunkAccess;Lorg/spongepowered/asm/mixin/injection/callback/CallbackInfoReturnable;Lnet/minecraft/world/level/ChunkPos;Lnet/minecraft/world/level/chunk/ChunkStatus;Lnet/minecraft/nbt/CompoundTag;)V won't be passed a CallbackInfoReturnable as a result
[04:30:21] [Server thread/DEBUG] (FabricLoader/Mixin) depression.mixins.json:ChunkMapMixin from mod depression->@Inject::onMove(Lnet/minecraft/server/level/ServerPlayer;Lorg/spongepowered/asm/mixin/injection/callback/CallbackInfo;)V does use it's CallbackInfo
[04:30:21] [Server thread/DEBUG] (FabricLoader/Mixin) Mixing NoiseConfigMixin from fabric-biome-api-v1.mixins.json into net.minecraft.world.level.levelgen.RandomState
[04:30:21] [Server thread/DEBUG] (FabricLoader/Mixin) fabric-biome-api-v1.mixins.json:NoiseConfigMixin from mod fabric-biome-api-v1->@Inject::init(Lnet/minecraft/world/level/levelgen/NoiseGeneratorSettings;Lnet/minecraft/core/HolderGetter;JLorg/spongepowered/asm/mixin/injection/callback/CallbackInfo;)V doesn't use it's CallbackInfo
[04:30:21] [Server thread/DEBUG] (FabricLoader/Mixin) Mixing MultiNoiseUtilMultiNoiseSamplerMixin from fabric-biome-api-v1.mixins.json into net.minecraft.world.level.biome.Climate$Sampler
[04:30:21] [Server thread/DEBUG] (FabricLoader/Mixin) Mixing ServerBossEventMixin from depression.mixins.json into net.minecraft.server.level.ServerBossEvent
[04:30:21] [Server thread/DEBUG] (FabricLoader/Mixin) depression.mixins.json:ServerBossEventMixin from mod depression->@Inject::onAddPlayer(Lnet/minecraft/server/level/ServerPlayer;Lorg/spongepowered/asm/mixin/injection/callback/CallbackInfo;)V doesn't use it's CallbackInfo
[04:30:21] [Server thread/DEBUG] (FabricLoader/Mixin) depression.mixins.json:ServerBossEventMixin from mod depression->@Inject::onAddPlayer(Lnet/minecraft/server/level/ServerPlayer;Lorg/spongepowered/asm/mixin/injection/callback/CallbackInfo;)V has 0 override(s) in child classes
[04:30:21] [Server thread/DEBUG] (FabricLoader/Mixin) depression.mixins.json:ServerBossEventMixin from mod depression->@Inject::onAddPlayer(Lnet/minecraft/server/level/ServerPlayer;Lorg/spongepowered/asm/mixin/injection/callback/CallbackInfo;)V won't be passed a CallbackInfo as a result
[04:30:21] [Server thread/DEBUG] (FabricLoader/Mixin) depression.mixins.json:ServerBossEventMixin from mod depression->@Inject::onRemovePlayer(Lnet/minecraft/server/level/ServerPlayer;Lorg/spongepowered/asm/mixin/injection/callback/CallbackInfo;)V doesn't use it's CallbackInfo
[04:30:21] [Server thread/DEBUG] (FabricLoader/Mixin) depression.mixins.json:ServerBossEventMixin from mod depression->@Inject::onRemovePlayer(Lnet/minecraft/server/level/ServerPlayer;Lorg/spongepowered/asm/mixin/injection/callback/CallbackInfo;)V has 0 override(s) in child classes
[04:30:21] [Server thread/DEBUG] (FabricLoader/Mixin) depression.mixins.json:ServerBossEventMixin from mod depression->@Inject::onRemovePlayer(Lnet/minecraft/server/level/ServerPlayer;Lorg/spongepowered/asm/mixin/injection/callback/CallbackInfo;)V won't be passed a CallbackInfo as a result
[04:30:21] [Server thread/INFO] (net.minecraft.server.MinecraftServer) Preparing start region for dimension minecraft:overworld
[04:30:22] [Server thread/DEBUG] (FabricLoader/Mixin) Mixing ChunkSerializerMixin from fabric-data-attachment-api-v1.mixins.json into net.minecraft.world.level.chunk.storage.ChunkSerializer
[04:30:22] [Server thread/DEBUG] (FabricLoader/Mixin) Mixing ChunkSerializerMixin from fabric-registry-sync-v0.mixins.json into net.minecraft.world.level.chunk.storage.ChunkSerializer
[04:30:22] [Server thread/DEBUG] (FabricLoader/Mixin) Mixing MixinChunkSerializer from architectury.mixins.json into net.minecraft.world.level.chunk.storage.ChunkSerializer
[04:30:22] [Server thread/DEBUG] (FabricLoader/Mixin) architectury.mixins.json:MixinChunkSerializer from mod architectury: Class version 61 required is higher than the class version supported by the current version of Mixin (JAVA_16 supports class version 60)
[04:30:22] [Server thread/DEBUG] (FabricLoader/Mixin) fabric-data-attachment-api-v1.mixins.json:ChunkSerializerMixin from mod fabric-data-attachment-api-v1->@Inject::writeChunkAttachments(Lnet/minecraft/server/level/ServerLevel;Lnet/minecraft/world/level/chunk/ChunkAccess;Lorg/spongepowered/asm/mixin/injection/callback/CallbackInfoReturnable;)V does use it's CallbackInfoReturnable
[04:30:22] [Server thread/DEBUG] (FabricLoader/Mixin) architectury.mixins.json:MixinChunkSerializer from mod architectury->@Inject::load(Lnet/minecraft/server/level/ServerLevel;Lnet/minecraft/world/entity/ai/village/poi/PoiManager;Lnet/minecraft/world/level/ChunkPos;Lnet/minecraft/nbt/CompoundTag;Lorg/spongepowered/asm/mixin/injection/callback/CallbackInfoReturnable;Lnet/minecraft/world/level/ChunkPos;Lnet/minecraft/world/level/chunk/UpgradeData;ZLnet/minecraft/nbt/ListTag;I[Lnet/minecraft/world/level/chunk/LevelChunkSection;ZLnet/minecraft/world/level/chunk/ChunkSource;Lnet/minecraft/world/level/lighting/LevelLightEngine;Lnet/minecraft/core/Registry;Lcom/mojang/serialization/Codec;ZJLnet/minecraft/world/level/chunk/ChunkStatus$ChunkType;Lnet/minecraft/world/level/levelgen/blending/BlendingData;Lnet/minecraft/world/level/chunk/ChunkAccess;)V doesn't use it's CallbackInfoReturnable
[04:30:22] [Server thread/DEBUG] (FabricLoader/Mixin) architectury.mixins.json:MixinChunkSerializer from mod architectury->@Inject::load(Lnet/minecraft/server/level/ServerLevel;Lnet/minecraft/world/entity/ai/village/poi/PoiManager;Lnet/minecraft/world/level/ChunkPos;Lnet/minecraft/nbt/CompoundTag;Lorg/spongepowered/asm/mixin/injection/callback/CallbackInfoReturnable;Lnet/minecraft/world/level/ChunkPos;Lnet/minecraft/world/level/chunk/UpgradeData;ZLnet/minecraft/nbt/ListTag;I[Lnet/minecraft/world/level/chunk/LevelChunkSection;ZLnet/minecraft/world/level/chunk/ChunkSource;Lnet/minecraft/world/level/lighting/LevelLightEngine;Lnet/minecraft/core/Registry;Lcom/mojang/serialization/Codec;ZJLnet/minecraft/world/level/chunk/ChunkStatus$ChunkType;Lnet/minecraft/world/level/levelgen/blending/BlendingData;Lnet/minecraft/world/level/chunk/ChunkAccess;)V doesn't use it's CallbackInfoReturnable
[04:30:22] [Server thread/DEBUG] (FabricLoader/Mixin) Mixing WrapperProtoChunkMixin from fabric-data-attachment-api-v1.mixins.json into net.minecraft.world.level.chunk.ImposterProtoChunk
[04:30:22] [Server thread/DEBUG] (FabricLoader/Mixin) Mixing ChunkSectionMixin from fabric-block-api-v1.mixins.json into net.minecraft.world.level.chunk.LevelChunkSection
[04:30:22] [Server thread/DEBUG] (FabricLoader/Mixin) Mixing ChunkSectionBlockStateCounterMixin from fabric-block-api-v1.mixins.json into net.minecraft.world.level.chunk.LevelChunkSection$1BlockCounter
[04:30:23] [Render thread/INFO] (net.minecraft.server.level.progress.LoggerChunkProgressListener) Preparing spawn area: 0%
[04:30:23] [Render thread/INFO] (net.minecraft.server.level.progress.LoggerChunkProgressListener) Preparing spawn area: 0%
[04:30:23] [Render thread/INFO] (net.minecraft.server.level.progress.LoggerChunkProgressListener) Preparing spawn area: 0%
[04:30:23] [Render thread/INFO] (net.minecraft.server.level.progress.LoggerChunkProgressListener) Preparing spawn area: 0%
[04:30:23] [Server thread/DEBUG] (FabricLoader/Mixin) Mixing LandPathNodeMakerMixin from fabric-content-registries-v0.mixins.json into net.minecraft.world.level.pathfinder.WalkNodeEvaluator
[04:30:23] [Server thread/DEBUG] (FabricLoader/Mixin) fabric-content-registries-v0.mixins.json:LandPathNodeMakerMixin from mod fabric-content-registries-v0->@Inject::getCommonNodeType(Lnet/minecraft/world/level/BlockGetter;Lnet/minecraft/core/BlockPos;Lorg/spongepowered/asm/mixin/injection/callback/CallbackInfoReturnable;Lnet/minecraft/world/level/block/state/BlockState;)V does use it's CallbackInfoReturnable
[04:30:23] [Server thread/DEBUG] (FabricLoader/Mixin) fabric-content-registries-v0.mixins.json:LandPathNodeMakerMixin from mod fabric-content-registries-v0->@Inject::getNodeTypeFromNeighbors(Lnet/minecraft/world/level/BlockGetter;Lnet/minecraft/core/BlockPos$MutableBlockPos;Lnet/minecraft/world/level/pathfinder/BlockPathTypes;Lorg/spongepowered/asm/mixin/injection/callback/CallbackInfoReturnable;IIIIIILnet/minecraft/world/level/block/state/BlockState;)V does use it's CallbackInfoReturnable
[04:30:23] [Server thread/DEBUG] (FabricLoader/Mixin) Mixing MixinDedicatedServer from architectury.mixins.json into net.minecraft.server.dedicated.DedicatedServer
[04:30:23] [Server thread/DEBUG] (FabricLoader/Mixin) architectury.mixins.json:MixinDedicatedServer from mod architectury: Class version 61 required is higher than the class version supported by the current version of Mixin (JAVA_16 supports class version 60)
[04:30:23] [Server thread/DEBUG] (FabricLoader/Mixin) architectury.mixins.json:MixinDedicatedServer from mod architectury->@Inject::initServer(Lorg/spongepowered/asm/mixin/injection/callback/CallbackInfoReturnable;)V does use it's CallbackInfoReturnable
[04:30:23] [Server thread/DEBUG] (FabricLoader/Mixin) architectury.mixins.json:MixinDedicatedServer from mod architectury->@Inject::initServer(Lorg/spongepowered/asm/mixin/injection/callback/CallbackInfoReturnable;)V does use it's CallbackInfoReturnable
[04:30:23] [Server thread/DEBUG] (FabricLoader/Mixin) architectury.mixins.json:MixinDedicatedServer from mod architectury->@Inject::initServer(Lorg/spongepowered/asm/mixin/injection/callback/CallbackInfoReturnable;)V does use it's CallbackInfoReturnable
[04:30:24] [Render thread/INFO] (net.minecraft.server.level.progress.LoggerChunkProgressListener) Preparing spawn area: 64%
[04:30:24] [Render thread/INFO] (net.minecraft.server.level.progress.LoggerChunkProgressListener) Time elapsed: 2123 ms
[04:30:24] [Server thread/DEBUG] (FabricLoader/Mixin) Mixing MixinNaturalSpawner from architectury.mixins.json into net.minecraft.world.level.NaturalSpawner
[04:30:24] [Server thread/DEBUG] (FabricLoader/Mixin) architectury.mixins.json:MixinNaturalSpawner from mod architectury: Class version 61 required is higher than the class version supported by the current version of Mixin (JAVA_16 supports class version 60)
[04:30:24] [Server thread/DEBUG] (FabricLoader/Mixin) Mixing accessor.EntityTrackerAccessor from fabric-networking-api-v1.mixins.json into net.minecraft.server.level.ChunkMap$TrackedEntity
[04:30:24] [Server thread/DEBUG] (FabricLoader/Mixin) Mixing EntityTrackerEntryMixin from fabric-networking-api-v1.mixins.json into net.minecraft.server.level.ServerEntity
[04:30:24] [Server thread/DEBUG] (FabricLoader/Mixin) fabric-networking-api-v1.mixins.json:EntityTrackerEntryMixin from mod fabric-networking-api-v1->@Inject::onStartTracking(Lnet/minecraft/server/level/ServerPlayer;Lorg/spongepowered/asm/mixin/injection/callback/CallbackInfo;)V doesn't use it's CallbackInfo
[04:30:24] [Server thread/DEBUG] (FabricLoader/Mixin) fabric-networking-api-v1.mixins.json:EntityTrackerEntryMixin from mod fabric-networking-api-v1->@Inject::onStartTracking(Lnet/minecraft/server/level/ServerPlayer;Lorg/spongepowered/asm/mixin/injection/callback/CallbackInfo;)V has 0 override(s) in child classes
[04:30:24] [Server thread/DEBUG] (FabricLoader/Mixin) fabric-networking-api-v1.mixins.json:EntityTrackerEntryMixin from mod fabric-networking-api-v1->@Inject::onStartTracking(Lnet/minecraft/server/level/ServerPlayer;Lorg/spongepowered/asm/mixin/injection/callback/CallbackInfo;)V won't be passed a CallbackInfo as a result
[04:30:24] [Server thread/DEBUG] (FabricLoader/Mixin) fabric-networking-api-v1.mixins.json:EntityTrackerEntryMixin from mod fabric-networking-api-v1->@Inject::onStopTracking(Lnet/minecraft/server/level/ServerPlayer;Lorg/spongepowered/asm/mixin/injection/callback/CallbackInfo;)V doesn't use it's CallbackInfo
[04:30:24] [Server thread/DEBUG] (FabricLoader/Mixin) fabric-networking-api-v1.mixins.json:EntityTrackerEntryMixin from mod fabric-networking-api-v1->@Inject::onStopTracking(Lnet/minecraft/server/level/ServerPlayer;Lorg/spongepowered/asm/mixin/injection/callback/CallbackInfo;)V has 0 override(s) in child classes
[04:30:24] [Server thread/DEBUG] (FabricLoader/Mixin) fabric-networking-api-v1.mixins.json:EntityTrackerEntryMixin from mod fabric-networking-api-v1->@Inject::onStopTracking(Lnet/minecraft/server/level/ServerPlayer;Lorg/spongepowered/asm/mixin/injection/callback/CallbackInfo;)V won't be passed a CallbackInfo as a result
[04:30:24] [Server thread/INFO] (net.minecraft.client.server.IntegratedServer) Changing view distance to 12, from 10
[04:30:24] [Server thread/INFO] (net.minecraft.client.server.IntegratedServer) Changing simulation distance to 12, from 0
[04:30:24] [Render thread/DEBUG] (io.netty.channel.MultithreadEventLoopGroup) -Dio.netty.eventLoopThreads: 24
[04:30:24] [Render thread/DEBUG] (io.netty.util.concurrent.GlobalEventExecutor) -Dio.netty.globalEventExecutor.quietPeriodSeconds: 1
[04:30:24] [Render thread/DEBUG] (io.netty.util.internal.InternalThreadLocalMap) -Dio.netty.threadLocalMap.stringBuilder.initialSize: 1024
[04:30:24] [Render thread/DEBUG] (io.netty.util.internal.InternalThreadLocalMap) -Dio.netty.threadLocalMap.stringBuilder.maxSize: 4096
[04:30:24] [Render thread/DEBUG] (io.netty.util.internal.PlatformDependent0) -Dio.netty.noUnsafe: false
[04:30:24] [Render thread/DEBUG] (io.netty.util.internal.PlatformDependent0) Java version: 17
[04:30:24] [Render thread/DEBUG] (io.netty.util.internal.PlatformDependent0) sun.misc.Unsafe.theUnsafe: available
[04:30:24] [Render thread/DEBUG] (io.netty.util.internal.PlatformDependent0) sun.misc.Unsafe.copyMemory: available
[04:30:24] [Render thread/DEBUG] (io.netty.util.internal.PlatformDependent0) sun.misc.Unsafe.storeFence: available
[04:30:24] [Render thread/DEBUG] (io.netty.util.internal.PlatformDependent0) java.nio.Buffer.address: available
[04:30:24] [Render thread/DEBUG] (io.netty.util.internal.PlatformDependent0) direct buffer constructor: unavailable
java.lang.UnsupportedOperationException: Reflective setAccessible(true) disabled
	at io.netty.util.internal.ReflectionUtil.trySetAccessible(ReflectionUtil.java:31) ~[netty-common-4.1.97.Final.jar:4.1.97.Final]
	at io.netty.util.internal.PlatformDependent0$5.run(PlatformDependent0.java:289) ~[netty-common-4.1.97.Final.jar:4.1.97.Final]
	at java.security.AccessController.doPrivileged(AccessController.java:318) ~[?:?]
	at io.netty.util.internal.PlatformDependent0.<clinit>(PlatformDependent0.java:282) ~[netty-common-4.1.97.Final.jar:4.1.97.Final]
	at io.netty.util.internal.PlatformDependent.isAndroid(PlatformDependent.java:333) ~[netty-common-4.1.97.Final.jar:4.1.97.Final]
	at io.netty.util.internal.PlatformDependent.<clinit>(PlatformDependent.java:88) ~[netty-common-4.1.97.Final.jar:4.1.97.Final]
	at io.netty.channel.nio.NioEventLoop.<clinit>(NioEventLoop.java:84) ~[netty-transport-4.1.97.Final.jar:4.1.97.Final]
	at io.netty.channel.nio.NioEventLoopGroup.newChild(NioEventLoopGroup.java:182) ~[netty-transport-4.1.97.Final.jar:4.1.97.Final]
	at io.netty.channel.nio.NioEventLoopGroup.newChild(NioEventLoopGroup.java:38) ~[netty-transport-4.1.97.Final.jar:4.1.97.Final]
	at io.netty.util.concurrent.MultithreadEventExecutorGroup.<init>(MultithreadEventExecutorGroup.java:84) ~[netty-common-4.1.97.Final.jar:4.1.97.Final]
	at io.netty.util.concurrent.MultithreadEventExecutorGroup.<init>(MultithreadEventExecutorGroup.java:60) ~[netty-common-4.1.97.Final.jar:4.1.97.Final]
	at io.netty.util.concurrent.MultithreadEventExecutorGroup.<init>(MultithreadEventExecutorGroup.java:49) ~[netty-common-4.1.97.Final.jar:4.1.97.Final]
	at io.netty.channel.MultithreadEventLoopGroup.<init>(MultithreadEventLoopGroup.java:59) ~[netty-transport-4.1.97.Final.jar:4.1.97.Final]
	at io.netty.channel.nio.NioEventLoopGroup.<init>(NioEventLoopGroup.java:87) ~[netty-transport-4.1.97.Final.jar:4.1.97.Final]
	at io.netty.channel.nio.NioEventLoopGroup.<init>(NioEventLoopGroup.java:82) ~[netty-transport-4.1.97.Final.jar:4.1.97.Final]
	at io.netty.channel.nio.NioEventLoopGroup.<init>(NioEventLoopGroup.java:69) ~[netty-transport-4.1.97.Final.jar:4.1.97.Final]
	at net.minecraft.server.network.ServerConnectionListener.method_14348(ServerConnectionListener.java:54) ~[minecraft-merged-b507bda15f-1.20.4-loom.mappings.1_20_4.layered+hash.40359-v2.jar:?]
	at com.google.common.base.Suppliers$NonSerializableMemoizingSupplier.get(Suppliers.java:181) ~[guava-32.1.2-jre.jar:?]
	at net.minecraft.server.network.ServerConnectionListener.startMemoryChannel(ServerConnectionListener.java:141) ~[minecraft-merged-b507bda15f-1.20.4-loom.mappings.1_20_4.layered+hash.40359-v2.jar:?]
	at net.minecraft.client.Minecraft.doWorldLoad(Minecraft.java:2241) ~[minecraft-merged-b507bda15f-1.20.4-loom.mappings.1_20_4.layered+hash.40359-v2.jar:?]
	at net.minecraft.client.gui.screens.worldselection.WorldOpenFlows.method_54611(WorldOpenFlows.java:368) ~[minecraft-merged-b507bda15f-1.20.4-loom.mappings.1_20_4.layered+hash.40359-v2.jar:?]
	at java.util.concurrent.CompletableFuture$UniAccept.tryFire(CompletableFuture.java:718) ~[?:?]
	at java.util.concurrent.CompletableFuture$Completion.run(CompletableFuture.java:482) ~[?:?]
	at net.minecraft.util.thread.BlockableEventLoop.execute(BlockableEventLoop.java:102) ~[minecraft-merged-b507bda15f-1.20.4-loom.mappings.1_20_4.layered+hash.40359-v2.jar:?]
	at java.util.concurrent.CompletableFuture.uniAcceptNow(CompletableFuture.java:754) ~[?:?]
	at java.util.concurrent.CompletableFuture.uniAcceptStage(CompletableFuture.java:735) ~[?:?]
	at java.util.concurrent.CompletableFuture.thenAcceptAsync(CompletableFuture.java:2191) ~[?:?]
	at net.minecraft.client.gui.screens.worldselection.WorldOpenFlows.loadLevel(WorldOpenFlows.java:366) ~[minecraft-merged-b507bda15f-1.20.4-loom.mappings.1_20_4.layered+hash.40359-v2.jar:?]
	at net.minecraft.client.gui.screens.worldselection.WorldOpenFlows.checkForBackupAndLoad(WorldOpenFlows.java:308) ~[minecraft-merged-b507bda15f-1.20.4-loom.mappings.1_20_4.layered+hash.40359-v2.jar:?]
	at net.minecraft.client.gui.screens.worldselection.WorldOpenFlows.checkForBackupAndLoad(WorldOpenFlows.java:242) ~[minecraft-merged-b507bda15f-1.20.4-loom.mappings.1_20_4.layered+hash.40359-v2.jar:?]
	at net.minecraft.client.gui.screens.worldselection.WorldSelectionList$WorldListEntry.joinWorld(WorldSelectionList.java:440) ~[minecraft-merged-b507bda15f-1.20.4-loom.mappings.1_20_4.layered+hash.40359-v2.jar:?]
	at net.minecraft.client.gui.screens.worldselection.WorldSelectionList$WorldListEntry.mouseClicked(WorldSelectionList.java:417) ~[minecraft-merged-b507bda15f-1.20.4-loom.mappings.1_20_4.layered+hash.40359-v2.jar:?]
	at net.minecraft.client.gui.components.AbstractSelectionList.mouseClicked(AbstractSelectionList.java:279) ~[minecraft-merged-b507bda15f-1.20.4-loom.mappings.1_20_4.layered+hash.40359-v2.jar:?]
	at net.minecraft.client.gui.components.events.ContainerEventHandler.mouseClicked(ContainerEventHandler.java:38) ~[minecraft-merged-b507bda15f-1.20.4-loom.mappings.1_20_4.layered+hash.40359-v2.jar:?]
	at net.minecraft.client.MouseHandler.method_1611(MouseHandler.java:99) ~[minecraft-merged-b507bda15f-1.20.4-loom.mappings.1_20_4.layered+hash.40359-v2.jar:?]
	at net.minecraft.client.gui.screens.Screen.wrapScreenError(Screen.java:414) ~[minecraft-merged-b507bda15f-1.20.4-loom.mappings.1_20_4.layered+hash.40359-v2.jar:?]
	at net.minecraft.client.MouseHandler.onPress(MouseHandler.java:99) ~[minecraft-merged-b507bda15f-1.20.4-loom.mappings.1_20_4.layered+hash.40359-v2.jar:?]
	at net.minecraft.client.MouseHandler.method_22686(MouseHandler.java:180) ~[minecraft-merged-b507bda15f-1.20.4-loom.mappings.1_20_4.layered+hash.40359-v2.jar:?]
	at net.minecraft.util.thread.BlockableEventLoop.execute(BlockableEventLoop.java:102) ~[minecraft-merged-b507bda15f-1.20.4-loom.mappings.1_20_4.layered+hash.40359-v2.jar:?]
	at net.minecraft.client.MouseHandler.method_22684(MouseHandler.java:180) ~[minecraft-merged-b507bda15f-1.20.4-loom.mappings.1_20_4.layered+hash.40359-v2.jar:?]
	at org.lwjgl.glfw.GLFWMouseButtonCallbackI.callback(GLFWMouseButtonCallbackI.java:43) ~[lwjgl-glfw-3.3.2.jar:build 13]
	at org.lwjgl.system.JNI.invokeV(Native Method) ~[lwjgl-3.3.2.jar:build 13]
	at org.lwjgl.glfw.GLFW.glfwWaitEventsTimeout(GLFW.java:3509) ~[lwjgl-glfw-3.3.2.jar:build 13]
	at com.mojang.blaze3d.systems.RenderSystem.limitDisplayFPS(RenderSystem.java:238) ~[minecraft-merged-b507bda15f-1.20.4-loom.mappings.1_20_4.layered+hash.40359-v2.jar:?]
	at net.minecraft.client.Minecraft.runTick(Minecraft.java:1352) ~[minecraft-merged-b507bda15f-1.20.4-loom.mappings.1_20_4.layered+hash.40359-v2.jar:?]
	at net.minecraft.client.Minecraft.run(Minecraft.java:888) ~[minecraft-merged-b507bda15f-1.20.4-loom.mappings.1_20_4.layered+hash.40359-v2.jar:?]
	at net.minecraft.client.main.Main.main(Main.java:265) ~[minecraft-merged-b507bda15f-1.20.4-loom.mappings.1_20_4.layered+hash.40359-v2.jar:?]
	at net.fabricmc.loader.impl.game.minecraft.MinecraftGameProvider.launch(MinecraftGameProvider.java:470) ~[fabric-loader-0.15.11.jar:?]
	at net.fabricmc.loader.impl.launch.knot.Knot.launch(Knot.java:74) ~[fabric-loader-0.15.11.jar:?]
	at net.fabricmc.loader.impl.launch.knot.KnotClient.main(KnotClient.java:23) ~[fabric-loader-0.15.11.jar:?]
	at net.fabricmc.devlaunchinjector.Main.main(Main.java:86) ~[dev-launch-injector-0.2.1+build.8.jar:?]
	at dev.architectury.transformer.TransformerRuntime.main(TransformerRuntime.java:220) ~[architectury-transformer-5.2.87-runtime.jar:?]
[04:30:24] [Render thread/DEBUG] (io.netty.util.internal.PlatformDependent0) java.nio.Bits.unaligned: available, true
[04:30:24] [Render thread/DEBUG] (io.netty.util.internal.PlatformDependent0) jdk.internal.misc.Unsafe.allocateUninitializedArray(int): unavailable
java.lang.IllegalAccessException: class io.netty.util.internal.PlatformDependent0$7 cannot access class jdk.internal.misc.Unsafe (in module java.base) because module java.base does not export jdk.internal.misc to unnamed module @4983159f
	at jdk.internal.reflect.Reflection.newIllegalAccessException(Reflection.java:392) ~[?:?]
	at java.lang.reflect.AccessibleObject.checkAccess(AccessibleObject.java:674) ~[?:?]
	at java.lang.reflect.Method.invoke(Method.java:560) ~[?:?]
	at io.netty.util.internal.PlatformDependent0$7.run(PlatformDependent0.java:411) ~[netty-common-4.1.97.Final.jar:4.1.97.Final]
	at java.security.AccessController.doPrivileged(AccessController.java:318) ~[?:?]
	at io.netty.util.internal.PlatformDependent0.<clinit>(PlatformDependent0.java:402) ~[netty-common-4.1.97.Final.jar:4.1.97.Final]
	at io.netty.util.internal.PlatformDependent.isAndroid(PlatformDependent.java:333) ~[netty-common-4.1.97.Final.jar:4.1.97.Final]
	at io.netty.util.internal.PlatformDependent.<clinit>(PlatformDependent.java:88) ~[netty-common-4.1.97.Final.jar:4.1.97.Final]
	at io.netty.channel.nio.NioEventLoop.<clinit>(NioEventLoop.java:84) ~[netty-transport-4.1.97.Final.jar:4.1.97.Final]
	at io.netty.channel.nio.NioEventLoopGroup.newChild(NioEventLoopGroup.java:182) ~[netty-transport-4.1.97.Final.jar:4.1.97.Final]
	at io.netty.channel.nio.NioEventLoopGroup.newChild(NioEventLoopGroup.java:38) ~[netty-transport-4.1.97.Final.jar:4.1.97.Final]
	at io.netty.util.concurrent.MultithreadEventExecutorGroup.<init>(MultithreadEventExecutorGroup.java:84) ~[netty-common-4.1.97.Final.jar:4.1.97.Final]
	at io.netty.util.concurrent.MultithreadEventExecutorGroup.<init>(MultithreadEventExecutorGroup.java:60) ~[netty-common-4.1.97.Final.jar:4.1.97.Final]
	at io.netty.util.concurrent.MultithreadEventExecutorGroup.<init>(MultithreadEventExecutorGroup.java:49) ~[netty-common-4.1.97.Final.jar:4.1.97.Final]
	at io.netty.channel.MultithreadEventLoopGroup.<init>(MultithreadEventLoopGroup.java:59) ~[netty-transport-4.1.97.Final.jar:4.1.97.Final]
	at io.netty.channel.nio.NioEventLoopGroup.<init>(NioEventLoopGroup.java:87) ~[netty-transport-4.1.97.Final.jar:4.1.97.Final]
	at io.netty.channel.nio.NioEventLoopGroup.<init>(NioEventLoopGroup.java:82) ~[netty-transport-4.1.97.Final.jar:4.1.97.Final]
	at io.netty.channel.nio.NioEventLoopGroup.<init>(NioEventLoopGroup.java:69) ~[netty-transport-4.1.97.Final.jar:4.1.97.Final]
	at net.minecraft.server.network.ServerConnectionListener.method_14348(ServerConnectionListener.java:54) ~[minecraft-merged-b507bda15f-1.20.4-loom.mappings.1_20_4.layered+hash.40359-v2.jar:?]
	at com.google.common.base.Suppliers$NonSerializableMemoizingSupplier.get(Suppliers.java:181) ~[guava-32.1.2-jre.jar:?]
	at net.minecraft.server.network.ServerConnectionListener.startMemoryChannel(ServerConnectionListener.java:141) ~[minecraft-merged-b507bda15f-1.20.4-loom.mappings.1_20_4.layered+hash.40359-v2.jar:?]
	at net.minecraft.client.Minecraft.doWorldLoad(Minecraft.java:2241) ~[minecraft-merged-b507bda15f-1.20.4-loom.mappings.1_20_4.layered+hash.40359-v2.jar:?]
	at net.minecraft.client.gui.screens.worldselection.WorldOpenFlows.method_54611(WorldOpenFlows.java:368) ~[minecraft-merged-b507bda15f-1.20.4-loom.mappings.1_20_4.layered+hash.40359-v2.jar:?]
	at java.util.concurrent.CompletableFuture$UniAccept.tryFire(CompletableFuture.java:718) ~[?:?]
	at java.util.concurrent.CompletableFuture$Completion.run(CompletableFuture.java:482) ~[?:?]
	at net.minecraft.util.thread.BlockableEventLoop.execute(BlockableEventLoop.java:102) ~[minecraft-merged-b507bda15f-1.20.4-loom.mappings.1_20_4.layered+hash.40359-v2.jar:?]
	at java.util.concurrent.CompletableFuture.uniAcceptNow(CompletableFuture.java:754) ~[?:?]
	at java.util.concurrent.CompletableFuture.uniAcceptStage(CompletableFuture.java:735) ~[?:?]
	at java.util.concurrent.CompletableFuture.thenAcceptAsync(CompletableFuture.java:2191) ~[?:?]
	at net.minecraft.client.gui.screens.worldselection.WorldOpenFlows.loadLevel(WorldOpenFlows.java:366) ~[minecraft-merged-b507bda15f-1.20.4-loom.mappings.1_20_4.layered+hash.40359-v2.jar:?]
	at net.minecraft.client.gui.screens.worldselection.WorldOpenFlows.checkForBackupAndLoad(WorldOpenFlows.java:308) ~[minecraft-merged-b507bda15f-1.20.4-loom.mappings.1_20_4.layered+hash.40359-v2.jar:?]
	at net.minecraft.client.gui.screens.worldselection.WorldOpenFlows.checkForBackupAndLoad(WorldOpenFlows.java:242) ~[minecraft-merged-b507bda15f-1.20.4-loom.mappings.1_20_4.layered+hash.40359-v2.jar:?]
	at net.minecraft.client.gui.screens.worldselection.WorldSelectionList$WorldListEntry.joinWorld(WorldSelectionList.java:440) ~[minecraft-merged-b507bda15f-1.20.4-loom.mappings.1_20_4.layered+hash.40359-v2.jar:?]
	at net.minecraft.client.gui.screens.worldselection.WorldSelectionList$WorldListEntry.mouseClicked(WorldSelectionList.java:417) ~[minecraft-merged-b507bda15f-1.20.4-loom.mappings.1_20_4.layered+hash.40359-v2.jar:?]
	at net.minecraft.client.gui.components.AbstractSelectionList.mouseClicked(AbstractSelectionList.java:279) ~[minecraft-merged-b507bda15f-1.20.4-loom.mappings.1_20_4.layered+hash.40359-v2.jar:?]
	at net.minecraft.client.gui.components.events.ContainerEventHandler.mouseClicked(ContainerEventHandler.java:38) ~[minecraft-merged-b507bda15f-1.20.4-loom.mappings.1_20_4.layered+hash.40359-v2.jar:?]
	at net.minecraft.client.MouseHandler.method_1611(MouseHandler.java:99) ~[minecraft-merged-b507bda15f-1.20.4-loom.mappings.1_20_4.layered+hash.40359-v2.jar:?]
	at net.minecraft.client.gui.screens.Screen.wrapScreenError(Screen.java:414) ~[minecraft-merged-b507bda15f-1.20.4-loom.mappings.1_20_4.layered+hash.40359-v2.jar:?]
	at net.minecraft.client.MouseHandler.onPress(MouseHandler.java:99) ~[minecraft-merged-b507bda15f-1.20.4-loom.mappings.1_20_4.layered+hash.40359-v2.jar:?]
	at net.minecraft.client.MouseHandler.method_22686(MouseHandler.java:180) ~[minecraft-merged-b507bda15f-1.20.4-loom.mappings.1_20_4.layered+hash.40359-v2.jar:?]
	at net.minecraft.util.thread.BlockableEventLoop.execute(BlockableEventLoop.java:102) ~[minecraft-merged-b507bda15f-1.20.4-loom.mappings.1_20_4.layered+hash.40359-v2.jar:?]
	at net.minecraft.client.MouseHandler.method_22684(MouseHandler.java:180) ~[minecraft-merged-b507bda15f-1.20.4-loom.mappings.1_20_4.layered+hash.40359-v2.jar:?]
	at org.lwjgl.glfw.GLFWMouseButtonCallbackI.callback(GLFWMouseButtonCallbackI.java:43) ~[lwjgl-glfw-3.3.2.jar:build 13]
	at org.lwjgl.system.JNI.invokeV(Native Method) ~[lwjgl-3.3.2.jar:build 13]
	at org.lwjgl.glfw.GLFW.glfwWaitEventsTimeout(GLFW.java:3509) ~[lwjgl-glfw-3.3.2.jar:build 13]
	at com.mojang.blaze3d.systems.RenderSystem.limitDisplayFPS(RenderSystem.java:238) ~[minecraft-merged-b507bda15f-1.20.4-loom.mappings.1_20_4.layered+hash.40359-v2.jar:?]
	at net.minecraft.client.Minecraft.runTick(Minecraft.java:1352) ~[minecraft-merged-b507bda15f-1.20.4-loom.mappings.1_20_4.layered+hash.40359-v2.jar:?]
	at net.minecraft.client.Minecraft.run(Minecraft.java:888) ~[minecraft-merged-b507bda15f-1.20.4-loom.mappings.1_20_4.layered+hash.40359-v2.jar:?]
	at net.minecraft.client.main.Main.main(Main.java:265) ~[minecraft-merged-b507bda15f-1.20.4-loom.mappings.1_20_4.layered+hash.40359-v2.jar:?]
	at net.fabricmc.loader.impl.game.minecraft.MinecraftGameProvider.launch(MinecraftGameProvider.java:470) ~[fabric-loader-0.15.11.jar:?]
	at net.fabricmc.loader.impl.launch.knot.Knot.launch(Knot.java:74) ~[fabric-loader-0.15.11.jar:?]
	at net.fabricmc.loader.impl.launch.knot.KnotClient.main(KnotClient.java:23) ~[fabric-loader-0.15.11.jar:?]
	at net.fabricmc.devlaunchinjector.Main.main(Main.java:86) ~[dev-launch-injector-0.2.1+build.8.jar:?]
	at dev.architectury.transformer.TransformerRuntime.main(TransformerRuntime.java:220) ~[architectury-transformer-5.2.87-runtime.jar:?]
[04:30:24] [Render thread/DEBUG] (io.netty.util.internal.PlatformDependent0) java.nio.DirectByteBuffer.<init>(long, {int,long}): unavailable
[04:30:24] [Render thread/DEBUG] (io.netty.util.internal.PlatformDependent) sun.misc.Unsafe: available
[04:30:24] [Render thread/DEBUG] (io.netty.util.internal.PlatformDependent) maxDirectMemory: 8376025088 bytes (maybe)
[04:30:24] [Render thread/DEBUG] (io.netty.util.internal.PlatformDependent) -Dio.netty.tmpdir: C:\Users\13475\AppData\Local\Temp (java.io.tmpdir)
[04:30:24] [Render thread/DEBUG] (io.netty.util.internal.PlatformDependent) -Dio.netty.bitMode: 64 (sun.arch.data.model)
[04:30:24] [Render thread/DEBUG] (io.netty.util.internal.PlatformDependent) Platform: Windows
[04:30:24] [Render thread/DEBUG] (io.netty.util.internal.PlatformDependent) -Dio.netty.maxDirectMemory: -1 bytes
[04:30:24] [Render thread/DEBUG] (io.netty.util.internal.PlatformDependent) -Dio.netty.uninitializedArrayAllocationThreshold: -1
[04:30:24] [Render thread/DEBUG] (io.netty.util.internal.CleanerJava9) java.nio.ByteBuffer.cleaner(): available
[04:30:24] [Render thread/DEBUG] (io.netty.util.internal.PlatformDependent) -Dio.netty.noPreferDirect: false
[04:30:24] [Render thread/DEBUG] (io.netty.channel.nio.NioEventLoop) -Dio.netty.noKeySetOptimization: false
[04:30:24] [Render thread/DEBUG] (io.netty.channel.nio.NioEventLoop) -Dio.netty.selectorAutoRebuildThreshold: 512
[04:30:24] [Render thread/DEBUG] (io.netty.util.internal.PlatformDependent) org.jctools-core.MpscChunkedArrayQueue: available
[04:30:24] [Render thread/DEBUG] (io.netty.channel.DefaultChannelId) -Dio.netty.processId: 9628 (auto-detected)
[04:30:24] [Render thread/DEBUG] (io.netty.util.NetUtil) -Djava.net.preferIPv4Stack: false
[04:30:24] [Render thread/DEBUG] (io.netty.util.NetUtil) -Djava.net.preferIPv6Addresses: false
[04:30:24] [Render thread/DEBUG] (io.netty.util.NetUtilInitializations) Loopback interface: lo (Software Loopback Interface 1, 127.0.0.1)
[04:30:24] [Render thread/DEBUG] (io.netty.util.NetUtil) Failed to get SOMAXCONN from sysctl and file \proc\sys\net\core\somaxconn. Default: 200
[04:30:24] [Render thread/DEBUG] (io.netty.channel.DefaultChannelId) -Dio.netty.machineId: d4:84:09:ff:fe:01:ce:15 (auto-detected)
[04:30:24] [Render thread/DEBUG] (io.netty.buffer.PooledByteBufAllocator) -Dio.netty.allocator.numHeapArenas: 24
[04:30:24] [Render thread/DEBUG] (io.netty.buffer.PooledByteBufAllocator) -Dio.netty.allocator.numDirectArenas: 24
[04:30:24] [Render thread/DEBUG] (io.netty.buffer.PooledByteBufAllocator) -Dio.netty.allocator.pageSize: 8192
[04:30:24] [Render thread/DEBUG] (io.netty.buffer.PooledByteBufAllocator) -Dio.netty.allocator.maxOrder: 9
[04:30:24] [Render thread/DEBUG] (io.netty.buffer.PooledByteBufAllocator) -Dio.netty.allocator.chunkSize: 4194304
[04:30:24] [Render thread/DEBUG] (io.netty.buffer.PooledByteBufAllocator) -Dio.netty.allocator.smallCacheSize: 256
[04:30:24] [Render thread/DEBUG] (io.netty.buffer.PooledByteBufAllocator) -Dio.netty.allocator.normalCacheSize: 64
[04:30:24] [Render thread/DEBUG] (io.netty.buffer.PooledByteBufAllocator) -Dio.netty.allocator.maxCachedBufferCapacity: 32768
[04:30:24] [Render thread/DEBUG] (io.netty.buffer.PooledByteBufAllocator) -Dio.netty.allocator.cacheTrimInterval: 8192
[04:30:24] [Render thread/DEBUG] (io.netty.buffer.PooledByteBufAllocator) -Dio.netty.allocator.cacheTrimIntervalMillis: 0
[04:30:24] [Render thread/DEBUG] (io.netty.buffer.PooledByteBufAllocator) -Dio.netty.allocator.useCacheForAllThreads: false
[04:30:24] [Render thread/DEBUG] (io.netty.buffer.PooledByteBufAllocator) -Dio.netty.allocator.maxCachedByteBuffersPerChunk: 1023
[04:30:24] [Render thread/DEBUG] (io.netty.buffer.ByteBufUtil) -Dio.netty.allocator.type: pooled
[04:30:24] [Render thread/DEBUG] (io.netty.buffer.ByteBufUtil) -Dio.netty.threadLocalDirectBufferSize: 0
[04:30:24] [Render thread/DEBUG] (io.netty.buffer.ByteBufUtil) -Dio.netty.maxThreadLocalCharBufferSize: 16384
[04:30:24] [Netty Local Client IO #0/DEBUG] (io.netty.util.Recycler) -Dio.netty.recycler.maxCapacityPerThread: 4096
[04:30:24] [Netty Local Client IO #0/DEBUG] (io.netty.util.Recycler) -Dio.netty.recycler.ratio: 8
[04:30:24] [Netty Local Client IO #0/DEBUG] (io.netty.util.Recycler) -Dio.netty.recycler.chunkSize: 32
[04:30:24] [Netty Local Client IO #0/DEBUG] (io.netty.util.Recycler) -Dio.netty.recycler.blocking: false
[04:30:24] [Netty Local Client IO #0/DEBUG] (io.netty.util.Recycler) -Dio.netty.recycler.batchFastThreadLocalOnly: true
[04:30:24] [Netty Server IO #1/DEBUG] (FabricLoader/Mixin) Mixing ServerLoginNetworkHandlerMixin from fabric-networking-api-v1.mixins.json into net.minecraft.server.network.ServerLoginPacketListenerImpl
[04:30:24] [Netty Server IO #1/DEBUG] (FabricLoader/Mixin) Mixing accessor.ServerLoginNetworkHandlerAccessor from fabric-networking-api-v1.mixins.json into net.minecraft.server.network.ServerLoginPacketListenerImpl
[04:30:24] [Netty Server IO #1/DEBUG] (FabricLoader/Mixin) fabric-networking-api-v1.mixins.json:ServerLoginNetworkHandlerMixin from mod fabric-networking-api-v1->@Inject::initAddon(Lorg/spongepowered/asm/mixin/injection/callback/CallbackInfo;)V doesn't use it's CallbackInfo
[04:30:24] [Netty Server IO #1/DEBUG] (FabricLoader/Mixin) fabric-networking-api-v1.mixins.json:ServerLoginNetworkHandlerMixin from mod fabric-networking-api-v1->@Inject::initAddon(Lorg/spongepowered/asm/mixin/injection/callback/CallbackInfo;)V has 0 override(s) in child classes
[04:30:24] [Netty Server IO #1/DEBUG] (FabricLoader/Mixin) fabric-networking-api-v1.mixins.json:ServerLoginNetworkHandlerMixin from mod fabric-networking-api-v1->@Inject::initAddon(Lorg/spongepowered/asm/mixin/injection/callback/CallbackInfo;)V won't be passed a CallbackInfo as a result
[04:30:24] [Netty Server IO #1/DEBUG] (FabricLoader/Mixin) fabric-networking-api-v1.mixins.json:ServerLoginNetworkHandlerMixin from mod fabric-networking-api-v1->@Inject::handleCustomPayloadReceivedAsync(Lnet/minecraft/network/protocol/login/ServerboundCustomQueryAnswerPacket;Lorg/spongepowered/asm/mixin/injection/callback/CallbackInfo;)V does use it's CallbackInfo
[04:30:24] [Netty Server IO #1/DEBUG] (io.netty.buffer.AbstractByteBuf) -Dio.netty.buffer.checkAccessible: true
[04:30:24] [Netty Server IO #1/DEBUG] (io.netty.buffer.AbstractByteBuf) -Dio.netty.buffer.checkBounds: true
[04:30:24] [Netty Server IO #1/DEBUG] (io.netty.util.ResourceLeakDetectorFactory) Loaded default ResourceLeakDetector: io.netty.util.ResourceLeakDetector@74eb149
[04:30:24] [Netty Local Client IO #0/DEBUG] (ClientPlayNetworkAddon for Player674) Handling inbound packet from channel with name "minecraft:register"
[04:30:24] [Netty Server IO #1/DEBUG] (ServerConfigurationNetworkAddon for Player674) Handling inbound packet from channel with name "minecraft:register"
[04:30:24] [Netty Server IO #1/DEBUG] (FabricLoader/Mixin) Mixing SerializableRegistriesMixin from fabric-registry-sync-v0.mixins.json into net.minecraft.core.RegistrySynchronization
[04:30:24] [Netty Server IO #1/DEBUG] (FabricLoader/Mixin) Renaming synthetic method lambda$filterNonSyncedEntries$0(Lnet/minecraft/core/RegistryAccess$RegistryEntry;)Z to md2e53f5$fabric-registry-sync-v0$lambda$filterNonSyncedEntries$0$0 in fabric-registry-sync-v0.mixins.json:SerializableRegistriesMixin from mod fabric-registry-sync-v0
[04:30:24] [Netty Local Client IO #0/DEBUG] (ClientPlayNetworkAddon for Player674) Handling inbound packet from channel with name "fabric:custom_ingredient_sync"
[04:30:24] [Netty Server IO #1/DEBUG] (ServerConfigurationNetworkAddon for Player674) Handling inbound packet from channel with name "fabric:custom_ingredient_sync"
[04:30:24] [Netty Local Client IO #0/DEBUG] (ClientPlayNetworkAddon for Player674) Handling inbound packet from channel with name "c:version"
[04:30:24] [Netty Local Client IO #0/DEBUG] (ClientPlayNetworkAddon for Player674) Negotiated common packet version 1
[04:30:24] [Netty Server IO #1/DEBUG] (ServerConfigurationNetworkAddon for Player674) Handling inbound packet from channel with name "c:version"
[04:30:24] [Netty Server IO #1/DEBUG] (ServerConfigurationNetworkAddon for Player674) Negotiated common packet version 1
[04:30:24] [Netty Local Client IO #0/DEBUG] (ClientPlayNetworkAddon for Player674) Handling inbound packet from channel with name "c:register"
[04:30:24] [Netty Local Client IO #0/DEBUG] (fabric-networking-api-v1) Received accepted channels from the server
[04:30:24] [Netty Server IO #1/DEBUG] (ServerConfigurationNetworkAddon for Player674) Handling inbound packet from channel with name "c:register"
[04:30:24] [Netty Server IO #1/DEBUG] (fabric-networking-api-v1) Received accepted channels from the client for play phase
[04:30:24] [Render thread/DEBUG] (FabricLoader/Mixin) Mixing client.ClientPlayerAttackInvoker from architectury.mixins.json into net.minecraft.client.player.RemotePlayer
[04:30:24] [Render thread/DEBUG] (FabricLoader/Mixin) architectury.mixins.json:client.ClientPlayerAttackInvoker from mod architectury: Class version 61 required is higher than the class version supported by the current version of Mixin (JAVA_16 supports class version 60)
[04:30:24] [Render thread/DEBUG] (FabricLoader/Mixin) architectury.mixins.json:client.ClientPlayerAttackInvoker from mod architectury->@Inject::hurt(Lnet/minecraft/world/damagesource/DamageSource;FLorg/spongepowered/asm/mixin/injection/callback/CallbackInfoReturnable;)V does use it's CallbackInfoReturnable
[04:30:24] [Render thread/DEBUG] (FabricLoader/Mixin) Mixing ClientCommandSourceMixin from fabric-command-api-v2.client.mixins.json into net.minecraft.client.multiplayer.ClientSuggestionProvider
[04:30:24] [Render thread/DEBUG] (FabricLoader/Mixin) Mixing client.MixinFabricClientCommandSource from architectury.mixins.json into net.fabricmc.fabric.api.client.command.v2.FabricClientCommandSource
[04:30:24] [Render thread/DEBUG] (FabricLoader/Mixin) architectury.mixins.json:client.MixinFabricClientCommandSource from mod architectury: Class version 61 required is higher than the class version supported by the current version of Mixin (JAVA_16 supports class version 60)
[04:30:24] [Server thread/DEBUG] (FabricLoader/Mixin) Mixing HungerManagerMixin from fabric-item-api-v1.mixins.json into net.minecraft.world.food.FoodData
[04:30:24] [Server thread/DEBUG] (FabricLoader/Mixin) Mixing MixinPlayerAdvancements from architectury.mixins.json into net.minecraft.server.PlayerAdvancements
[04:30:24] [Server thread/DEBUG] (FabricLoader/Mixin) architectury.mixins.json:MixinPlayerAdvancements from mod architectury: Class version 61 required is higher than the class version supported by the current version of Mixin (JAVA_16 supports class version 60)
[04:30:24] [Server thread/DEBUG] (FabricLoader/Mixin) Mixing PlayerAdvancementTrackerMixin from fabric-events-interaction-v0.mixins.json into net.minecraft.server.PlayerAdvancements
[04:30:24] [Server thread/DEBUG] (FabricLoader/Mixin) architectury.mixins.json:MixinPlayerAdvancements from mod architectury->@Inject::award(Lnet/minecraft/advancements/AdvancementHolder;Ljava/lang/String;Lorg/spongepowered/asm/mixin/injection/callback/CallbackInfoReturnable;)V doesn't use it's CallbackInfoReturnable
[04:30:24] [Server thread/DEBUG] (FabricLoader/Mixin) architectury.mixins.json:MixinPlayerAdvancements from mod architectury->@Inject::award(Lnet/minecraft/advancements/AdvancementHolder;Ljava/lang/String;Lorg/spongepowered/asm/mixin/injection/callback/CallbackInfoReturnable;)V has 0 override(s) in child classes
[04:30:24] [Server thread/DEBUG] (FabricLoader/Mixin) architectury.mixins.json:MixinPlayerAdvancements from mod architectury->@Inject::award(Lnet/minecraft/advancements/AdvancementHolder;Ljava/lang/String;Lorg/spongepowered/asm/mixin/injection/callback/CallbackInfoReturnable;)V won't be passed a CallbackInfoReturnable as a result
[04:30:24] [Server thread/DEBUG] (FabricLoader/Mixin) fabric-events-interaction-v0.mixins.json:PlayerAdvancementTrackerMixin from mod fabric-events-interaction-v0->@Inject::preventOwnerOverride(Lnet/minecraft/server/level/ServerPlayer;Lorg/spongepowered/asm/mixin/injection/callback/CallbackInfo;)V does use it's CallbackInfo
[04:30:24] [Server thread/DEBUG] (FabricLoader/Mixin) fabric-events-interaction-v0.mixins.json:PlayerAdvancementTrackerMixin from mod fabric-events-interaction-v0->@Inject::preventGrantCriterion(Lnet/minecraft/advancements/AdvancementHolder;Ljava/lang/String;Lorg/spongepowered/asm/mixin/injection/callback/CallbackInfoReturnable;)V does use it's CallbackInfoReturnable
[04:30:24] [Server thread/INFO] (net.minecraft.server.players.PlayerList) Player674[local:E:e98d306c] logged in with entity id 76 at (-2095.5290633766404, 64.0, 11645.427596689626)
[04:30:24] [Netty Local Client IO #0/DEBUG] (ClientPlayNetworkAddon for Player674) Handling inbound packet from channel with name "minecraft:register"
[04:30:24] [Render thread/DEBUG] (FabricLoader/Mixin) Mixing ClientPlayerInteractionManagerMixin from fabric-item-api-v1.client.mixins.json into net.minecraft.client.multiplayer.MultiPlayerGameMode
[04:30:24] [Render thread/DEBUG] (FabricLoader/Mixin) Mixing client.MixinMultiPlayerGameMode from architectury.mixins.json into net.minecraft.client.multiplayer.MultiPlayerGameMode
[04:30:24] [Render thread/DEBUG] (FabricLoader/Mixin) architectury.mixins.json:client.MixinMultiPlayerGameMode from mod architectury: Class version 61 required is higher than the class version supported by the current version of Mixin (JAVA_16 supports class version 60)
[04:30:24] [Render thread/DEBUG] (FabricLoader/Mixin) Mixing ClientPlayerInteractionManagerMixin from fabric-events-interaction-v0.client.mixins.json into net.minecraft.client.multiplayer.MultiPlayerGameMode
[04:30:24] [Render thread/DEBUG] (FabricLoader/Mixin) Renaming synthetic method lambda$interactItem$2(Lnet/minecraft/world/InteractionHand;I)Lnet/minecraft/network/protocol/Packet; to md2e53f5$fabric-events-interaction-v0$lambda$interactItem$2$0 in fabric-events-interaction-v0.client.mixins.json:ClientPlayerInteractionManagerMixin from mod fabric-events-interaction-v0
[04:30:24] [Render thread/DEBUG] (FabricLoader/Mixin) Renaming synthetic method lambda$interactBlock$1(Lnet/minecraft/world/InteractionHand;Lnet/minecraft/world/phys/BlockHitResult;I)Lnet/minecraft/network/protocol/Packet; to md2e53f5$fabric-events-interaction-v0$lambda$interactBlock$1$1 in fabric-events-interaction-v0.client.mixins.json:ClientPlayerInteractionManagerMixin from mod fabric-events-interaction-v0
[04:30:24] [Render thread/DEBUG] (FabricLoader/Mixin) Renaming synthetic method lambda$fabric_fireAttackBlockCallback$0(Lnet/minecraft/core/BlockPos;Lnet/minecraft/core/Direction;I)Lnet/minecraft/network/protocol/Packet; to md2e53f5$fabric-events-interaction-v0$lambda$fabric_fireAttackBlockCallback$0$2 in fabric-events-interaction-v0.client.mixins.json:ClientPlayerInteractionManagerMixin from mod fabric-events-interaction-v0
[04:30:24] [Render thread/DEBUG] (FabricLoader/Mixin) architectury.mixins.json:client.MixinMultiPlayerGameMode from mod architectury->@Inject::entityInteract(Lnet/minecraft/world/entity/player/Player;Lnet/minecraft/world/entity/Entity;Lnet/minecraft/world/InteractionHand;Lorg/spongepowered/asm/mixin/injection/callback/CallbackInfoReturnable;)V does use it's CallbackInfoReturnable
[04:30:24] [Render thread/DEBUG] (FabricLoader/Mixin) fabric-events-interaction-v0.client.mixins.json:ClientPlayerInteractionManagerMixin from mod fabric-events-interaction-v0->@Inject::attackBlock(Lnet/minecraft/core/BlockPos;Lnet/minecraft/core/Direction;Lorg/spongepowered/asm/mixin/injection/callback/CallbackInfoReturnable;)V does use it's CallbackInfoReturnable
[04:30:24] [Render thread/DEBUG] (FabricLoader/Mixin) fabric-events-interaction-v0.client.mixins.json:ClientPlayerInteractionManagerMixin from mod fabric-events-interaction-v0->@Inject::method_2902(Lnet/minecraft/core/BlockPos;Lnet/minecraft/core/Direction;Lorg/spongepowered/asm/mixin/injection/callback/CallbackInfoReturnable;)V does use it's CallbackInfoReturnable
[04:30:24] [Render thread/DEBUG] (FabricLoader/Mixin) fabric-events-interaction-v0.client.mixins.json:ClientPlayerInteractionManagerMixin from mod fabric-events-interaction-v0->@Inject::fabric$onBlockBroken(Lnet/minecraft/core/BlockPos;Lorg/spongepowered/asm/mixin/injection/callback/CallbackInfoReturnable;Lnet/minecraft/world/level/Level;Lnet/minecraft/world/level/block/state/BlockState;)V doesn't use it's CallbackInfoReturnable
[04:30:24] [Render thread/DEBUG] (FabricLoader/Mixin) fabric-events-interaction-v0.client.mixins.json:ClientPlayerInteractionManagerMixin from mod fabric-events-interaction-v0->@Inject::fabric$onBlockBroken(Lnet/minecraft/core/BlockPos;Lorg/spongepowered/asm/mixin/injection/callback/CallbackInfoReturnable;Lnet/minecraft/world/level/Level;Lnet/minecraft/world/level/block/state/BlockState;)V has 0 override(s) in child classes
[04:30:24] [Render thread/DEBUG] (FabricLoader/Mixin) fabric-events-interaction-v0.client.mixins.json:ClientPlayerInteractionManagerMixin from mod fabric-events-interaction-v0->@Inject::fabric$onBlockBroken(Lnet/minecraft/core/BlockPos;Lorg/spongepowered/asm/mixin/injection/callback/CallbackInfoReturnable;Lnet/minecraft/world/level/Level;Lnet/minecraft/world/level/block/state/BlockState;)V won't be passed a CallbackInfoReturnable as a result
[04:30:24] [Render thread/DEBUG] (FabricLoader/Mixin) fabric-events-interaction-v0.client.mixins.json:ClientPlayerInteractionManagerMixin from mod fabric-events-interaction-v0->@Inject::interactBlock(Lnet/minecraft/client/player/LocalPlayer;Lnet/minecraft/world/InteractionHand;Lnet/minecraft/world/phys/BlockHitResult;Lorg/spongepowered/asm/mixin/injection/callback/CallbackInfoReturnable;)V does use it's CallbackInfoReturnable
[04:30:24] [Render thread/DEBUG] (FabricLoader/Mixin) fabric-events-interaction-v0.client.mixins.json:ClientPlayerInteractionManagerMixin from mod fabric-events-interaction-v0->@Inject::interactItem(Lnet/minecraft/world/entity/player/Player;Lnet/minecraft/world/InteractionHand;Lorg/spongepowered/asm/mixin/injection/callback/CallbackInfoReturnable;)V does use it's CallbackInfoReturnable
[04:30:24] [Render thread/DEBUG] (FabricLoader/Mixin) fabric-events-interaction-v0.client.mixins.json:ClientPlayerInteractionManagerMixin from mod fabric-events-interaction-v0->@Inject::attackEntity(Lnet/minecraft/world/entity/player/Player;Lnet/minecraft/world/entity/Entity;Lorg/spongepowered/asm/mixin/injection/callback/CallbackInfo;)V does use it's CallbackInfo
[04:30:24] [Render thread/DEBUG] (FabricLoader/Mixin) Mixing ClientChunkManagerMixin from fabric-lifecycle-events-v1.client.mixins.json into net.minecraft.client.multiplayer.ClientChunkCache
[04:30:24] [Render thread/DEBUG] (FabricLoader/Mixin) fabric-lifecycle-events-v1.client.mixins.json:ClientChunkManagerMixin from mod fabric-lifecycle-events-v1->@Inject::onChunkLoad(IILnet/minecraft/network/FriendlyByteBuf;Lnet/minecraft/nbt/CompoundTag;Ljava/util/function/Consumer;Lorg/spongepowered/asm/mixin/injection/callback/CallbackInfoReturnable;)V does use it's CallbackInfoReturnable
[04:30:24] [Render thread/DEBUG] (FabricLoader/Mixin) fabric-lifecycle-events-v1.client.mixins.json:ClientChunkManagerMixin from mod fabric-lifecycle-events-v1->@Inject::onChunkUnload(IILnet/minecraft/network/FriendlyByteBuf;Lnet/minecraft/nbt/CompoundTag;Ljava/util/function/Consumer;Lorg/spongepowered/asm/mixin/injection/callback/CallbackInfoReturnable;ILnet/minecraft/world/level/chunk/LevelChunk;Lnet/minecraft/world/level/ChunkPos;)V doesn't use it's CallbackInfoReturnable
[04:30:24] [Render thread/DEBUG] (FabricLoader/Mixin) fabric-lifecycle-events-v1.client.mixins.json:ClientChunkManagerMixin from mod fabric-lifecycle-events-v1->@Inject::onChunkUnload(IILnet/minecraft/network/FriendlyByteBuf;Lnet/minecraft/nbt/CompoundTag;Ljava/util/function/Consumer;Lorg/spongepowered/asm/mixin/injection/callback/CallbackInfoReturnable;ILnet/minecraft/world/level/chunk/LevelChunk;Lnet/minecraft/world/level/ChunkPos;)V has 0 override(s) in child classes
[04:30:24] [Render thread/DEBUG] (FabricLoader/Mixin) fabric-lifecycle-events-v1.client.mixins.json:ClientChunkManagerMixin from mod fabric-lifecycle-events-v1->@Inject::onChunkUnload(IILnet/minecraft/network/FriendlyByteBuf;Lnet/minecraft/nbt/CompoundTag;Ljava/util/function/Consumer;Lorg/spongepowered/asm/mixin/injection/callback/CallbackInfoReturnable;ILnet/minecraft/world/level/chunk/LevelChunk;Lnet/minecraft/world/level/ChunkPos;)V won't be passed a CallbackInfoReturnable as a result
[04:30:24] [Render thread/DEBUG] (FabricLoader/Mixin) fabric-lifecycle-events-v1.client.mixins.json:ClientChunkManagerMixin from mod fabric-lifecycle-events-v1->@Inject::onChunkUnload(Lnet/minecraft/world/level/ChunkPos;Lorg/spongepowered/asm/mixin/injection/callback/CallbackInfo;ILnet/minecraft/world/level/chunk/LevelChunk;)V doesn't use it's CallbackInfo
[04:30:24] [Render thread/DEBUG] (FabricLoader/Mixin) fabric-lifecycle-events-v1.client.mixins.json:ClientChunkManagerMixin from mod fabric-lifecycle-events-v1->@Inject::onChunkUnload(Lnet/minecraft/world/level/ChunkPos;Lorg/spongepowered/asm/mixin/injection/callback/CallbackInfo;ILnet/minecraft/world/level/chunk/LevelChunk;)V has 0 override(s) in child classes
[04:30:24] [Render thread/DEBUG] (FabricLoader/Mixin) fabric-lifecycle-events-v1.client.mixins.json:ClientChunkManagerMixin from mod fabric-lifecycle-events-v1->@Inject::onChunkUnload(Lnet/minecraft/world/level/ChunkPos;Lorg/spongepowered/asm/mixin/injection/callback/CallbackInfo;ILnet/minecraft/world/level/chunk/LevelChunk;)V won't be passed a CallbackInfo as a result
[04:30:24] [Render thread/DEBUG] (FabricLoader/Mixin) fabric-lifecycle-events-v1.client.mixins.json:ClientChunkManagerMixin from mod fabric-lifecycle-events-v1->@Inject::onUpdateLoadDistance(ILorg/spongepowered/asm/mixin/injection/callback/CallbackInfo;IILnet/minecraft/client/multiplayer/ClientChunkCache$Storage;ILnet/minecraft/world/level/chunk/LevelChunk;Lnet/minecraft/world/level/ChunkPos;)V doesn't use it's CallbackInfo
[04:30:24] [Render thread/DEBUG] (FabricLoader/Mixin) fabric-lifecycle-events-v1.client.mixins.json:ClientChunkManagerMixin from mod fabric-lifecycle-events-v1->@Inject::onUpdateLoadDistance(ILorg/spongepowered/asm/mixin/injection/callback/CallbackInfo;IILnet/minecraft/client/multiplayer/ClientChunkCache$Storage;ILnet/minecraft/world/level/chunk/LevelChunk;Lnet/minecraft/world/level/ChunkPos;)V has 0 override(s) in child classes
[04:30:24] [Render thread/DEBUG] (FabricLoader/Mixin) fabric-lifecycle-events-v1.client.mixins.json:ClientChunkManagerMixin from mod fabric-lifecycle-events-v1->@Inject::onUpdateLoadDistance(ILorg/spongepowered/asm/mixin/injection/callback/CallbackInfo;IILnet/minecraft/client/multiplayer/ClientChunkCache$Storage;ILnet/minecraft/world/level/chunk/LevelChunk;Lnet/minecraft/world/level/ChunkPos;)V won't be passed a CallbackInfo as a result
[04:30:24] [Render thread/DEBUG] (FabricLoader/Mixin) Mixing ClientWorldClientEntityHandlerMixin from fabric-lifecycle-events-v1.client.mixins.json into net.minecraft.client.multiplayer.ClientLevel$EntityCallbacks
[04:30:24] [Render thread/DEBUG] (FabricLoader/Mixin) fabric-lifecycle-events-v1.client.mixins.json:ClientWorldClientEntityHandlerMixin from mod fabric-lifecycle-events-v1->@Inject::invokeLoadEntity(Lnet/minecraft/world/entity/Entity;Lorg/spongepowered/asm/mixin/injection/callback/CallbackInfo;)V doesn't use it's CallbackInfo
[04:30:24] [Render thread/DEBUG] (FabricLoader/Mixin) fabric-lifecycle-events-v1.client.mixins.json:ClientWorldClientEntityHandlerMixin from mod fabric-lifecycle-events-v1->@Inject::invokeUnloadEntity(Lnet/minecraft/world/entity/Entity;Lorg/spongepowered/asm/mixin/injection/callback/CallbackInfo;)V doesn't use it's CallbackInfo
[04:30:24] [Server thread/INFO] (net.minecraft.server.MinecraftServer) Player674 joined the game
[04:30:24] [Render thread/DEBUG] (FabricLoader/Mixin) Mixing DimensionEffectsAccessor from fabric-rendering-v1.mixins.json into net.minecraft.client.renderer.DimensionSpecialEffects
[04:30:24] [Render thread/DEBUG] (FabricLoader/Mixin) Renaming @Accessor method getIdentifierMap()Lit/unimi/dsi/fastutil/objects/Object2ObjectMap; to getIdentifierMap$fabric-rendering-v1_$md$2e53f5$0 in fabric-rendering-v1.mixins.json:DimensionEffectsAccessor from mod fabric-rendering-v1
[04:30:24] [Netty Local Client IO #0/DEBUG] (ClientPlayNetworkAddon for Player674) Handling inbound packet from channel with name "depression:mental_trait_packet"
[04:30:24] [Render thread/DEBUG] (FabricLoader/Mixin) Mixing RenderLayersMixin from fabric-blockrenderlayer-v1.mixins.json into net.minecraft.client.renderer.ItemBlockRenderTypes
[04:30:24] [Render thread/DEBUG] (FabricLoader/Mixin) fabric-blockrenderlayer-v1.mixins.json:RenderLayersMixin from mod fabric-blockrenderlayer-v1->@Inject::onInitialize(Lorg/spongepowered/asm/mixin/injection/callback/CallbackInfo;)V doesn't use it's CallbackInfo
[04:30:24] [Render thread/DEBUG] (FabricLoader/Mixin) Mixing ChunkBuilderBuiltChunkRebuildTaskMixin from fabric-renderer-indigo.mixins.json into net.minecraft.client.renderer.chunk.SectionRenderDispatcher$RenderSection$RebuildTask
[04:30:24] [Render thread/DEBUG] (FabricLoader/Mixin) fabric-renderer-indigo.mixins.json:ChunkBuilderBuiltChunkRebuildTaskMixin from mod fabric-renderer-indigo->@Inject::hookChunkBuild(FFFLnet/minecraft/client/renderer/SectionBufferBuilderPack;Lorg/spongepowered/asm/mixin/injection/callback/CallbackInfoReturnable;Lnet/minecraft/client/renderer/chunk/SectionRenderDispatcher$RenderSection$RebuildTask$CompileResults;ILnet/minecraft/core/BlockPos;Lnet/minecraft/core/BlockPos;Lnet/minecraft/client/renderer/chunk/VisGraph;Lnet/minecraft/client/renderer/chunk/RenderChunkRegion;Lcom/mojang/blaze3d/vertex/PoseStack;Ljava/util/Set;Lnet/minecraft/util/RandomSource;Lnet/minecraft/client/renderer/block/BlockRenderDispatcher;)V doesn't use it's CallbackInfoReturnable
[04:30:24] [Render thread/DEBUG] (FabricLoader/Mixin) fabric-renderer-indigo.mixins.json:ChunkBuilderBuiltChunkRebuildTaskMixin from mod fabric-renderer-indigo->@Inject::hookChunkBuild(FFFLnet/minecraft/client/renderer/SectionBufferBuilderPack;Lorg/spongepowered/asm/mixin/injection/callback/CallbackInfoReturnable;Lnet/minecraft/client/renderer/chunk/SectionRenderDispatcher$RenderSection$RebuildTask$CompileResults;ILnet/minecraft/core/BlockPos;Lnet/minecraft/core/BlockPos;Lnet/minecraft/client/renderer/chunk/VisGraph;Lnet/minecraft/client/renderer/chunk/RenderChunkRegion;Lcom/mojang/blaze3d/vertex/PoseStack;Ljava/util/Set;Lnet/minecraft/util/RandomSource;Lnet/minecraft/client/renderer/block/BlockRenderDispatcher;)V has 0 override(s) in child classes
[04:30:24] [Render thread/DEBUG] (FabricLoader/Mixin) fabric-renderer-indigo.mixins.json:ChunkBuilderBuiltChunkRebuildTaskMixin from mod fabric-renderer-indigo->@Inject::hookChunkBuild(FFFLnet/minecraft/client/renderer/SectionBufferBuilderPack;Lorg/spongepowered/asm/mixin/injection/callback/CallbackInfoReturnable;Lnet/minecraft/client/renderer/chunk/SectionRenderDispatcher$RenderSection$RebuildTask$CompileResults;ILnet/minecraft/core/BlockPos;Lnet/minecraft/core/BlockPos;Lnet/minecraft/client/renderer/chunk/VisGraph;Lnet/minecraft/client/renderer/chunk/RenderChunkRegion;Lcom/mojang/blaze3d/vertex/PoseStack;Ljava/util/Set;Lnet/minecraft/util/RandomSource;Lnet/minecraft/client/renderer/block/BlockRenderDispatcher;)V won't be passed a CallbackInfoReturnable as a result
[04:30:24] [Render thread/DEBUG] (FabricLoader/Mixin) fabric-renderer-indigo.mixins.json:ChunkBuilderBuiltChunkRebuildTaskMixin from mod fabric-renderer-indigo->@Inject::hookRebuildChunkReturn(Lorg/spongepowered/asm/mixin/injection/callback/CallbackInfoReturnable;)V doesn't use it's CallbackInfoReturnable
[04:30:24] [Render thread/DEBUG] (FabricLoader/Mixin) fabric-renderer-indigo.mixins.json:ChunkBuilderBuiltChunkRebuildTaskMixin from mod fabric-renderer-indigo->@Inject::hookRebuildChunkReturn(Lorg/spongepowered/asm/mixin/injection/callback/CallbackInfoReturnable;)V has 0 override(s) in child classes
[04:30:24] [Render thread/DEBUG] (FabricLoader/Mixin) fabric-renderer-indigo.mixins.json:ChunkBuilderBuiltChunkRebuildTaskMixin from mod fabric-renderer-indigo->@Inject::hookRebuildChunkReturn(Lorg/spongepowered/asm/mixin/injection/callback/CallbackInfoReturnable;)V won't be passed a CallbackInfoReturnable as a result
[04:30:24] [Netty Server IO #1/DEBUG] (ServerPlayNetworkAddon for literal{Player674}[style={clickEvent=ClickEvent{action=SUGGEST_COMMAND, value='/tell Player674 '},hoverEvent=TypedHoverEvent[action=<action show_entity>, value=net.minecraft.network.chat.HoverEvent$EntityTooltipInfo@f0564aed],insertion=Player674}]) Handling inbound packet from channel with name "minecraft:register"
[04:30:25] [Render thread/DEBUG] (FabricLoader/Mixin) Mixing ChunkRendererRegionBuilderMixin from fabric-block-view-api-v2.client.mixins.json into net.minecraft.client.renderer.chunk.RenderRegionCache
[04:30:25] [Render thread/DEBUG] (FabricLoader/Mixin) fabric-block-view-api-v2.client.mixins.json:ChunkRendererRegionBuilderMixin from mod fabric-block-view-api-v2->@Inject::createDataMap(Lnet/minecraft/world/level/Level;Lnet/minecraft/core/BlockPos;Lnet/minecraft/core/BlockPos;ILorg/spongepowered/asm/mixin/injection/callback/CallbackInfoReturnable;IIII[[Lnet/minecraft/client/renderer/chunk/RenderRegionCache$ChunkInfo;)V does use it's CallbackInfoReturnable
[04:30:25] [Render thread/DEBUG] (FabricLoader/Mixin) fabric-block-view-api-v2.client.mixins.json:ChunkRendererRegionBuilderMixin from mod fabric-block-view-api-v2->@Inject::createDataMap(Lnet/minecraft/world/level/Level;Lnet/minecraft/core/BlockPos;Lnet/minecraft/core/BlockPos;ILorg/spongepowered/asm/mixin/injection/callback/CallbackInfoReturnable;IIII[[Lnet/minecraft/client/renderer/chunk/RenderRegionCache$ChunkInfo;)V does use it's CallbackInfoReturnable
[04:30:25] [Server thread/INFO] (net.minecraft.client.server.IntegratedServer) Saving and pausing game...
[04:30:25] [Server thread/INFO] (net.minecraft.server.MinecraftServer) Saving chunks for level 'ServerLevel[新的世界]'/minecraft:overworld
[04:30:25] [Server thread/INFO] (net.minecraft.server.MinecraftServer) Saving chunks for level 'ServerLevel[新的世界]'/minecraft:the_end
[04:30:25] [Server thread/INFO] (net.minecraft.server.MinecraftServer) Saving chunks for level 'ServerLevel[新的世界]'/minecraft:the_nether
[04:31:33] [Netty Server IO #1/DEBUG] (ServerPlayNetworkAddon for literal{Player674}[style={clickEvent=ClickEvent{action=SUGGEST_COMMAND, value='/tell Player674 '},hoverEvent=TypedHoverEvent[action=<action show_entity>, value=net.minecraft.network.chat.HoverEvent$EntityTooltipInfo@f0564aed],insertion=Player674}]) Handling inbound packet from channel with name "depression:mental_trait_packet"
[04:31:33] [Server thread/DEBUG] (FabricLoader/Mixin) Mixing FarmerWorkTaskAccessor from fabric-content-registries-v0.mixins.json into net.minecraft.world.entity.ai.behavior.WorkAtComposter
[04:31:33] [Server thread/DEBUG] (FabricLoader/Mixin) Renaming @Accessor method fabric_setCompostables(Ljava/util/List;)V to fabric_setCompostables$fabric-content-registries-v0_$md$2e53f5$0 in fabric-content-registries-v0.mixins.json:FarmerWorkTaskAccessor from mod fabric-content-registries-v0
[04:31:33] [Server thread/DEBUG] (FabricLoader/Mixin) Renaming @Accessor method fabric_getCompostable()Ljava/util/List; to fabric_getCompostable$fabric-content-registries-v0_$md$2e53f5$1 in fabric-content-registries-v0.mixins.json:FarmerWorkTaskAccessor from mod fabric-content-registries-v0
[04:31:33] [Server thread/DEBUG] (FabricLoader/Mixin) Mixing GiveGiftsToHeroTaskAccessor from fabric-content-registries-v0.mixins.json into net.minecraft.world.entity.ai.behavior.GiveGiftToHero
[04:31:33] [Server thread/DEBUG] (FabricLoader/Mixin) Renaming @Accessor method fabric_getGifts()Ljava/util/Map; to fabric_getGifts$fabric-content-registries-v0_$md$2e53f5$0 in fabric-content-registries-v0.mixins.json:GiveGiftsToHeroTaskAccessor from mod fabric-content-registries-v0
[04:31:33] [Server thread/DEBUG] (io.netty.util.internal.ThreadLocalRandom) -Dio.netty.initialSeedUniquifier: 0x3cd49f418cc076c5
[04:31:33] [Netty Local Client IO #0/DEBUG] (ClientPlayNetworkAddon for Player674) Handling inbound packet from channel with name "depression:emotion_packet"
[04:31:33] [Netty Local Client IO #0/DEBUG] (ClientPlayNetworkAddon for Player674) Handling inbound packet from channel with name "depression:mental_health_packet"
[04:31:33] [Render thread/INFO] (net.minecraft.advancements.AdvancementTree) Loaded 3 advancements
[04:31:33] [Render thread/DEBUG] (FabricLoader/Mixin) Mixing ChunkRendererRegionMixin from fabric-block-view-api-v2.client.mixins.json into net.minecraft.client.renderer.chunk.RenderChunkRegion
[04:31:33] [Render thread/DEBUG] (FabricLoader/Mixin) Mixing ChunkRendererRegionMixin from fabric-rendering-data-attachment-v1.client.mixins.json into net.minecraft.client.renderer.chunk.RenderChunkRegion
[04:31:33] [Render thread/DEBUG] (FabricLoader/Mixin) Mixing ChunkRendererRegionMixin from fabric-renderer-indigo.mixins.json into net.minecraft.client.renderer.chunk.RenderChunkRegion
[04:31:34] [Render thread/DEBUG] (com.mojang.blaze3d.systems.RenderSystem) Growing IndexBuffer: Old limit 0, new limit 144.
[04:31:34] [Netty Local Client IO #0/DEBUG] (ClientPlayNetworkAddon for Player674) Handling inbound packet from channel with name "depression:emotion_packet"
[04:31:34] [Netty Local Client IO #0/DEBUG] (ClientPlayNetworkAddon for Player674) Handling inbound packet from channel with name "depression:mental_health_packet"
[04:31:35] [Render thread/DEBUG] (com.mojang.blaze3d.vertex.BufferBuilder) Needed to grow BufferBuilder buffer: Old size 1536 bytes, new size 3072 bytes.
[04:31:35] [Render thread/DEBUG] (com.mojang.blaze3d.vertex.BufferBuilder) Needed to grow BufferBuilder buffer: Old size 3072 bytes, new size 6144 bytes.
[04:31:35] [Netty Local Client IO #0/DEBUG] (ClientPlayNetworkAddon for Player674) Handling inbound packet from channel with name "depression:emotion_packet"
[04:31:35] [Netty Local Client IO #0/DEBUG] (ClientPlayNetworkAddon for Player674) Handling inbound packet from channel with name "depression:mental_health_packet"
[04:31:36] [Render thread/DEBUG] (FabricLoader/Mixin) Mixing ModelPredicateProviderRegistryAccessor from fabric-object-builder-v1.client.mixins.json into net.minecraft.client.renderer.item.ItemProperties
[04:31:36] [Render thread/DEBUG] (FabricLoader/Mixin) Renaming @Invoker method callRegister(Lnet/minecraft/resources/ResourceLocation;Lnet/minecraft/client/renderer/item/ClampedItemPropertyFunction;)Lnet/minecraft/client/renderer/item/ClampedItemPropertyFunction; to callRegister$fabric-object-builder-api-v1_$md$2e53f5$0 in fabric-object-builder-v1.client.mixins.json:ModelPredicateProviderRegistryAccessor from mod fabric-object-builder-api-v1
[04:31:36] [Render thread/DEBUG] (FabricLoader/Mixin) Mixing ModelPredicateProviderRegistrySpecificAccessor from fabric-object-builder-v1.client.mixins.json into net.minecraft.client.renderer.item.ItemProperties
[04:31:36] [Render thread/DEBUG] (FabricLoader/Mixin) Renaming @Invoker method callRegister(Lnet/minecraft/world/item/Item;Lnet/minecraft/resources/ResourceLocation;Lnet/minecraft/client/renderer/item/ClampedItemPropertyFunction;)V to callRegister$fabric-object-builder-api-v1_$md$2e53f5$1 in fabric-object-builder-v1.client.mixins.json:ModelPredicateProviderRegistrySpecificAccessor from mod fabric-object-builder-api-v1
[04:31:36] [Render thread/DEBUG] (com.mojang.blaze3d.vertex.BufferBuilder) Needed to grow BufferBuilder buffer: Old size 6144 bytes, new size 12288 bytes.
[04:31:36] [Render thread/DEBUG] (com.mojang.blaze3d.vertex.BufferBuilder) Needed to grow BufferBuilder buffer: Old size 12288 bytes, new size 24576 bytes.
[04:31:36] [Render thread/DEBUG] (com.mojang.blaze3d.vertex.BufferBuilder) Needed to grow BufferBuilder buffer: Old size 24576 bytes, new size 49152 bytes.
[04:31:36] [Netty Local Client IO #0/DEBUG] (ClientPlayNetworkAddon for Player674) Handling inbound packet from channel with name "depression:emotion_packet"
[04:31:36] [Netty Local Client IO #0/DEBUG] (ClientPlayNetworkAddon for Player674) Handling inbound packet from channel with name "depression:mental_health_packet"
[04:31:37] [Worker-Main-9/DEBUG] (FabricLoader/Mixin) Mixing ChunkNoiseSamplerMixin from fabric-biome-api-v1.mixins.json into net.minecraft.world.level.levelgen.NoiseChunk
[04:31:37] [Worker-Main-9/DEBUG] (FabricLoader/Mixin) fabric-biome-api-v1.mixins.json:ChunkNoiseSamplerMixin from mod fabric-biome-api-v1->@Inject::init(ILnet/minecraft/world/level/levelgen/RandomState;IILnet/minecraft/world/level/levelgen/NoiseSettings;Lnet/minecraft/world/level/levelgen/DensityFunctions$BeardifierOrMarker;Lnet/minecraft/world/level/levelgen/NoiseGeneratorSettings;Lnet/minecraft/world/level/levelgen/Aquifer$FluidPicker;Lnet/minecraft/world/level/levelgen/blending/Blender;Lorg/spongepowered/asm/mixin/injection/callback/CallbackInfo;)V doesn't use it's CallbackInfo
[04:31:37] [Worker-Main-9/DEBUG] (FabricLoader/Mixin) fabric-biome-api-v1.mixins.json:ChunkNoiseSamplerMixin from mod fabric-biome-api-v1->@Inject::init(ILnet/minecraft/world/level/levelgen/RandomState;IILnet/minecraft/world/level/levelgen/NoiseSettings;Lnet/minecraft/world/level/levelgen/DensityFunctions$BeardifierOrMarker;Lnet/minecraft/world/level/levelgen/NoiseGeneratorSettings;Lnet/minecraft/world/level/levelgen/Aquifer$FluidPicker;Lnet/minecraft/world/level/levelgen/blending/Blender;Lorg/spongepowered/asm/mixin/injection/callback/CallbackInfo;)V has 0 override(s) in child classes
[04:31:37] [Worker-Main-9/DEBUG] (FabricLoader/Mixin) fabric-biome-api-v1.mixins.json:ChunkNoiseSamplerMixin from mod fabric-biome-api-v1->@Inject::init(ILnet/minecraft/world/level/levelgen/RandomState;IILnet/minecraft/world/level/levelgen/NoiseSettings;Lnet/minecraft/world/level/levelgen/DensityFunctions$BeardifierOrMarker;Lnet/minecraft/world/level/levelgen/NoiseGeneratorSettings;Lnet/minecraft/world/level/levelgen/Aquifer$FluidPicker;Lnet/minecraft/world/level/levelgen/blending/Blender;Lorg/spongepowered/asm/mixin/injection/callback/CallbackInfo;)V won't be passed a CallbackInfo as a result
[04:31:37] [Worker-Main-9/DEBUG] (FabricLoader/Mixin) fabric-biome-api-v1.mixins.json:ChunkNoiseSamplerMixin from mod fabric-biome-api-v1->@Inject::createMultiNoiseSampler(Lnet/minecraft/world/level/levelgen/NoiseRouter;Ljava/util/List;Lorg/spongepowered/asm/mixin/injection/callback/CallbackInfoReturnable;)V does use it's CallbackInfoReturnable
[04:31:37] [Netty Local Client IO #0/DEBUG] (ClientPlayNetworkAddon for Player674) Handling inbound packet from channel with name "depression:emotion_packet"
[04:31:37] [Netty Local Client IO #0/DEBUG] (ClientPlayNetworkAddon for Player674) Handling inbound packet from channel with name "depression:mental_health_packet"
[04:31:37] [Netty Local Client IO #0/DEBUG] (ClientPlayNetworkAddon for Player674) Handling inbound packet from channel with name "depression:nearby_block_heal_packet"
[04:31:37] [Netty Local Client IO #0/DEBUG] (ClientPlayNetworkAddon for Player674) Handling inbound packet from channel with name "depression:nearby_block_heal_packet"
[04:31:38] [Server thread/INFO] (net.minecraft.client.server.IntegratedServer) Saving and pausing game...
[04:31:38] [Server thread/INFO] (net.minecraft.server.MinecraftServer) Saving chunks for level 'ServerLevel[新的世界]'/minecraft:overworld
[04:31:38] [Server thread/INFO] (net.minecraft.server.MinecraftServer) Saving chunks for level 'ServerLevel[新的世界]'/minecraft:the_end
[04:31:38] [Server thread/INFO] (net.minecraft.server.MinecraftServer) Saving chunks for level 'ServerLevel[新的世界]'/minecraft:the_nether
[04:31:39] [Netty Local Client IO #0/DEBUG] (ClientPlayNetworkAddon for Player674) Handling inbound packet from channel with name "depression:emotion_packet"
[04:31:39] [Netty Local Client IO #0/DEBUG] (ClientPlayNetworkAddon for Player674) Handling inbound packet from channel with name "depression:mental_health_packet"
[04:31:40] [Netty Local Client IO #0/DEBUG] (ClientPlayNetworkAddon for Player674) Handling inbound packet from channel with name "depression:emotion_packet"
[04:31:40] [Netty Local Client IO #0/DEBUG] (ClientPlayNetworkAddon for Player674) Handling inbound packet from channel with name "depression:mental_health_packet"
[04:31:40] [Server thread/INFO] (net.minecraft.client.server.IntegratedServer) Saving and pausing game...
[04:31:40] [Server thread/INFO] (net.minecraft.server.MinecraftServer) Saving chunks for level 'ServerLevel[新的世界]'/minecraft:overworld
[04:31:40] [Server thread/INFO] (net.minecraft.server.MinecraftServer) Saving chunks for level 'ServerLevel[新的世界]'/minecraft:the_end
[04:31:40] [Server thread/INFO] (net.minecraft.server.MinecraftServer) Saving chunks for level 'ServerLevel[新的世界]'/minecraft:the_nether
[04:31:41] [Server thread/INFO] (net.minecraft.server.network.ServerGamePacketListenerImpl) Player674 lost connection: Disconnected
[04:31:41] [Server thread/INFO] (net.minecraft.server.MinecraftServer) Player674 left the game
[04:31:41] [Server thread/INFO] (net.minecraft.server.network.ServerCommonPacketListenerImpl) Stopping singleplayer server as player logged out
[04:31:41] [Server thread/INFO] (net.minecraft.server.MinecraftServer) Stopping server
[04:31:41] [Server thread/INFO] (net.minecraft.server.MinecraftServer) Saving players
[04:31:41] [Server thread/INFO] (net.minecraft.server.MinecraftServer) Saving worlds
[04:31:41] [Server thread/INFO] (net.minecraft.server.MinecraftServer) Saving chunks for level 'ServerLevel[新的世界]'/minecraft:overworld
[04:31:42] [Server thread/INFO] (net.minecraft.server.MinecraftServer) Saving chunks for level 'ServerLevel[新的世界]'/minecraft:the_end
[04:31:42] [Server thread/INFO] (net.minecraft.server.MinecraftServer) Saving chunks for level 'ServerLevel[新的世界]'/minecraft:the_nether
[04:31:42] [Server thread/INFO] (net.minecraft.server.MinecraftServer) ThreadedAnvilChunkStorage (新的世界): All chunks are saved
[04:31:42] [Server thread/INFO] (net.minecraft.server.MinecraftServer) ThreadedAnvilChunkStorage (DIM1): All chunks are saved
[04:31:42] [Server thread/INFO] (net.minecraft.server.MinecraftServer) ThreadedAnvilChunkStorage (DIM-1): All chunks are saved
[04:31:42] [Server thread/INFO] (net.minecraft.server.MinecraftServer) ThreadedAnvilChunkStorage: All dimensions are saved
[04:31:43] [Render thread/INFO] (net.minecraft.client.Minecraft) Stopping!
